:10C000006F0062720000000000180118002801286B
:10C0100002280328002901290229032904290529C6
:10C02000062907290829002A012A022A032A042AA4
:10C03000052AA62A80CE02009EDE0000D40200203F
:10C040003E030020C00200208E0200201C020020BF
:10C0500086E00000CEE0000074E2000000E5000091
:10C06000ECE50000FCDC0000BADB00007CDC00003A
:10C070000CDC0000DCEB0000CE0400205CE00000E3
:10C08000A8E800001A840200128602008A860200D4
:10C0900098440200CC440200A0FA0100E0EF010045
:10C0A000CE7D0200DEE80000364C0200568B010017
:10C0B000E48B01003C8C01007CF40000C8F400001B
:10C0C00032F300007E4701003842010014510100A4
:10C0D000E4540100905801006A3401000834010062
:10C0E000F0370100B6340100DE3301006234010094
:10C0F000903301003A3501009235010042350100CC
:10C1000046350100E03501009A350100CC350100CB
:10C11000E63A0100EA3A0100363501003E350100F9
:10C12000DE350100E83A01008E360100583C01007E
:10C13000D86601005667010094670100E2490100DA
:10C14000FA490100364A0100422E0100602F010029
:10C15000D62F010052130100F80D010058240100F0
:10C16000760E0100BC1F0100C0AE020038A702001D
:10C17000F4AB02002CC3020012C202009EC50200F2
:10C180008EC5020096C50200D6C50200A89802001E
:10C19000000000000000000000000000000000009F
:10C1A00046C602000EC00200C4BF0200000000002C
:10C1B000000000000000000000000000000000007F
:10C1C00038670200CE5402006E5802002C5602005E
:10C1D000B66002009E7E02006C7D0200DC980200C8
:10C1E0007AED000008460200164C02000E4D0200D7
:10C1F000000000000000000000000000DE4D010013
:10C2000010660200000000000000000000000000B6
:10C210007E540200DE060020F4460200C2C5020081
:10C22000000000000000000092C502008CE4000045
:10C23000344B0100CAC502002E680200FC680200EF
:10C24000766902005AAC0200C6C50200CEC50200E3
:10C250006CEF0100D2C502002A110020FC1700205B
:10C260003AAC0200E0AD0200DE6602000000000011
:10C2700000000000000000000000000000000000BE
:10C280006373B60082801C419105110523AEF5FE53
:10C29000C5BFB727002037270020938707951307CE
:10C2A000C7EC6373F700828023A007009107D5BF16
:10C2B0004111B7E700E022C480433707200006C6DB
:10C2C000798C23A0E7180F10000011C199E5B7E79A
:10C2D00000E023A08710014545A893073500C20759
:10C2E000C183F19BC207C183130740036366F70252
:10C2F00037270020032507A737270020832687A696
:10C300006391A60237270020032707B069D3C2072D
:10C31000DD8D0545029765BF372700200325C7A699
:10C32000E1BF035765002DE7035745006362F70639
:10C33000B72600203306F7402148938686A7637806
:10C34000C8028328050003D86600138687001D8F66
:10C350002A9661172312E6002320160123130600F4
:10C3600010C12312F500130788FF2393E60023135F
:10C37000B50083D566002105B387F5402393F60009
:10C38000B7E700E023A08710B24022444101828039
:10C390000841BDB7B7E700E003A807003707200052
:10C3A00023A0E7183378E8000F10000001E523A070
:10C3B00007118280B727002003AE07A7B727002008
:10C3C00003A387A68146F28763FC670A83A8070058
:10C3D000636BF50A63E9A80A138787006362E50ABD
:10C3E00003D66700216705076319E600372600209A
:10C3F0000347469D0507230AE69C372600201305C0
:10C4000086A783D5470003576500239307001306CB
:10C4100086A72E97420741832313E5006387C7034E
:10C42000372500200325C5A66301F50203D5660064
:10C4300009ED83D7460023A016012107BE95A1056B
:10C440002392B6002313E600B6879843630A670277
:10C45000B726002083A6C6A66304D70283566700CA
:10C4600085E283D64700835547001843A106AE9660
:10C470002392D70098C383576600A1072313F600C1
:10C48000B7E700E02DB7BE86C6873DBFB7E700E03F
:10C490009843B706200023A0D718758F0F1000000F
:10C4A00001C599C1814711E6B7E700E023A0E71075
:10C4B0008280B386F50003C80600B306F500850741
:10C4C00023800601E317F6FEC5B737E700E01C43FB
:10C4D000B70620002320D718F58F0F10000019C1D0
:10C4E00091C111E637E700E02320F7108280910523
:10C4F00003A7C5FF11057D16232EE5FEDDB737E73F
:10C5000000E01C43B70620002320D718F58F0F103A
:10C51000000001C53307C50011E637E700E023201E
:10C52000F71082800505A30FB5FEE31DE5FEF5B704
:10C5300081473307F5000307070019E33E85828032
:10C540008507C5BF37E700E01C43B706200023205E
:10C55000D718F58F0F10000001C599C1014711EAE6
:10C5600037E700E02320F710054582800507E3093F
:10C57000E6FE3308E500B386E5000348080083C6FD
:10C580000600E305D8FE37E700E02320F710014559
:10C5900082809307F6FFBE952A966313C5008280BA
:10C5A000FD1583C715000505A30FF5FEFDB7AA8786
:10C5B000014581CF09CE3E96850703C7F7FF631774
:10C5C000B700E39BC7FE05458280828001458280DB
:10C5D00079714AD03729002022D40324C9AC06D669
:10C5E00026D24ECE52CC56CA5AC85EC662C45DC46C
:10C5F000372A0020B7290020B7240020814BB72A12
:10C60000002037CBC901130A0AAD938989A7938407
:10C61000C4B18357240099EF5C44639A0B0023262E
:10C62000F9AC032CC4002285B5336284A9A823A6E3
:10C63000FB00C5BF83A74AAC82971C443307F54073
:10C640006375F500D8401D8F2A979306FB3763EB7F
:10C65000E60623A80900835524000345040097E05B
:10C6600000E0E78080C95C405844A9C70C44D04032
:10C67000AE97BE8663E4B70063E4C700B386C740E5
:10C6800014C4A28B3A8451F4B7270020938787A75C
:10C69000984B894663FBE606791798CBB250225433
:10C6A00092540259F249624AD24A424BB24B224C4E
:10C6B0004561828063950B002326E9AC9DB723A6D4
:10C6C000EB0085B703274A021DCB63EDA702338534
:10C6D000A7408347040091EF03477A01D4405917DC
:10C6E000B307A7003E8563E4E70063E4D700338522
:10C6F000D74083A709016374F50023A8A900A28B82
:10C70000404451B7D840BA97D9B723A8070079B7A2
:10C71000B727002003A747B1411122C406C63E84B3
:10C7200011C30297B727002083C727AC93F7F70FF1
:10C7300099E3232A04B0B2402244410182800111CE
:10C740004EC6B729002083A749AA06CE22CC26CA06
:10C750004AC852C456C281C7829723A209AAB724E5
:10C760000020938744DC83C757003724002093843C
:10C7700044DC858B130444AA81CF83C77400194716
:10C780006316F70EA3820400EF0090675C44829763
:10C790001C4491C382973724002037290020930737
:10C7A00084A7032789AC03C61700130A84A783470D
:10C7B00084A793961700BA9683D60600F9C28347DA
:10C7C00084A763E8C70C83A749AA230C04A6639433
:10C7D0000712B727002083A747AC638E0710B7273F
:10C7E000002083A707B22328FA00DD3383C7B400F3
:10C7F0006393071083C7940081CF83C7740093F7B6
:10C80000F70F99E7A3840400974002E0E7806038BF
:10C81000B727002083A747AFF9CF83270A01E1CFCD
:10C8200083C7740015476368F70CB7270020938708
:10C8300007E183C7C700918BDDEFB727002083C7CF
:10C8400027AC93F7F70FC5EB83461A00032689AC94
:10C8500063CCD70A6244F240D2444249B249224AE8
:10C86000924A056117E300E06700830783C77400FD
:10C870001D47E31FF7F0A3820400EF0070581C4827
:10C8800039B7850793F7F70F230CF4A6E3E1C7F256
:10C890003DB786073E9783550700231007000345E1
:10C8A00084A7B727002083A707AA13172500B72A54
:10C8B0000020BA979C4323900AAC829783D70AAC96
:10C8C000034784A793C7F7FF7D8D931717000327AE
:10C8D00089AC3E97835707005D8D2310A7008347DF
:10C8E00084A781C78507230CF4A6034784A7834741
:10C8F0001A00E37AF7ECF2406244D2444249B2496A
:10C90000224A924A05618280139717003297035793
:10C91000070075F385072DBF37C700408326C72062
:10C92000B707FCFFFD17F58F2326F7200100010054
:10C93000B7270020938787A7C84F832787262326FA
:10C94000D7206A0593C7F7FF99835D8D8280B7274B
:10C95000002003A307B36303030002831305F00F52
:10C96000828003278511630207120346E50485468A
:10C97000630E0610411122C406C68347C5002A84EF
:10C9800093F7C70F2306F500834597000358C700A8
:10C99000139585016185637F060763580506034586
:10C9A000870093F5F507A304B70093E52700631408
:10C9B000D50093E517002306B4005C4389075CC3E8
:10C9C000A30AC400032504114C430905C13483277D
:10C9D000841103465401D44303D7C700B296118F84
:10C9E000D4C32396E7008947A30DF400B72700209E
:10C9F0000347640383C727AE6377F7048347C40004
:10CA000093E707012306F4003DA893E717002306E8
:10CA1000F4007DB71376F80F635D050203458700C8
:10CA200093E527006314D50093E517002306B400AF
:10CA3000A30AC400A30407008547A30DF4008327BD
:10CA400084119C43C5F7B24022448146368541019A
:10CA5000828093E717002306F400A30AC400A3040E
:10CA60000700032504114C4342860905053483273A
:10CA7000841103465401D44303D7C700B296118FE3
:10CA8000D4C32396E7008D474DBF85463685828007
:10CA9000B727002083A7C7DA411122C406C6858BB9
:10CAA0002A84DDEB4165130525F5970002E0E78058
:10CAB00060085DC18347A5002315F5008327041294
:10CAC000B5E72320A4122322A41285472311F404DE
:10CAD000232005008347640154412316F5000347D2
:10CAE000D4002304E5000547A304E5003727002010
:10CAF000032787DE1385170215811C437D151375E7
:10CB0000F50F9CC25C43DCC21C479CC65C47DCC67C
:10CB10001C4B9CCA5C4BDCCA1C4F9CCE5C4FDCCED1
:10CB200019CD9386060213070702C1BF832744125B
:10CB300088C3835724042322A412850741BFB72743
:10CB40000020938787C803D7870005072394E70051
:10CB5000B2402244410182808347C400230904007B
:10CB6000054593C747002306F400DDB783478501D9
:10CB700093F7E70FDDEB83479501C5EB03462501EE
:10CB80008346C50009CA372700208345650303474C
:10CB900037AE63E7E50013F7060149CB014709C645
:10CBA000C18A0357E51881C68356251936973DCFAC
:10CBB000B727002003D547B21307C71237460F0027
:10CBC000B335A702411113060624814622C426C2AA
:10CBD00006C67D543305A70297C002E0E780E0E275
:10CBE000B727002083C777AEB384A700B7270020FC
:10CBF00003A787D18327070963F387003E8418437F
:10CC000075FBB727002083A747AC829781476364F1
:10CC1000A400B307A440B2402244B3B7970093C71F
:10CC2000170092443E854101828081473E85828083
:10CC3000B727002003A7C7DE3C5BFDFF0100010012
:10CC40008280011122CC4AC84EC606CE26CA52C4E2
:10CC500056C25AC00347B50085472A842E898329C6
:10CC60000509631BF72483570508835AC503372A30
:10CC70000020130ACAB163F7572183460501639365
:10CC8000E62003278511631F071E0327450A631B40
:10CC9000071E8346F5001D476396E61E03471401F1
:10CCA000B38AFA4013950A01418121CF9377170087
:10CCB00099CB8357E40583560404958F63D5A70069
:10CCC0001395070141819377270099CB8357E4128D
:10CCD00083560404958F63D5A700139507014181FE
:10CCE0009377070199CB8357C41483560404958F17
:10CCF00063D5A700139507014181218B11E311E151
:10CD000005450357A4039307204E832444093305A4
:10CD1000A702035B8A0037460F00814613060624EC
:10CD20003305F502B727002083C767AEB3549502D9
:10CD3000B335AB02BE94C204C180231394083305FB
:10CD4000AB0297C002E0E78040CCB307350133B5B2
:10CD5000A7002E953E8783264A0019E163E4D70099
:10CD60003387D740B3846403B7460F009387F62315
:10CD7000938606242320E900A697B3D7D702D69737
:10CD8000636CF70E1D8F2320E900B729002083A7CD
:10CD900049AC83240900829763E3A4123385A4403D
:10CDA0006350050C83A749AC372B0020130BCBB184
:10CDB000829703270900636AE510198D8357E403FE
:10CDC00003578B008E07B387E70213070032938760
:10CDD0000719B3D7E70263EFA70E374A0F00930A8C
:10CDE000FA23130A0A248357040485072310F40442
:10CDF0008347041499E32285AD2A228597F001E048
:10CE0000E78040FA6DE5832604098327C4080327D9
:10CE10004B00B6973E8563E4D70063E4E7003385B3
:10CE2000E7408347F401835464082328A408850756
:10CE3000A30FF40083578B00B384F402D694B3D4C9
:10CE400044036365950CB304954083A749AC232044
:10CE50009900829763E0A40C3385A440E34505F86C
:10CE6000B727002083C777AE63E4A708B727002061
:10CE700023A087D20145ADA883264A00B387F64098
:10CE80003E9711B783578A0003576408B7460F00CF
:10CE90003307F7029387F6233E9793870624B35709
:10CEA000F70263E7F900B387F9402320F900F1BDE9
:10CEB00003274A00BA99C5BF23A03501F9B5B727A2
:10CEC000002083A707B2BE94D1BD83274B00998F62
:10CED0003E95EDB5A145228597F001E0E780A0E5FC
:10CEE000A305A402B727002083A707B081EF7D55D3
:10CEF000F2406244D2444249B249224A924A024B29
:10CF000005618280894515458297D5B7B30497405E
:10CF1000AA9425BF83274B00BE943DBF31C90111A0
:10CF20006C0022CC06CE2A84293B15CDFD57630226
:10CF3000F50237270020B247834577AE63EFB7008D
:10CF400003459402B385B7402EC697D000E0E78032
:10CF5000C051F240624405618280372700200327D8
:10CF600007B2BA97F1BF97F001E0E7802071D5B71B
:10CF70008280797126D206D622D44AD04ECE52CCA7
:10CF800056CA5AC85EC68347550303447513AA841C
:10CF90003E941374F40F9307400263F68700130462
:10CFA000B4FD1374F40F03AA841383AAC413A38BD0
:10CFB000841222865285D68597C002E0E78020A29F
:10CFC000058915E503CBD41201498149337B6403FC
:10CFD000930B50024A865285D68597C002E0E780BF
:10CFE00000A0058915C5639169031374F90F238B9C
:10CFF0008412B250225492540259F249624AD24ADF
:10D00000424BB24B456182808509E20993D989413F
:10D010000509E31179FDE1BF83278509035605045E
:10D02000797193D60701BD8EC206C182358E135722
:10D03000764093575640898B058B5D8F93573640CA
:10D04000918B5D8F93571640A18B5D8F93171600C0
:10D05000C18B5D8F9317360093F707025D8F93178F
:10D0600056009355860093F707041E065D8F1376CE
:10D07000F60F518F93D7554013D63540118A898BBF
:10D08000D18F13D67540D18F13D61540218AD18FF9
:10D0900013961500418AD18F139635001376060238
:10D0A000D18F13965500137606049E05D18F93F504
:10D0B000F50FCD8FA20745465D8F3307C70222D4F7
:10D0C0002A8426D252CC56CA032A8413832AC41334
:10D0D0005AC806D63697420741839357774013556F
:10D0E00057400989858BC98F135537401189C98FDE
:10D0F000135517402189C98F131517004189C98F0E
:10D100001315370013750502C98F13155700935572
:10D110008700137505041E07C98F1377F70FD98F82
:10D1200013D5354013D755401189098B498F13D535
:10D130007540498F13D515402189498F13951500E6
:10D140004189498F1395350013750502498F139551
:10D150005500137505049E05498F93F5F50F4D8F06
:10D160002207D98FB387C7024AD04ECE5EC662C4AB
:10D17000B697C207C18313D7774013D557400989A3
:10D18000058B498F13D537401189498F13D5174027
:10D190002189498F139517004189498F13953700CD
:10D1A00013750502498F1395570093D587001375A2
:10D1B00005049E07498F93F7F70FD98F13D5354094
:10D1C00013D755401189098B498F13D57540498F65
:10D1D00013D515402189498F139515004189498F31
:10D1E0001395350013750502498F13955500137576
:10D1F00005049E05498F93F5F50F4D8F2207D98FB2
:10D20000B387C702130650025285D685B697BD8EE6
:10D2100093940601C18033F6C402137BF60F97B0D6
:10D2200002E0E780C07B05890DED8347D4120149F8
:10D230008149B3849702130C5002C1804A865285FB
:10D24000D68597B002E0E78080790589937BF90F56
:10D2500011C563863403850993F9F90F0509E31FA6
:10D2600089FD230B6413B250225492540259F2499F
:10D27000624AD24A424BB24B224C456182805E8B5D
:10D28000CDB70111B727002022CC03A487D426CA2A
:10D290004AC84EC606CEAA8413092500854915C082
:10D2A00083C7140003473400858B6304F700405C98
:10D2B000FDB71946930544004A85EFF0AFA8E3187F
:10D2C00035FF2285F2406244D2444249B2490561A9
:10D2D00082804111B727002022C403A487D426C22C
:10D2E0004AC006C693042500054901E82285B240DC
:10D2F00022449244024941018280A6851305A4027A
:10D30000972002E0E78080B2E30225FF405CF1BF96
:10D310004111B727002022C403A487D426C24AC0E3
:10D3200006C693042500054901E82285B24022443F
:10D330009244024941018280A6851305A4019720E9
:10D3400002E0E780A0AEE30225FF405CF1BF0111DF
:10D35000B727002022CC03A407D426CA06CE2AC4AD
:10D360002EC6854419E40145F2406244D244056169
:10D3700082808347910003471400858B6304F70084
:10D380000044CDB719469305A10013052400EFF022
:10D390006F9BE31795FE0545C1BFB726002003A785
:10D3A00006DC01114AC81C5F4EC606CE998322CC0A
:10D3B00026CA858B3689B7290020ADCF9307000692
:10D3C000372400201CDF930744DC83C76700130762
:10D3D0000008930444DC6319F70083A7C9DB9C436E
:10D3E00093F707042383F400834744DC93F707048F
:10D3F00089CFB727002083A747AC8297C8CC834743
:10D4000044DC93F7F70B2302F4DC83C7440093F763
:10D4100007048DE38547A382F400B727002083A784
:10D42000C7DE3707020098C7130700FC2382E40019
:10D430009848F8D3032709DC1C5F9183858B95C33B
:10D440001C5F93E707011CDFB727002083A7C7DE17
:10D45000054723A20706B7270020938747DC2382CE
:10D46000E70083A7C9DBD8430583058B19C7D843D9
:10D47000759BD8C3D843799BD8C3F2406244D24449
:10D480004249B24905618280093F730020309317F9
:10D49000D50063DF0700B727002083A7C7DE7D57CD
:10D4A000B8D7B7270020938787A7D84F0507D8CFCD
:10D4B0009377850085CBB7270020938747DC03C788
:10D4C0002700136717002381E700130700F8238262
:10D4D000E700B727002003A707DC5C57F19B93E721
:10D4E00017005CD79377150085C7B727002093876F
:10D4F00047DC03C7170013671700A380E700B727AF
:10D50000002003A707DC5C57F19B93E717005CD76B
:10D51000937765008DC713774500B727002059CF53
:10D5200003C747DC136717002382E7DCB727002017
:10D5300003A707DC5C57F19B93E717005CD79317B1
:10D54000F50063D20702B7270020138787C88346F8
:10D550000707938787C8C18ABDCA8347070793E730
:10D5600007022308F7069317E50063D60702B727DB
:10D570000020938747DC03C7470062076187635534
:10D58000070005472382E700B727002083A7C7DEEF
:10D590003707020098C79317C50063D00702B72763
:10D5A0000020938787C803C71707058B29C303C7C4
:10D5B000170713672700A388E7068280938747DC55
:10D5C00003C7370013671700A381E70085B703C7B8
:10D5D000070789463D8B6308D70003C707078D46B9
:10D5E0003D8BE312D7F811472388E706ADBF03C789
:10D5F0001707118B79D303C717071367870065BF18
:10D60000B7270020B726002003A6C7DE938746DC95
:10D6100003C746DC058B11C723820700A3820700DE
:10D62000828003C71700058B65FB785275F303C72B
:10D630005700EDB737270020032807DC832788032E
:10D640009583858BC1E311C683270803BD8323001F
:10D65000F60085CA832707DC985B46079357670166
:10D660006356070093E707C0C207C183039706000C
:10D67000C207C18709C7BA970947B3C7E702239012
:10D68000F6009DCD8345150085CDB72700209387F3
:10D6900047DC83C7670013879500894593F7070424
:10D6A00085C33A95834705000547994593F6F706E4
:10D6B0006398E600E207E187814563D30700B94537
:10D6C0002E8582808545EDBF411122C406C626C243
:10D6D0004AC0372400205DE18326C4DE2E87FC5239
:10D6E000FDFFB7240020938744DC23810700B72780
:10D6F0000020938607ADD452938444DC138907AD90
:10D7000095C6B7E700E0B706200023A0D728B7F7F3
:10D7100000E083A607D1ED9A23A8D7D083A607D12E
:10D7200093E6860323A8D7D0730050103A85B285BC
:10D73000973002E0E7800033B727002083A707DC9B
:10D74000B70680009843558F98C3D857719BD8D798
:10D750008327C4DEA3820400A3800400094798C382
:10D76000832749029DCB37F700E0832707D193E752
:10D7700087002328F7D07300501005A08D4763144D
:10D78000F504B727002083A707DCB706800098437D
:10D79000558F98C3D857719BD8D78326C4DEB72737
:10D7A0000020938747DC03C72700058B19E703C7D1
:10D7B0003700058B51CF23820700B24022449244A8
:10D7C0000249410182808547E319F5FCB727002013
:10D7D000138707AD545395C6B7E700E0B70620009E
:10D7E00023A0D728B7F700E083A607D1ED9A23A896
:10D7F000D7D083A607D193E6860323A8D7D073009A
:10D8000050108326C4DE8177FD17D046F18FDCC629
:10D810000F1000008326C4DEB7070200930500F84E
:10D820009CC6B7270020938747DC2382B700B72721
:10D83000002083A707DC9C439D83858B99C79307B2
:10D840006019FCD2D0C65C5331BF9307E01BD5BF33
:10D85000F85231FB9DB7B727002083A7C7DE884762
:10D86000D847798D09C988C7B727002003A3C79D6A
:10D87000630303000283828037270020B72600203D
:10D88000138606DF130707E18347D7008345B601F8
:10D89000484AAE97FD8BB355F500A300F600A306EA
:10D8A000F700858995E903471701814613080002AF
:10D8B000B3F7E7020147B355E50085899378F70F81
:10D8C00089C96395D700A30016018280850693F667
:10D8D000F60F0507E31107FF8280B7270020938723
:10D8E00047DC83C7570093F7F70FD1EBB72700202A
:10D8F00083A747AC411122C44AC006C626C28297FC
:10D9000037290020930709E18047130909E16302E1
:10D91000A40663688504018DB7240020938704DF83
:10D9200083C7A70113545500938404DF6363F40491
:10D93000A13783C7A4010327890093965700369720
:10D940001D8C2324E900E375F4FE224403C5140072
:10D95000B2409244024981454101173302E0670019
:10D96000A37FB727002083A707B23384874022957F
:10D9700065B7B240224492440249410182808280CC
:10D98000B727002083A747AC011122CC26CA52C476
:10D9900006CE4AC84EC68297B7240020938704E17A
:10D9A0008047014A6301A406938404E16366850607
:10D9B000018D37270020930707DF83C7A701135482
:10D9C0005500137AF501130907DF636BF402B729D9
:10D9D00000209389C9B14D358346A90103A884006D
:10D9E00083A54900139756004297158C3A866364C5
:10D9F00007016364B7003306B74090C4E37DD4FCED
:10DA00001604336A4401F24062445285D2444249CA
:10DA1000B249224A05618280B727002083A707B256
:10DA200033848740229571B7B727002003A7C7DE4C
:10DA30008967938707F47CD3B727002083A707E47F
:10DA400083A60709139656006358060083A60709A4
:10DA500013966600634406007453FDF28280000052
:10DA6000EFE01FCB730000000000000097020000F1
:10DA70009382622C0383020023800200630F030061
:10DA8000F32510342EC0970500009385A5FD7390F3
:10DA90001534EFF05FDC7300203086DCEFF0BFDB85
:08DAA000E65082800000000046
:10DAA800B72700203727002083A707A7032787A6C3
:10DAB80001456313F700828083D6670081E683D629
:10DAC800470036959C43F5B7B727002083A507ADD7
:10DAD80037270020938707AD138605222328C7A67A
:10DAE80003D74700938785FFB72600204111BA97CF
:10DAF800056523A4F6A606C61D059356370063746C
:10DB0800E500930600203307D6003725002023269A
:10DB1800E5A623A0E522E1162312D600231306006A
:10DB28001CC3998FE1172312F700231307008D3FB9
:10DB3800B240B7270020239FA7A641018280B727BC
:10DB48000020B726002083A707A703A686A62A8752
:10DB5800B305B5406314F6003A8529A89386870073
:10DB68009C43E369D7FEE377F7FE2E85E3E4D5FE11
:10DB7800E3F2F5FE828023AC05FE1C4191E701002B
:10DB880001000CC18280BA8703A787FF6DFF23AC11
:10DB9800B7FE8280184183A785FF6319B7001CC1AF
:10DBA800FD5723AC05FE238FF5FE8280232CF6FE5D
:10DBB800C5BF411122C437E400E026C2044037073C
:10DBC800200006C6F98C2320E4180F10000009E98C
:10DBD800232094101545B24022449244410182808A
:10DBE8000347E5FF9307F00F6306F700232094101F
:10DBF8001145D5B79720FF1FE780805201452320A4
:10DC08009410D1BF411126C2B7E400E04AC003A96D
:10DC18000400B707200006C622C43379F90023A000
:10DC2800F4180F10000009E923A02411B24022447F
:10DC380092440249410182809565938505D0C98D3A
:10DC48002A842105C2054205C18141819720FF1F11
:10DC5800E780C03E01CDFD57232005002312850033
:10DC68002303F50023A024112105C9B723A02411FB
:10DC780001456DBF0111B7E700E04AC803A90700D5
:10DC88004EC63707200006CE22CC26CAAA89337989
:10DC9800E90023A0E7180F1000003725002003240F
:10DCA80045A78144014619E499E8A1654E85EF002E
:10DCB800B00431A88347E4FF6397370395C8A68566
:10DCC800130545A7C13D75D0A1654E854D2EF2407F
:10DCD8006244B7E700E023A0271126854249D244D1
:10DCE800B2490561828091E02286032484FF65BFE2
:10DCF800A284E5BF41114AC037E900E022C40324E9
:10DD080009003707200006C626C2798C2320E918A7
:10DD18000F10000089E523208910154515A0B727A5
:10DD2800002083C797A7AA842E8563F5F400894746
:10DD380063EE9700BD3DB7E700E023A087100D45CF
:10DD4800B2402244924402494101828083A785FF60
:10DD580099E703C7E5FF9307F00F6308F700913DC4
:10DD6800B7E700E023A087104DBF37250020238F99
:10DD780095FE130545A70135A165268509260145A8
:10DD88002320891075BFB727002023AA07A6828001
:10DD9800B727002083A7C7AC99E33E85828003D7C5
:10DDA80027006316B70003C70700E308A7FEDC4790
:10DDB800E5B7B9CD011106CE22CC26CA8147C146A6
:10DDC80033D7F540058B21C312053E9531473305FE
:10DDD800E50237270020832407B105443314F400F3
:10DDE8002EC642044180AA949C40C8408297B245FE
:10DDF80023A0040023A20400A18DF2406244D2446F
:10DE08002E85056182808507E39CD7FA0144EDB72A
:10DE18002E858280BDCD797122D406D626D24AD0ED
:10DE28004ECE01444147B3D78540858BB1CF12050B
:10DE3800314722953305E502B727002003A907B12A
:10DE48008544B3948400C204C180BE892A990327FB
:10DE5800090011C7032549002EC60297B24531476C
:10DE68003304E40283A709B13E941C4489E72320C4
:10DE7800090023220900B2502254A58D0259925458
:10DE8800F2492E85456182800504E31EE4F8814449
:10DE9800DDB72E8582804111B7E700E026C28443B2
:10DEA8003707200006C622C4F98C23A0E7180F10F4
:10DEB8000000B727002083A707AF372400201304EA
:10DEC800049291C782971C403E9508C031A0B7279D
:10DED800002083A747ACFDF70840B74703009387A6
:10DEE800D73F3305F502B7A72600938737ECB24032
:10DEF8003E9508C02244B7E700E023A0971092445B
:10DF08004101828001112E8626CAAA8413150601B2
:10DF18009305F004418122CC06CE32C69720FF1F1C
:10DF2800E780C0112A8419C53246A6859720FF1FAD
:10DF3800E780802E2285F2406244D24405618280C7
:10DF48007971B7E700E022D480433708200006D66D
:10DF580026D24AD04ECE52CC56CA5AC85EC662C4E1
:10DF68003374040123A007190F10000005E123A052
:10DF780087100945B250225492540259F249624A14
:10DF8800D24A424BB24B224C45618280B7270020CF
:10DF980083A747ACBA8A368AB28B2E8BAA89829716
:10DFA800B727002003A707B13E898144B146C1477E
:10DFB800338CD40233068701104241E6C16593854C
:10DFC80005F041459720FF1FE780400719EDB72767
:10DFD800002083A707B081C7814511458297B7E71D
:10DFE80000E023A087102D4571B7B727002003A7AD
:10DFF800C7AC21E723A6A7AC23000500832709B1F6
:10E00800054733179700232605002324750123119C
:10E01800E50023225501E29723A0370123A26701D7
:10E0280023A4570163040A0023009A00B7E700E01D
:10E0380023A0871001453DBF3E875C47F5FF48C7D1
:10E0480065BF8504E396F4F6B7E700E023A08710E0
:10E0580021450DB7B727002083A787B1411122C4F6
:10E0680006C637240020130484A789C782975C4812
:10E078003E9548C84848B240224441018280B7E7EB
:10E0880000E09843B706200023A0D718758F0F101B
:10E098000000B726002083C696A76372D5023726EC
:10E0A800002093161500032586AC36958356050087
:10E0B800D58D2310B50023A0E7100145828023A049
:10E0C800E7100D458280B7E700E09843B7062000C7
:10E0D80023A0D718758F0F100000B726002083C61D
:10E0E80096A76374D50237260020931615000325DA
:10E0F80086AC93C5F5FF369583560500F58D23103C
:10E10800B50023A0E7100145828023A0E7100D4544
:10E118008280011137E700E026CA0443B7062000D1
:10E1280006CE22CC4AC84EC652C4F58C2320D71836
:10E138000F100000130705FF1377F70FFD4763E281
:10E14800E70AB146B306D502B727002003A707B1EF
:10E1580036971C43D9C71359450005443D893315E3
:10E16800A400131405014180AE894A85A2850D31AA
:10E178002A8A39C9A2854A85B937B727002083A7D3
:10E1880047AC372900201309C9B182978357890002
:10E198002A848146B385370313060064B3B737036F
:10E1A80013850532B335B500BE95EFE0415EB30780
:10E1B80085003E878326490063E4A70063E4D7000F
:10E1C8003387D7402324EA00B7E700E023A097105D
:10E1D8000145F2406244D2444249B249224A0561AB
:10E1E8008280B7E700E023A097100945DDB7011149
:10E1F800B7E700E026CA84433707200006CE22CCC2
:10E208004AC84EC6F98C23A0E7180F100000BD4776
:10E2180063E8A70431473307E502B727002083A73F
:10E2280007B1BA979C438DCF05443314A400420428
:10E2380041802E890145A285A13EAA8911C5A285E2
:10E248000145513523A42901B7E700E023A0971021
:10E258000145F2406244D2444249B2490561828094
:10E26800B7E700E023A097100945E5B779714AD0D0
:10E2780037E900E026D283240900B707200006D634
:10E2880022D44ECE52CC56CA5AC85EC6FD8C232024
:10E29800F9180F100000B727002083C797A76378E5
:10E2A800F500B727002083AB47AC63970B00B7E7AF
:10E2B80000E023A0971099A0B72900209389C9B13D
:10E2C800AE8A03AB490083D58900B74736FE9387EA
:10E2D80007C83E9BB387C5022A84328A8146B3B5F4
:10E2E800C50213850732B337F50013060064BE95DF
:10E2F800EFE0E1496370AB02232099100145B25069
:10E30800225492540259F249624AD24A424BB24BC1
:10E3180045618280829B83D589002A89130600641F
:10E32800B38745038146B3B5450313850732B33731
:10E33800F500BE95EFE0A145B30725013E8903A787
:10E34800490063E4A70063E4E7003389E740D68522
:10E3580022853D3C09C923242501B7E700E023A015
:10E368009710054569BF936504F0C205C181414511
:10E378009720FF1FE78080CC11E9B727002083A7EB
:10E3880007B095D7A2851145829715B73727002082
:10E398008327C7AC95E32326A7AC8547232605002A
:10E3A800232425012311550123008500A300F5002E
:10E3B800232205005DB7BA87D84775FFC8C7F1BFE4
:10E3C8007971B7E700E026D284433707200006D6E4
:10E3D80022D44AD04ECE52CC56CA5AC85EC662C45F
:10E3E80066C26AC0F98C23A0E7180F1000002DC17F
:10E3F8004144B689B28A2E8A2A89B14C372B00202B
:10E40800054D130C0003B30B940303270BB15E9760
:10E418001C43A5E39375F400B315BD0013554440A0
:10E42800C2055686C1811375F50F893539C1832711
:10E438000BB1DE9723A0270123A2470163840900BB
:10E4480023808900B7E700E023A09710014521A0A9
:10E4580023A097100945B250225492540259F24908
:10E46800624AD24A424BB24B224C924C024D456111
:10E4780082800504E31984F9B7E700E023A0971028
:10E488002145D1BF0111B7E700E026CA844322CC59
:10E498004AC84EC63707200006CE2A84AE8932897C
:10E4A800F98C23A0E7180F100000C9332285CE8508
:10E4B800C5302A8405C5B727002083D547B213067F
:10E4C80000648146B3872503B3B525031385073256
:10E4D800B337F500BE95EFE0812B48C01335140023
:10E4E800F2406244B7E700E023A097104249D244C3
:10E4F800B2490E05056182800111B7E700E04AC8FC
:10E5080003A9070022CC4EC63707200006CE26CA2C
:10E51800AA892E843379E90023A0E7180F10000098
:10E528008538AA8419C123110500A2854E85613E4C
:10E53800B727002083C787A763993701B72700202B
:10E5480003D707AC598C239087ACB7E700E023A02A
:10E558002711014591E01945F2406244D2444249ED
:10E56800B2490561828001114AC837E900E022CC2E
:10E5780003240900B707200006CE26CA4EC67D8CA4
:10E588002320F9180F1000009307F00263E6A70490
:10E59800B147B304F502B729002083A709B1A697AC
:10E5A8009C439DCB9377F5008545B395F500C2054F
:10E5B800C1811181913783A709B10145A69723A08D
:10E5C800070023A2070023208910F2406244D244A6
:10E5D8004249B24905618280B7E700E023A087106D
:10E5E8000945E5B74111B7E700E026C2844306C6EE
:10E5F80022C437072000F98C23A0E7180F10000069
:10E60800EFF00FF919E90145B2402244B7E700E0FD
:10E6180023A09710924441018280B727002083A746
:10E6280047AC00458297B72700209387C7B1636836
:10E63800A402D843B74636FE938606C83305A440DD
:10E648003697E372E5FC13070064B335E50203D699
:10E65800870081463305E502EFE0611375B7D843BB
:10E668003A94C1BF411122C426C237240020B724DE
:10E6780000201307C4B1938484A794485843B7274C
:10E68800002006C683A747AC1304C4B16392E6080A
:10E6980082975440B74736FE938707C8B6973387A3
:10E6A800A7003A856364F7006364D7003305D74051
:10E6B800B7240020938744DCDC53938444DC99CB53
:10E6C800B727002083A607E43707CDFF7D179C46B0
:10E6D800F98F9CC611E14840B727002083A747AFB0
:10E6E800829719E5DC5085C3EF60C178EF507172ED
:10E6F800DC5091CBB727002003A707E4B706330007
:10E708001C47D58F1CC7B2402244924441018280E5
:10E71800829794485840B387A6003E8563E4D700A3
:10E72800E3E8E7F83385E74061B74111B7270020F0
:10E7380006C623ACA7B00295B240B727002023A88D
:10E74800A7A8014541018280994763E9B700B72727
:10E7580000208A05938747AABE9588C18280B7277B
:10E76800002023AAA7B011C5B72700200547238199
:10E77800E7AC8280B727002023A607ACB727002084
:10E7880023AC07B0B727002023A207AC3725002009
:10E79800B72700204111238107AC7146B727002015
:10E7A8008145130545AA06C623AA07B022C426C276
:10E7B800372400209720FF1FE78020AD130584A78A
:10E7C8001306800281459720FF1FE78000ACEFF019
:10E7D800AFAFB7270020938707AD03C5C70383C72B
:10E7E800D703130484A785453E958D473305F50265
:10E7F8009947B724002039051375F50F2301A400A4
:10E808003305F502130505249720FF1FE7800083D1
:10E8180023A8A4B049C1034624009947814533067B
:10E82800F602130606249720FF1FE78000A683A799
:10E8380004B103472400B7240020938707240A075C
:10E8480023A0F4AABA97372700202324F7ACEFF0C7
:10E858008FD3A5298347140083A604AA37E60000AE
:10E868001397270036971306C6E110C313871700BE
:10E878001377F70F0A0737E6000036971306A6DB6B
:10E8880010C313873700890793F7F70F8A07A30088
:10E89800E400B69790C3B24022449244410182807A
:10E8A80037270020130787A78347170083462700C9
:10E8B80063F0D702B726002083A606AA138617009E
:10E8C800A300C70013972700369708C33E858280A8
:10E8D8009307F00FE5BF1C41638C071041777D8FCC
:10E8E800B706002089476316D7100357450063020F
:10E8F8000710411126C21946AA849305F00F610535
:10E9080006C622C49720FF1FE78020A305478D472E
:10E91800630AE50C9C4491C7D858994761C7985C2D
:10E9280071C337240020130600048145130504AD84
:10E938009720FF1FE780609513060004A68513053E
:10E9480004AD9720FF1FE780208D930704AD03D700
:10E95800C70009E7130700102396E70003C7E7007D
:10E9680001E705472387E70003D7070101E76D475C
:10E978002398E70003C7F70001E71547A387E700D7
:10E9880003C7270101E705472389E70003C73701C4
:10E9980009E703C7F700A389E70003C7570101CBBD
:10E9A800937637000983238ED702A38EE70203C725
:10E9B800470101E75547238AE70003C7640109E7D0
:10E9C8001307C003238BE7009C5791C78297B7278B
:10E9D80000202390A7A8B72700207D57A386E7EA41
:10E9E800513B8147B240224492443E854101828096
:10E9F80089473E85828001114AC83729002083272C
:10EA0800C9B106CE22CC26CA52C456C24EC6829777
:10EA1800130A0064B33545031309C9B1835A890041
:10EA28008146568633054503EFD07156B727002037
:10EA3800138787A7004FAA84014563069402938928
:10EA480087A733858440636E940003254900568662
:10EA58008146B335AA023305AA02EFD05153018D7E
:10EA6800269523AC9900F2406244D2444249B24907
:10EA7800224A924A05618280011122CC2E84B7D5A0
:10EA880002000A854146938545BE06CEEFE0A109FE
:10EA9800180806043A94B7270020035504FF83D7C3
:10EAA80067B2F2406244AA9737450F001305052460
:10EAB8003355F50205618280B727002083D767B2F6
:10EAC80051471D45637CF702794719456378F7027A
:10EAD8001307200315456373F7021307B0041145A4
:10EAE800637EF700130740060D456379F7001307A7
:10EAF800600909456374F70013B5B70F82800111E7
:10EB080022CC06CE2A842EC6EFF0EFB8B245F240EA
:10EB1800818D33A5A502229562441375F50F056111
:10EB28008280011122CC06CE2A842EC6EFF0AFB621
:10EB3800B245F240818D33A5A50222956244420573
:10EB4800418105618280011122CC06CE2A842EC61D
:10EB5800EFF06FB4B245F240818D33B5A50222952E
:10EB6800624405618280B7270020138707AD1857D4
:10EB78002DC3411122C426C24AC006C6138907AD57
:10EB88000297B7270020138787A7035787002A848F
:10EB9800938487A70DCBBA876373A700AA87C20798
:10EBA800C183BA866373E400A286C206C182958FC8
:10EBB8005147635AF7008327C90291C38297EF60D0
:10EBC800811423948400B2402244924402494101B2
:10EBD800828082800111B727002022CC37240020B0
:10EBE80023A807B2930704ADDC5706CE26CAAA8528
:10EBF800130404AD81C72AC68297B245C9C99C418E
:10EC08000545C9C3DC41BDCF83D78500A5CF83D7D0
:10EC1800A500ADCBB72400201385C4B15146938419
:10EC2800C4B19710FF1FE780205F23860400B72731
:10EC3800002083A6C7B1372700202322D7AC03477B
:10EC480074011DE39387C7B103D5870093078057E5
:10EC580037460F003305F502130606248146814521
:10EC6800EFD0F132A30BA40003477401A54763E575
:10EC7800E700A947A30BF40037F500001305E59F4B
:10EC88006D340145F2406244D24405618280B72761
:10EC98000020938787A73707002023AE07001307B4
:10ECA800876AB727002023AEE7B0378732009387FB
:10ECB800C7B1FD56130727A1D4C398C723860700F9
:10ECC800B7C7004023A4D7269DB7011122CC37240B
:10ECD8000020930704AD884706CE26CA4AC801E932
:10ECE8000545F2406244D2444249056182801304DA
:10ECF80004AD5C58F5D7185C65D7700085458297D8
:10ED08001844B247E30EF7FC0355C4009305E0042A
:10ED1800B72400209710FF1FE7804032138784A78D
:10ED280008D3938484A74DDD0356C4009305F00FE0
:10ED380001499710FF1FE78040558347E400905032
:10ED4800634DF90032859710FF1FE780603D01454C
:10ED580023A0040223A2040269B78355C40008440F
:10ED6800185CB3872503898105093E9508C2029777
:10ED7800E9B701114EC6B7290020938709AD9C4712
:10ED880026CA4AC852C406CE22CC56C25AC02A8ABB
:10ED9800AE843289638D071E938909AD03A74903A1
:10EDA800630407121307F01F6362A71237240020B9
:10EDB800130784A7832A0702130484A7639A0A08FF
:10EDC80003D5C9009565938515E09710FF1FE78067
:10EDD800E02608D02A866DC983D5C90083A74903D0
:10EDE80003A589008981829783A78900832A040261
:10EDF8005CD089476316FA08C1476397F40C83D53A
:10EE0800C9009147938505FCB3C5F5028A05D695D7
:10EE180003C725009307A0056314F70A83D70500E5
:10EE28006390470B4A85268691059710FF1FE78058
:10EE3800A03E1C505685639357130145F240624427
:10EE4800D2444249B249224A924A024B0561828021
:10EE58005850E380E7FA03D5C9009565938525E006
:10EE68009710FF1FE780801DAA8A39CD83D5C90076
:10EE78002A8683A7490303A589008981829795BFBC
:10EE88008D47631BFA00C1476390F40483D5C9001A
:10EE9800938545FDF199A5BF91476318FA006395DD
:10EEA800440383D5C900A115F5B793070010631D66
:10EEB800FA00A14763EA970083D5C900C115D9BFF5
:10EEC8001C5056856390570D29458DBF9D6A637CFC
:10EED8005509930A05E01947B3CAEA0203D7C900DE
:10EEE800372B0020B38AEA02BE9A93078BA7DC531C
:10EEF800130B8BA76395570103240B021DE003D561
:10EF0800C9009305E0049710FF1FE78020132A84A7
:10EF180045DD83D5C90083A749032A86898156859B
:10EF2800829791451307A005898193972500A29799
:10EF380083C627006393E60483D60700639C4603D1
:10EF480085058A052686A2954A859710FF1FE780C2
:10EF5800A02C83270B02E38287EE22859710FF1FE0
:10EF6800E780001CD9BD21677917E36FA7F4B30ABE
:10EF78005541ADB783C5370045BF83270B02E385ED
:10EF880087F422859710FF1FE780801935BFB727C0
:10EF9800002083A587A98DD991479306A005898369
:10EFA800139727002E9703462700E31FD6F0035632
:10EFB8000700631C460185078A072686BE954A8591
:10EFC8009710FF1FE78040258DBD83473700C1BFDD
:10EFD800B7270020938707AD984729C3985F1DCFAF
:10EFE8008546631DD502411122C43724002013042D
:10EFF80084A7105006C619CE83D5C700485089810A
:10F00800029708509710FF1FE78080112320040201
:10F0180023220402B24022444101828082800111ED
:10F0280022CC37240020930704AD56C283AA870058
:10F0380026CA4AC84EC606CE52C42A89AE84B289A8
:10F04800130404AD638C0A1C1C5C99EB2945F2403F
:10F058006244D2444249B249224A924A05618280B6
:10F068005C58EDD79307F01F63E8A70C372A0020F8
:10F0780093078AA79C53130A8AA7B9C7084483270A
:10F088004A02639FA70489476317F906C147E39FAC
:10F09800F4FA0355C4009147130505FC3345F502FE
:10F0A8009317250003250A022686CE853E959307E9
:10F0B800A0052301F5002310250111059710FF1F56
:10F0C800E7808015014561B70355C4009305E00446
:10F0D8009710FF1FE78080F62320AA0245F1BDB7ED
:10F0E8008355C4005C5803260A02898182971C4410
:10F0F8002322FA0249BF8D47631CF900C147E397F1
:10F10800F4F40355C400130545FD9377C5FF59BFB3
:10F1180091476318F900E39B24F30355C4002115B4
:10F12800EDB793070010E313F9F2A147E3E097F274
:10F138000355C4004115D1BF9D676378F506930751
:10F1480005E01947B3C7E7020357C400372A002070
:10F15800B387E702BE9A93078AA79C53130A8AA724
:10F16800A1CF83274A026395570703250A029146D0
:10F178001308A0059305F00F93D7260013972700CF
:10F188002A97034627006316060783580700034695
:10F198003700639C2805B306D64063C696048507E6
:10F1A8008A072686CE853E9511BF21677917E36FBA
:10F1B800A7E8B307F54049BF0355C4009305E00429
:10F1C8009710FF1FE78080E72320AA0259F9BDBDE9
:10F1D8008355C4005C5803260A02898156858297A4
:10F1E80023225A0359B72310B70093160601C18288
:10F1F80061B70356C400B38596009105130606FC53
:10F20800E366B6E413863400719A1106B2962301B8
:10F21800070123102701A301D70051B7372A00207F
:10F2280093078AA79C53130A8AA7A9C303250A022E
:10F2380091461308A0059305F00F93D7260013975E
:10F2480027002A97034627006314060583580700FA
:10F258000346370063982801B306D640E3D196F4F5
:10F268002310B70093160601C182C1BF0345E4000D
:10F278008357C4009305E0043305F5024205418134
:10F288009710FF1FE78080DB2320AA0245F17DBB92
:10F298000356C4008345E400B385C502338696004F
:10F2A8001106E3E5C5DAB9BF0145828083C70500C9
:10F2B8002300F50083D72500A300F50083D7250098
:10F2C800A1832301F50083C74500A301F50011457B
:10F2D8008280B727002023AA0794B727002023A8F5
:10F2E8000794828029C1411126C206C622C4AA8475
:10F2F80001458DC52E84B7D50200228541469385E8
:10F3080045BF9710FF1FE78020F183C7040005451C
:10F318002306F40083C71400A306F400B240224475
:10F3280092444101828001458280011122CC26CA83
:10F3380006CE0947AA8432846381E50441468147A1
:10F34800639BC500638FE6006397B6000DA841472D
:10F358008147638EE600F2406244D2443E850561EF
:10F3680082808A852285BD3F41468A8519A88A857B
:10F37800953F41468A85228531A0E39AB6FC2E86C0
:10F38800A28526859710FF1FE78080F4AA87E1B73A
:10F39800B727002023A8A7948280B727002023AA94
:10F3A800A7948280011122CC0354650006CE26CA98
:10F3B8004AC84EC641C083298500AE842A8803C93D
:10F3C8000900814713178901618763550702B1470F
:10F3D800054563FA87045114420403552800418007
:10F3E80033878900A2864E868545EFA0701AB33709
:10F3F800A00085077D141355690042040589137917
:10F40800F90341802380F400A380A4002381240110
:10F4180023928400014719C01387190098C409472B
:10F428006383E7000145F2406244D2444249B2494D
:10F43800056182800545C5BFC167F917630AF502F2
:10F44800D94763F7B702011122CC2EC606CE2A840B
:10F45800EF70F056B2456368B50022856244F24009
:10F4680005616F90A07AF24062440545056182808B
:10F4780005458280C167F9176314F5006F70305431
:10F48800411106C6EF90406711E15D45B240410168
:10F49800828091476394F502834705002300F600B4
:10F4A8008347250003471500A207D98F2311F600CB
:10F4B8008347350001452302F6008280114582808A
:10F4C8004111814522C426C206C6AA8405252A847C
:10F4D80009E9B727002083A7079581C7F94526853D
:10F4E80082972285B2402244924441018280397138
:10F4F8004ED656D25AD006DE22DC26DA4AD852D464
:10F50800AA8A2E8BB28941EF36C6AD379145EF7086
:10F51800D05CAA844D492DC9B246054A23803401DE
:10F528000544630A0B00B68513851400029B050584
:10F53800131405014180E20993D9894163D3090273
:10F54800C1455685EF908069654905E93386840091
:10F55800A2852685EFA0C0482A8905E13104420426
:10F56800418091472C085685231CF10026CE231D87
:10F578008100EF80D0712A8901C963070A002685B6
:10F588009710FF1FE780C0B9F25062544A85D254E1
:10F598004259B259225A925A025B21618280BA8436
:10F5A800014AADBF011122CC26CA4AC84EC606CEB2
:10F5B8002A893284B689253FAA840DE1B72700201D
:10F5C80083A7479581CF05476317E40003C4090063
:10F5D80005041374F40FA2854A858297F2406244A9
:10F5E80026854249D244B24905618280AE86B7F584
:10F5F8000000014705469385452B6DB783D7050065
:10F608002300F50083D70500A183A300F500094571
:10F61800828083D705002300F50083D70500A183E6
:10F62800A300F50083D725002301F50083D7250023
:10F63800A183A301F5001145828083D7050023002B
:10F64800F50083D70500A183A300F50083D7250023
:10F658002301F50083D72500A183A301F50083C703
:10F6680055002302F50083C76500A302F50003D502
:10F678008500190542054181828083D70500230052
:10F68800F50083D70500A183A300F5000945828012
:10F6980083D705002300F50083D70500A183A300C5
:10F6A800F50083D725002301F50083D72500A18322
:10F6B800A301F5001145828003D5450006054205E2
:10F6C8004181828083D705002300F50083D7050098
:10F6D800A183A300F50003D5250009054205418152
:10F6E800828083D705002300F50083D70500A18316
:10F6F800A300F50083D725002301F50083D7250053
:10F70800A183A301F50003D54500110542054181F8
:10F71800828083C705002300F5000545828083D7D2
:10F728000500411122C406C62300F50083D7050051
:10F738002E841105A183A30EF5FE83D72500950518
:10F74800230FF5FE83D7D5FFA183A30FF5FE03C6CC
:10F75800F5FF9710FF1FE78020AC03454400B24037
:10F7680022441105410182808947639CF500834743
:10F778001500034705000145A207D98F2310F6009D
:10F7880082801145828003D70500D94763FEE702CE
:10F79800011122CC06CE2EC62A84EF705022B24622
:10F7A80083D70600636DF50022856244F240B7F501
:10F7B8000000014709469385456005610DBBF2408D
:10F7C80062440945056182800945828091479DC54B
:10F7D80083460500FD15C2058547C1816392F6027F
:10F7E80013D725008D89914791E9914701CB0505EC
:10F7F8002301D6002310E60048C281473E85828057
:10F8080009479147E39CE6FEC94733D7F502B3F5AC
:10F81800F502D1BFAE86B7F50000014711469385C2
:10F82800A561F1B193F7350091EB8981914789C5BD
:10F838002310B60048C281473E8582809147EDBFBC
:10F8480003C745008947631AF702011122CC2A84AD
:10F85800C84506CEAE86014719C52EC69D45EFE0C0
:10F868000FAEB2462A8722856244F240B7F50000FF
:10F8780019469385256405619DB90945828099E1FA
:10F88800114582808347050005472311F600E37977
:10F89800F7FEFD1593F5F50F33D7F502B387E702A9
:10F8A800E390F5FE050548C22310E6000145828075
:10F8B80083C745000947AE866385E70041476399DA
:10F8C800E700B7F50000014721469385657205B149
:10F8D800094582802310B60091E1014548C20145DF
:10F8E8008280AE86B7F500000147294693852568D2
:10F8F800FDBE2310B60091E1014548C20145828052
:10F90800AE86B7F500000147314693858569C5B6CF
:10F918002310B60091E1014548C20145828003D712
:10F928004500854763FDE702011122CC2A848841FE
:10F9380006CE0DC12EC68545EFE06FA02A87228529
:10F948006244B246F240B7F5000039469385056C2B
:10F95800056171BEF240624409450561828009452E
:10F96800828091479DC5034705008D46914763F204
:10F97800E602FD15C205C181B3C6E5023308D70208
:10F988006399050105052310D6002311E60048C236
:10F9980081473E85828083C745000947AE866385D7
:10F9A800E70041476399E700B7F500000147414682
:10F9B800938565722DBE09458280B335B0001395D5
:10F9C80025008280011122CC26CA06CE03C78500F5
:10F9D8008547AA842E8449466310F702613C835701
:10F9E800240049151306200963C8A700F2406244A1
:10F9F800D244094505618280034794008547631412
:10FA0800F70013660604484011C58D4532C6EFE07D
:10FA18000F933246A2866244F2402A872685D24452
:10FA2800B7F500009385C56C0561D1B48D4763FFB8
:10FA3800B7028347150003470500F115A207D98FC0
:10FA48002310F6008347350003472500C205A207A7
:10FA5800C181D98F2311F6002312B60089C511057B
:10FA680008C60145828023240600E5BF114582802F
:10FA7800011122CC2A84884506CEAE8611C52EC631
:10FA88009545EFE0CF8BB2462A8722856244F24043
:10FA9800B7F5000059469385A56E056189BCB33555
:10FAA800B000139525008280AE86B7F500000147A7
:10FAB80061469385A57125BC8547114563F4D70236
:10FAC8008347160083450600A207CD8F2310F70051
:10FAD8009387E6FF2311F70089476386F600090636
:10FAE80050C30145828023220700E5BF01478146B4
:10FAF80079468145EDBA83D705002300F50083D701
:10FB08000500A183A300F5000945828083C725006D
:10FB180005472300F50003D505006397E7000A05AC
:10FB28000505420541818280C9473305F502CDBFED
:10FB380003D505000A0542054181828083D7250047
:10FB48002300F50003D5050083D725003305F5020A
:10FB5800050542054181828003D50500828003D5D1
:10FB68000500828003D50500828083D72500230005
:10FB7800F50003D5050083D725003305F5020505F3
:10FB880042054181828083D705002300F50083D791
:10FB98000500A183A300F50083D725002301F50004
:10FBA80083D72500A183A301F50003D545001105DE
:10FBB80042054181828083D705002300F50083D761
:10FBC8000500A183A300F50003D52500090542051A
:10FBD8004181828089471145639BF600834716005F
:10FBE800834606000145A207D58F2310F7008280BF
:10FBF80003D70500D947AE8663F9E700B7050100CA
:10FC080001470D469385E5AF71BA094582801145D4
:10FC18006393A60283471600834606000145A207A0
:10FC2800D58F2310F7008347360083462600A207A6
:10FC3800D58F2311F700828083C725000547FD175C
:10FC480093F7F70F6361F70483D705008DCF011190
:10FC580022CC2A84C84106CE15C12EC68945EFD0CC
:10FC68001FEE2A8722856244B246F240B70501009A
:10FC78001546938545B105616FF0DF92F240624405
:10FC8800094505618280094582809547114563F9D8
:10FC9800D706411122C426C24AC006C683471600A9
:10FCA800BA8403470600A2073284D98F2390F40050
:10FCB800834736000347260093054400A207D98FDF
:10FCC8002391F40089472382F400094613855400E0
:10FCD80036899700FF1FE78020549307A9FF2394D4
:10FCE800F4009947631BF90023A60400B24022449C
:10FCF800924402490145410182801904C0C4FDB7FC
:10FD0800828083D705008DCF011122CC2A84C84177
:10FD180006CE15C12EC68545EFD07FE22A872285FB
:10FD28006244B246F240B70501001D46938585B38B
:10FD380005616FF03F87F2406244094505618280A2
:10FD48000945828099476395F6048947411106C69B
:10FD58002302F7008347160083460600B285A207F0
:10FD6800D58F2310F70083473600834626000346C5
:10FD78004700A207D58F130557002311F7009105F7
:10FD88009700FF1FE7804049B2400145410182804A
:10FD9800D14711456394F600C1474DBF828083D790
:10FDA80005008DCF011122CC2A84C84106CE15C189
:10FDB8002EC68945EFD0BFD82A8722856244B2462D
:10FDC800F240B70501002546938545B405616FF0FB
:10FDD8006FFDF240624409450561828009458280D1
:10FDE80089471145639BF600834716008346060042
:10FDF8000145A207D58F2310F7008280011122CC7C
:10FE08002A84C84106CEAE86014719C52EC6854547
:10FE1800EFD0FFD2B2462A8722856244F240B70566
:10FE280001002D46938505B605616FF0AFF71145C2
:10FE38006393A60283471600834606000145A2077E
:10FE4800D58F2310F7008347360083462600A20784
:10FE5800D58F2311F7008280011122CC2A84C84152
:10FE680006CEAE8611C52EC68545EFD05FCDB2460B
:10FE78002A8722856244F240B705010035469385FA
:10FE880065B605616FF00FF293F71600114589EB1F
:10FE980089476387F60085822312D70010C301457E
:10FEA8008280011122CC2A84C84106CE15C12EC6F3
:10FEB8008545EFD0DFC82A8722856244B246F240E2
:10FEC800B70501003D469385C5B605616FF08FED16
:10FED800F240624409450561828083D705008DCFD1
:10FEE800011122CC2A84C84106CE15C12EC68945E7
:10FEF800EFD0FFC42A8722856244B246F240B70594
:10FF080001004546938525B705616FF0AFE9F240DA
:10FF1800624409450561828009458280854763FC02
:10FF2800D7022304A700A304B7008347160083451C
:10FF38000600A207CD8F2310F7009387E6FF231151
:10FF4800F70089476386F600090650C30145828099
:10FF580023220700E5BF11458280014781464D46AF
:10FF680081456FF02FE48D47114563FBD702834726
:10FF7800160083450600A207CD8F2310F70083479C
:10FF8800360083452600A207CD8F2311F7009387FB
:10FF9800C6FF2312F7006386A600110610C70145A5
:10FFA800828023240700E5BF011122CC2A848845DA
:10FFB80006CEAE8611C52EC69545EFD05FB8B246BF
:10FFC8002A8722856244F240B70501005D46938581
:10FFD800E5B805616FF00FDD854711456397F600B9
:10FFE8008347060001452300F700828001478146C8
:08FFF800654681456FF00FDB47
:020000021000EC
:10000000011122CC2A84C84106CEAE86014719C50B
:100010002EC68D45EFD03FB3B2462A872285624473
:10002000F240B70501006D469385E5BB05616FF0B1
:100030008FCC011122CC2A84C84106CEAE8601475E
:1000400019C52EC68D45EFD01FB0B2462A8722852E
:100050006244F240B705010075469385E5BB056132
:100060006FF06FC9011106CE2EC6EF80902501C931
:10007000B245F2400355250005616FC0F03BF240E8
:10008000494505618280B7270020A3800798B727DC
:10009000002023800798B727002023A40796B727BE
:1000A000002023A60796B727002023A80796B72786
:1000B000002023AA0796B727002023A20796B72778
:1000C000002023A00796B7270020239A07B4130621
:1000D0004038938747B52391C70271761307400BC9
:1000E000130606B82391E7002392C70211671D4645
:1000F000930600059305000A1305007D2392E7008F
:100100002393C70241470546130810F82395E700DB
:100110002396E7002399E700239AE700239BE70053
:10012000239CE7002394E7022393B7002394B700AE
:100130002397D7002398D700239DA700239E07006D
:10014000239F0700239007022395C70223960703E6
:10015000239707029308F007239807022392E704E6
:100160002393E704239FE7042390E7062391E70600
:100170002392E706239917031307C01C239AC7028B
:10018000239BC702239C0702239D0702239E07028D
:10019000239F0702239007042391C7042394070495
:1001A000239507042396C7042397D7042398D704DD
:1001B0002399A704239A0704239B0704239C07047D
:1001C000239DD704239ED7042393A70623940706D1
:1001D00023950706239607062397B7062398B706A5
:1001E00023990706239AE7067D57239B070623904A
:1001F00007092391E7088280011126CAAA842145B4
:1002000022CC06CE2E8432C636C43AC2EFD01FA00E
:100210001DC9A24612473246930700FD2300F50090
:100220009947A30095002301F5002303D500A303FC
:10023000E5002312C500AA8522856244F240D2441B
:1002400005616FD0BFABF2406244D2440561828049
:10025000B727002023A8A7968280B727002023AACB
:10026000A7968280011122CC4AC806CE26CA2A89C6
:100270000144B30489006368B400F2406244D2448C
:100280004249056182802EC6EFD07FC193170501D8
:10029000C183A183B2452380F4009307140093F730
:1002A000F70F850463F9B700CA9709042380A700F4
:1002B0001374F40F7DBF3E847DBF411122C43724E7
:1002C0000020130444B303556400C16706C6FD173C
:1002D000630FF500B727002003C687C7B7250020A6
:1002E00093858597EF80A05CFD572313F400B240FF
:1002F00022444101828009C925151375F50F133574
:10030000850E1345150082800145828023900500EB
:10031000C9C6797122D426D24ECE52CC5AC806D63E
:100320004AD056CA5EC63684328AAE892A8B814448
:1003300063F34407B307940083C7070013891400CD
:100340004209939A070193DA0A0113590901638458
:100350000A04CA976341FA04B307240183CB070058
:100360005E85513F0DC99387FAFF2390F900639092
:100370006B03130519002295B2502254925402596E
:10038000F249624AD24A424BB24B45618280D694CE
:10039000C204C18071BF0145C5B70145828001110A
:1003A00022CC3724002026CA4AC84EC6930744B33D
:1003B00006CE2E89D0CB8CCBC8C7AA8441469305E4
:1003C000F00F4A859700FF1FE780A0F785491304C7
:1003D00044B3631935030848C1456935414693055F
:1003E000F00F26859700FF1FE780A0F505496315EC
:1003F000250348446244F240D2444249B249C145CF
:1004000005618DB5414681454A859700FF1FE7800C
:1004100040F3E31535FDC1B7414681452685970078
:10042000FF1FE78000F2E30625FDF2406244D2445C
:100430004249B24905618280411122C4372400201B
:1004400026C24AC0AE842A891306000281451305DC
:1004500044B306C69700FF1FE780A0E3930744B3A9
:10046000A3812701B7270020238E97C6EFC0007F06
:10047000854719C181474945230AF4B2B240224455
:100480009244024941018280814781CD19C9854743
:10049000631BF50083C7550093E707FCA382F500B3
:1004A00085473E85828089476317F50083C75500DD
:1004B00093F7F703E5B70D478547E314E5FE03C758
:1004C00055001377F70313670704A382E500D1BF34
:1004D00081478DC105C103C755009306000C8547B0
:1004E0001377070C6308D700930600048D47630356
:1004F000D70089473E858280411122C4005D06C62F
:1005000026C21DC8AA84085009C59700FF1FE780AE
:10051000A0C1485009C59700FF1FE780E0C00854FC
:1005200009C59700FF1FE78020C022859700FF1FA5
:10053000E78080BF23AC0402B240224492444101D0
:10054000828019E9B727002083C767B391C7372591
:100550000020130585958280372500201305C5B43A
:100560008280B727002003C567B38280B7270020A9
:1005700003A507B48280B727002003A547B4828073
:10058000B727002083A787B488438280B72700203D
:10059000938747B3D44B9842050798C203C53700E9
:1005A0009307F00F6305F50091656FD0DFAD828092
:1005B000011122CC06CE2E8432C6EF8020619147F5
:1005C000B2456310F502B727002083A7479795C36C
:1005D00003A30700630F030022856244F240056114
:1005E0000283B727002083A7C79681C703A34700CC
:1005F000D5B7F2406244054505618280011122CCE5
:100600002A840355450006CE26CA4AC84EC6EF8046
:10061000003A3DC92A89834405008349C500E93D64
:100620004A85EF80D01903554400EF806055372983
:1006300000201309099883470900B9CB639A9704EE
:10064000B727002083C517982685293C19E1230088
:10065000090003554400EF8060579147631FF50080
:10066000B7270020938747B38356440003D767001A
:100670006395E6007D572393E700F2406244D2443D
:100680004249B2490561828081499304F00F45B720
:100690009307F00FE38FF4FA834664000356440097
:1006A000034524004E87A685813E65B779715EC6F5
:1006B000AA8B2E8552CC56CA5AC806D622D426D228
:1006C0004AD04ECEAE8A328B368AEF80402E7DC124
:1006D000045D2A89E5C09C50614599C31305400318
:1006E0009C5481C751054205418163050A0071058B
:1006F00042054181DC5081C75D0542054181EFD053
:10070000EFD02A8445C9614681459700FF1FE780E5
:1007100040B8B727002083C947B8639409008349CC
:100720000900930700FD2300F400A947A30074010A
:100730002301F400230364018C5023125401130598
:10074000840191C908C47146930A44039700FF1FAE
:10075000E78000AD56858C5491C948C45146930A30
:1007600045019700FF1FE780A0AB5685630C0A0088
:1007700008C87146D285930AC5019700FF1FE7801C
:1007800020AA5685CC5099C548C85D469700FF1FE2
:10079000E78000A9A2854E85EFD04FD62254B250F3
:1007A0009254F249624AD24A424BB24B4A850259AC
:1007B000456199B3B250225492540259F249624AA7
:1007C000D24A424BB24B4561828001114EC6AA8982
:1007D0002E854AC806CE22CC26CA2E89EF80201D3F
:1007E00021C9B727002083C447B899E08344050096
:1007F0001945EFD0AFC12A8405CD81451946970030
:10080000FF1FE78000A9930700FD2300F400B9470C
:10081000A30034012301F40023122401A2856244C1
:10082000F2404249B2492685D24405616FD00FCDCE
:10083000F2406244D2444249B24905618280397132
:100840005ECEAA8B2E8526DA4ED652D456D25AD0F8
:1008500006DE22DC4AD8AE84328BB68A3A8ABE895A
:1008600042C6EF80C01421CD2A894145EFD00FBA8E
:100870002A8431C5414681459700FF1FE78060A16A
:10088000B727002003C547B819E1034509009307BE
:1008900000FD2300F400BD472301F400B247A3008C
:1008A00074012312940023046401A304540123055A
:1008B0004401A30534015CC4A285EFD02FC4F250DB
:1008C0006254D2544259B259225A925A025BF24BA4
:1008D00021618280797126D2AA8439454AD04ECED0
:1008E00006D622D42EC6B2893689EFD02FB221C1C6
:1008F000B2459307000D2310F500B1472A84231257
:10090000B5002301F500CE85190519469700FF1F94
:10091000E780009123062401A2852254B250025997
:10092000F24913F5F40F925445616FD02FBDB250C8
:10093000225492540259F24945618280411126C2E3
:10094000B7240020938444B303C7340006C622C4EE
:100950004AC09307F00F630CF7042A893945EFD09A
:10096000EFAA2A8429C5930700FDB725002023009C
:10097000F500A3002501230105009385C5B40D05ED
:1009800019469700FF1FE780A08983D78400A285BE
:1009900003C534002315F40083C714002306F400B4
:1009A0002244B2409244024941016FD02FB5B24077
:1009B0002244924402494101828001115AC02A8B8B
:1009C000314526CA4EC652C456C206CE22CC4AC8AB
:1009D000AE84B28A368ABA89EFD04FA33DCD2A843D
:1009E0002685EF70D07C11C50347C500A14763146D
:1009F000F704B727002003C977B3930700FD23004E
:100A0000F4009D47A30064012301F4002312940025
:100A1000231354012314440123153401A285624495
:100A2000F240D244B249224A924A024B4A85424994
:100A300005616FD0AFACB727002003C9D7C7E31E4D
:100A40000BFAB727002083A787A19C47DDD7CE8666
:100A50005286D685268582974DB7F2406244D244AD
:100A60004249B249224A924A024B056182800111F1
:100A700022CC2A84214506CE2EC6EFD02F9921C143
:100A8000B245930700FD2300F500C5472301F5009B
:100A900083C73500A301F50083D745002312F50075
:100AA00083C765002303F50083C77500AA85A303E8
:100AB000F50022856244F24005616FD02FA4F24018
:100AC000624405618280397162CC2A8C594526DAEC
:100AD0004AD84ED652D456D25AD05ECE06DE22DC4A
:100AE000AE8432C636C4BA8B3E8BC28A468A8359DC
:100AF000010403494104EFD06F9125C932469307A1
:100B000000FDA2462300F5009547A301C500A30000
:100B100085012301F5002A8419461105A9C2B6856D
:100B200097F0FE1FE780C06F23066401230A2401AB
:100B30002315740123175401231844012319340188
:100B4000A2856254F2504259B259225A925A025B1B
:100B5000F24B624C2685D25421616FD02F9A814589
:100B600097F0FE1FE780E072C1B7F2506254D25492
:100B70004259B259225A925A025BF24B624C21619D
:100B80008280411122C437240020130444B38347D8
:100B9000240006C626C28DCBB7240020AA8519469C
:100BA0001385849597F0FE1FE78080670345240036
:100BB00093858495EFF05F8D2244B2401385849530
:100BC000924441016FC0400AB24022449244014520
:100BD00041018280411126C2B7240020938744B38B
:100BE00006C622C44AC003C737009307F00F938498
:100BF00044B36304F7042A892945EFD02F812A845E
:100C00000DCD930700FD2300F500A147A3002501AA
:100C10002301F50083C72400B7250020938585951F
:100C2000A301F5001946110597F0FE1FE780405F0C
:100C300003C53400A285EFD06F8C03C724008D4715
:100C40006311F702B727002083A7079799CB03A367
:100C50008700630803002244B240924402494101E4
:100C60000283B24022449244024941018280797158
:100C700022D406D626D24AD04ECE52CC56CA0944E9
:100C80005DCD2A8903550500AE895144EF7030527D
:100C9000AA8455C537270020930787C783C7470015
:100CA0008546BA8AFD1793F7F70F494463F9F608AA
:100CB0000347C500A1476314F700639209089C5CD1
:100CC0004544B5EF9165938545711305C00297F0D2
:100CD000FE1FE780203788DC2A8A4D442DC1130689
:100CE000C002814597F0FE1FE780A05A8357090094
:100CF00093064A0036852311FA0071469305490090
:100D000036C697F0FE1FE780A05189472300FA00FE
:100D100003C5C400B2460356090083C58AC76115DE
:100D200013351500EF80307B2A8463860900CE8559
:100D30002685EF80605801C42685EFF0EFFB228501
:100D4000B250225492540259F249624AD24A456141
:100D50008280B727002083C7C7C70547FD1793F7D1
:100D6000F70F6378F708894751C6011122CC26CACC
:100D70004AC84EC652C406CEAA89368AB2842E8983
:100D8000EF70F0422A84D14729C9485509C597F028
:100D9000FE1FE7806039F1452685EFD02F9748D4B4
:100DA000CD4705CD8346C40021478147639FE600B8
:100DB000630D0A000347A5010356050193062501AB
:100DC000AA854E85EF80E056AA8703474400630F4B
:100DD0000900136767002302E400F2406244D24432
:100DE0004249B249224A3E85056182801367470025
:100DF000DDB7C9473E8582809307000463EBA700F7
:100E0000B7270020938747B506053E950355050093
:100E1000828041657D158280011122CC2A842E8535
:100E200026CA06CEAE84EF7090381DCDB7470F00AE
:100E30009387F723094563E4870281450A85414684
:100E400097F0FE1FE780E044A685231081000A8505
:100E5000418023018100A3010100EF805047F2404F
:100E60006244D244056182804945D5BFB72700203E
:100E7000238DA7C682806F803060797152CC2A8A18
:100E8000328522D426D24AD04ECE56CA5AC85EC621
:100E900006D662C4AE8BB28A368BBA843E89C289CA
:100EA0004684EF70D03015C92A8C63140A02137778
:100EB0004B008347450015CF93E727012302FC0031
:100EC0008DEC631C0902639A090205E8ED9B23027D
:100ED000FC00832B8C03639F0B06B2502254925468
:100EE0000259F249624AD24A424BB24B224C456106
:100EF0008280F59B93E70701D1B793E74700230270
:100F0000FC0001CC1C484146A2852324FC021305A9
:100F10008C0197F0FE1FE780A03063910B02D5D8BB
:100F20000325CC0209C597F0FE1FE780E01FF145BD
:100F30002685EFC0BFFD2326AC0261BFE30B09F895
:100F40000325CC0209C597F0FE1FE780E01DF1459F
:100F50004A85C5B79DC483A70B0299EB916593851C
:100F60003571714597F0FE1FE780C00D23A0AB02DD
:100F700003A50B0219C57146A68597F0FE1FE780F1
:100F8000202A6388090283A74B0299EB9165938518
:100F900025715D4597F0FE1FE780C00A23A2AB02D2
:100FA00003A54B0219C55D46CE8597F0FE1FE7806D
:100FB00020271DC483A78B0299EB9165938515713A
:100FC000514597F0FE1FE780E00723A4AB0203A57D
:100FD0008B0219C55146A28597F0FE1FE780402479
:100FE0002254B2509254F249B24B224CCA865A86CD
:100FF0000259424BD6855285D24A624A45616FF00A
:10100000EFEA011126CA52C406CE22CC4AC84EC607
:101010002A8AAE84EF70B01925C5AA893945EFC078
:10102000FFBE2A8431CDB727002003C947B8631417
:10103000090003C909009307000D2310F400AD4710
:101040002301F4009385690013053400194697F0D5
:10105000FE1FE780E01C93F7140085808588230637
:10106000F400A306940023154401A2856244F240D3
:10107000D244B249224A4A85424905616FC01FC81D
:10108000F2406244D2444249B249224A0561828018
:1010900001114EC652C456C206CE22CC26CA4AC838
:1010A000AA8A2E8AB289EF7090102DCD2A89130555
:1010B000C002EFC0BFB52A8435C5B727002083C45E
:1010C00047B899E0834409009307000D2310F4000A
:1010D000E9472301F400930569001305340019461C
:1010E00097F0FE1FE780C013D28523155401130526
:1010F000C400414697F0FE1FE7808012CE8513059D
:10110000C401414697F0FE1FE7808011A28562442A
:10111000F2404249B249224A924A2685D2440561A8
:101120006FC0DFBDF2406244D2444249B249224A14
:10113000924A05618280411122C4372400201304A1
:101140000496084006C619C597F0FE1FE780C0FD4B
:1011500023200400B240224441018280011106CEC6
:1011600022CC26CA4AC82EC6EF70700439CDB245CB
:10117000B727002003C947B80CD5AA846314090017
:10118000034905004145EFC07FA82A841DCD930780
:10119000000D2310F500A5472301F50083C7540077
:1011A000938564001105A30FF5FE194697F0FE1F05
:1011B000E78000079C54A285F2405CC46244D2449C
:1011C0004A85424905616FC07FB3F2406244D24410
:1011D0004249056182801D71A2CC86CE2A842EC62A
:1011E000EF70E07C05CD8346C5001147AA874945CD
:1011F0006392E6029C5FB24599C383C56701B7B6A7
:1012000001002308B1009386E6C8100889452285AD
:10121000EF804001F6406644256182805145DDBF84
:10122000B727002083C7C7C70547FD1793F7F70FF8
:10123000637AF704894721CA411122C426C24AC0F1
:1012400006C6B2842E89EF7080762A84D14705C500
:10125000630809008347450093E727002302F50050
:101260004146A6851305840197F0FE1FE78040FBE9
:101270009C481CD48147B2402244924402493E8596
:1012800041018280C9473E858280797122D406D689
:101290002A842EC6EF70A07101CDB2452285230E9F
:1012A000B1006C08EF70D07DB2502254456182804D
:1012B0005145DDBF6F705006C1671387E7FF639527
:1012C000E502B727002083A7C79691EB49458280A6
:1012D0004945B2402244924402494101828003A31D
:1012E0000700E30503FE0283411122C426C24AC05F
:1012F00006C6FD172A892E84B284639AF502B727A1
:10130000002083A7C79691CF9C4381CF829711E994
:10131000B727002023802799B7270020A38097981C
:101320004DBFA6854A85EFE0FFD345F5D5B72E859D
:10133000EF70E06751DD834705000D45E39B27F91A
:1013400022852244B2400249A685924441016FB0F1
:10135000B00E9307000463E2A7064111C16722C4DF
:1013600006C626C2FD172A8409456382F502C547D1
:10137000AE846313F4022E85EFB09013372500205E
:10138000130545B506042A94231094000145B24084
:1013900022449244410182809307A0036316F40023
:1013A0002E85EFB0300AD9BF9307B003E318F4FCE1
:1013B00013F5F50FEFB05009D1B7094582804111FF
:1013C00006C622C426C237240020AA84EFE0BFCB81
:1013D000EF10E01DEFA0515B130544B381451306E8
:1013E000000297F0FE1FE780C0EA130444B393079E
:1013F00000F02311F400B7270020138787C7FD569C
:101400002301D700230204002244238C97C6B24054
:1014100026859244954541016F5010675971939705
:101420000501A6D286D6A2D4CAD0CECED2CCD6CAF8
:10143000DAC8DEC6E2C4E6C2EAC06EDEC187AE84A8
:1014400063D3075237240020034584C7372900207F
:10145000372A0020EFC09F82AA8C22CCB72A002016
:10146000B72B0020130449B3372C002063930C02E0
:101470002165258DB650265496540659F649664A7C
:10148000D64A464BB64B264C964C064DF25D6561EE
:10149000828083C70C001307200A639CE7008349FE
:1014A000340003D52C00C1656686FD15EFF04F9022
:1014B0009DA26247130787C78349270013071009B6
:1014C0006398E71683C71C001547639FE70066858E
:1014D000EFF0CF926685EFC04FEEE24703C587C7B6
:1014E000EFC0CFF9AA8C59B73947639BE71603D5EC
:1014F0004C008567A5076316F50483A58C0003CB14
:101500000500631D0B00850591C93725002019468C
:101510001305C5B497F0FE1FE78080D0034749B399
:1015200085476317F71063080B00230A09B25A8531
:10153000EFF0CFC045B78947230AF9B2EFB0807208
:1015400051BF896713872700631CE50403AB8C0038
:1015500063000B0E83470B0089EF83472B00034783
:101560001B00A207D98F2314F40083473B00A3007C
:10157000F400034749B38947631CF70A83470B000C
:1015800091C7230A09B203450B005DB783451400D8
:10159000035584008D47230AF9B2EF50F051E5B7A7
:1015A00095076319F50083A78C0003C50700EFF0CA
:1015B0006FE20DB7F9771387A7FF2A974207418398
:1015C000914663F1E6049387A7FCAA97C207C183FB
:1015D00071476371F70289671387B7006310E504E9
:1015E00083A78A96E38807EE9C43E685E38407EEAB
:1015F000829715A0370700181307F770B357F70045
:10160000858BA9CB83270A97E38607EC9C43E3836A
:1016100007EC66858297E31F05EA19A81387C700C0
:101620006311E50283A78C0083C70700E38407EA00
:101630009307F00FE380F9EAE6854E85EFC00FECE3
:1016400069BDB9076318F5008327CC96E38407E8E2
:10165000DC4361BF896793871704E303F5F8C9BFCB
:101660003D476399E70403D54C0089671387D7008A
:10167000E30CE5FC13879701E308E5FCCD07E319CC
:10168000F5FA03576400C167FD17631DF700832750
:10169000CC96E38107E4DC43E38E07E20965E68547
:1016A0004D05B9B7B727002083A74797E38407E222
:1016B0009C43DDB71307E003E39CE7F683C72C00E8
:1016C00005476398E70E83C76C0037270020930D0A
:1016D0000796E1E783A70D00D5CF03CB0700A1490B
:1016E00003C57C00138D8C00EA85EFE07FDE83C7A5
:1016F0004C01A383AC0083D80C0103D8EC0003D7C2
:101700004C002A8603C53C003EC283D72C01EA86E2
:10171000DA853EC0CE87EFF00FBB83C73C0095E76C
:10172000DD4783D80C0103D8EC0083C67C0083D549
:101730004C003EC283D72C016A873EC0CE87054647
:101740005A85EF70A05FA381AC0083A70D0081C70D
:101750001145EFF05F9E138B0B9803450B00E30BD5
:1017600005D6B727002083C51798EFE0BF8FE303A6
:1017700005D683C63C0093071003638AF60003D6A0
:101780004C0083450B004E873685EFE0FFA6238093
:101790000B9889B3034B340099B783270A97034BFF
:1017A0003400914995DFDC4385DF8145014582970F
:1017B00005BF29476398E70A83C76C0037270020D5
:1017C000930D0796A5EF83A70D00B5C703CB0700C0
:1017D000A14903C57C0093868C0093772500BDCB7F
:1017E00013761500138E4C0183C70C0283D8CC01ED
:1017F00003D8AC0103D74C0003C53C003EC283D7DD
:10180000EC01DA8572CE3EC0CE87EFF0CFAB83C756
:101810003C00724E9DFBDD4783D8CC0103D8AC0160
:1018200083C67C0083D54C003EC283D7EC0172870F
:101830003EC0CE8729B7034B340059BF83270A9790
:10184000034B34009149D1D7DC43C1D781450145D1
:10185000829741B7B68536CEEFE09FC7F2462A861B
:10186000368E59B70947639CE70083A78A96E383BE
:1018700007C6DC43E38007C666858297A1B92D477A
:101880006398E70083A78A96E38607C49C47DDB781
:101890000D476397E70066868D4503D54C0039B147
:1018A00019476395E7069305610213051031EFA010
:1018B00051162C1013052031EFA0B11503D66C0082
:1018C0008357810203D54C0063E8C70083D68C00A0
:1018D0000357610263F7E60093050002EFB0403C56
:1018E000D5BE6374E6002393EC0063F4D700239421
:1018F000FC0003D7CC0083D6AC0003D68C0083D584
:101900006C0001488147EFB06039E9B61D47E381BB
:10191000E7D231476395E7006686B145BDBF3547DD
:101920006398E70083A78A96E38607BADC4799B7EE
:101930004947639DE70083270A97E38B07CEDC4383
:10194000E38807CE814505458297DDB14D47E39198
:10195000E7CE83270A97E38D07CCDC43E38A07CCE5
:10196000E6850945D5B793F7150089CFB72700203D
:1019700083A7879689C7DC4399C30145829713C51E
:101980001400CDBC93F7250091CFB727002083A783
:10199000079791C7DC4381C781450545829713C5E9
:1019A0002400C9BC93F745000145E38507ACB72780
:1019B000002083A7479637240020130444B391CF17
:1019C00085472302F400B727002083A7079791C714
:1019D000DC4381C781450545829748442C10EF7050
:1019E000707B2810EFF0EF99B727002083D767B7F7
:1019F00081CF130600643386C702B727002003C5D2
:101A000087C79145EFC01F8713C54400A5B4411196
:101A100022C4372400200325449606C619C597E042
:101A2000FE1FE780607023220496B24022444101E9
:101A300082805971A2D4372400208327449686D609
:101A4000A6D2CAD0CECED2CCD6CADAC80545638DCE
:101A5000070C9305F1041305F041EF80F14D930558
:101A6000F1041305F041EF80314DB7270020938733
:101A700047B383C727000347F104B337F00011C30E
:101A80008907032744963EDE034537009305470048
:101A9000EFE09F9F032744962ADC0D4583452700EE
:101AA0002EDAEFF06FB52AD81145EFF0EFB403242A
:101AB00044962AD665450347A400034BB4003AD4A4
:101AC000EFF08FB3AA846945EFF00FB32A8971450F
:101AD000EFF08FB2AA896D45EFF00FB22A8A7545F3
:101AE000EFF08FB1AA8A7945EFF00FB1E2046258A6
:101AF000F2572257B2564256D2551375F50F93FA44
:101B0000FA0F137AFA0F93F9F90F1379F90FE184A9
:101B10002ACC56CA52C84EC64AC426C25AC09308D6
:101B200044000545EFB08019B65026549654065926
:101B3000F649664AD64A464B65618280011122CC3D
:101B400006CE26CA8D472E846315F50603C73500D9
:101B5000B7240020E94703D54500938444B36316B6
:101B6000F70083D764006382A706EF60506409C55D
:101B7000835764002317F5000357A400835684009D
:101B8000035664008355440003453400EFE0FFE250
:101B90000357440083D764006309F7008547F24088
:101BA0006244D2443E8505618280FD572393F40050
:101BB000F5B78967CD07631DF50083C72500314759
:101BC0006385E7004547E39BE7FCEFE00FEFF9B7DC
:101BD000B1476319F500B727002003C5D7C7EFE069
:101BE0001FE96DBF41677D178147E31AE5FA83C698
:101BF00055004947E395E6FA83C54500035524009F
:101C0000300023140100EF60D04649BF411122C4C7
:101C1000372400208347249826C206C64AC01307EB
:101C2000E00FAE846386E7041307F00F13042498D3
:101C30006387E7021145EFB07FFD15C1930700FDF3
:101C40002300F50089472301F5008547A30095008F
:101C5000A301F500AA8503450400EFC02F8AF957B8
:101C60002300F400B24022449244024941018280A0
:101C70002A891145EFB09FF975D5930700FD230020
:101C8000F50089472301F500A3009500A301250174
:101C90002244B7270020B24092440249AA8503C5D6
:101CA000379841016FC08F8579714AD0372900205C
:101CB0008327499622D406D626D24ECE52CC56CA77
:101CC0004544D5EFB7240020938784C783C74700D6
:101CD0004944958BCDC7B72700202E8A9165A381F3
:101CE000A798AA8993857571314597E0FE1FE78013
:101CF00060352322A9964D4459C123003501A30024
:101D000005002946D285090597E0FE1FE78040516E
:101D100083274996914603C7270063EDE60835EB14
:101D20004D472381E70003C727001367070123817D
:101D3000E700930571001305F041EF80F11F834721
:101D40007100F1EBB727002003C767B38D47631419
:101D5000F70CEFE0BF812C00EF70D0432800EFE0DC
:101D60005FE24545EFF04F89014411C91306006455
:101D70003306C50203C584C79145EFC0AFCF2285A6
:101D8000B250225492540259F249624AD24A4561F1
:101D9000828085466314D700754761B7894663140E
:101DA000D7004947BDBF8D466314D700414795BF53
:101DB000554785BF9546CA8A630ED7009946631674
:101DC000D70009472381E70031A01D466314C702ED
:101DD000238107006545EFF02F829307F007E30AA0
:101DE000F5F403A74A968347270093E707042301E6
:101DF000F70081B721466314C7000547E1B72546C0
:101E00006315C7002381D700F1B7A9460544E3183D
:101E1000D7F6114745BF31392A8435D1CD3E85B734
:101E2000011126CAB724002083A7449622CC06CEEF
:101E30004AC84944B1C783C707000D446392A70449
:101E400037290020034589C78945EFC06FEB03455B
:101E500089C7B7270020914523920798EFC04FEA22
:101E600083A7449601478146A38087001306F100AB
:101E7000854785450145A307F100EFA090672A84B7
:101E80002285F2406244D2444249056182800111B8
:101E900006CE22CC26CA4AC88547631EF5063724DB
:101EA00000201304449883570400A9CB372700204F
:101EB000034787B321E71307B003636CF702B72426
:101EC000002003C584C78945EFC08FE30356040093
:101ED0009307006403C584C73306F6028945EFC043
:101EE0006FB923100400F2406244D24442490561B4
:101EF0008280938747FC2310F400F5B7B7270020B2
:101F000083A74796EDD36244F240D244424903C5C9
:101F10000700056131B7B724002083A74496E1D7B5
:101F200037270020130987C783474900918BC5DFF6
:101F300089476313F5062D452EC6EFB03FCD2A84A1
:101F40005DD1B245930700FD2300F500E547A300EE
:101F500005002301F50083C7350015051946230F39
:101F6000F5FE83C745009505A30FF5FE97E0FE1F1C
:101F7000E780002B034559009307F00F6316F50027
:101F800083A7449603C50700A2856244F240D24469
:101F9000424905616FB09FD6034587C78945EFC0A9
:101FA0002FD66244F240D2444249B7270020239200
:101FB000079805616FF0BFA549458280B7270020CB
:101FC00083C7C7C7958B638F07129307C01C63FC39
:101FD000C70009458280F2406244D2444249B24976
:101FE000094505618280B727002083A74796638B48
:101FF0000710B72700209387279803C80700130707
:10200000E00F6311E810011122CC4AC806CE26CA9F
:102010004EC62380A7001305860042053689328408
:102020004181ADC991659385657197E0FE1FE78099
:102030006001AA894DD1B724002003A5C4989384D8
:10204000C49809C597E0FE1FE780000E138589003C
:1020500023A0A9002286814523A0340197E0FE1F1A
:10206000E78020239C402286CA85884397E0FE1F94
:10207000E780001B9C40A286F240239287006244C6
:10208000D2444249B249984305468D45054505610C
:102090006FA0B04591659385557197E0FE1FE7806D
:1020A00060FAAA890DD9B724002003A54499938426
:1020B000449909C597E0FE1FE78000071385890052
:1020C00023A0A9002286814523A0340197E0FE1FAA
:1020D000E780201C9C402286CA85884397E0FE1F2B
:1020E000E78000149C40A286F2402392870062445D
:1020F000D2444249B249984305468D45054505619C
:102100006FA0F03E494582809307C01C63FCA70086
:10211000094582800945F2406244D2444249B249AD
:102120000561828045CD011122CC2A8421054EC64D
:102130004205AE8991659385657141814AC806CE95
:1021400026CA97E0FE1FE780E0EF2A8961D5B72411
:10215000002003A5C4989384C49809C597E0FE1F86
:10216000E78080FC130589002320A9002286814591
:1021700023A0240197E0FE1FE780A0119C40228647
:10218000CE85884397E0FE1FE78080099C4023921C
:102190008700B727002083A747968DCFB727002059
:1021A00083C7C7C7958B8DCBB727002083A7C79858
:1021B00099CF984383D647006244F240D2444249C3
:1021C000B24905468D45054505616FA010320147AE
:1021D0008146DDB7014581B7494535BFB7270020A6
:1021E00083A7479695C7B727002083C7C7C7958B96
:1021F00095C3B727002083A7C79881CB984383D680
:10220000470005468D450545C9B701478146D5BFFD
:1022100001458280494582809307C01C63FCA7006A
:10222000094582800945F2406244D2444249B2499C
:102230000561828045CD011122CC2A8421054EC63C
:102240004205AE8991659385557141814AC806CE94
:1022500026CA97E0FE1FE780E0DE2A8961D5B72411
:10226000002003A544999384449909C597E0FE1F73
:10227000E78080EB130589002320A9002286814591
:1022800023A0240197E0FE1FE780A0009C40228647
:10229000CE85884397E0FE1FE78080F89C4023921C
:1022A0008700B727002083A747968DCFB727002048
:1022B00083C7C7C7958B8DCBB727002083A74799C6
:1022C00099CF984383D647006244F240D2444249B2
:1022D000B24905468D45054505616FA0502101476E
:1022E0008146DDB7014581B7494535BFB727002095
:1022F00083A7479695C7B727002083C7C7C7958B85
:1023000095C3B727002083A7479981CB984383D6ED
:10231000470005468D450545C9B701478146D5BFEC
:1023200001458280494582809307C01C63F4A70061
:1023300009458280797122D44ECE06D626D24AD063
:10234000AE892A842DC12105916542059385757159
:10235000418197E0FE1FE780E0CE2A8909456306A8
:102360000908B724002003A504999384049909C59A
:1023700097E0FE1FE78040DB130589002320A900BA
:102380002286814523A0240197E0FE1FE78060F0AC
:102390009C402286CE85884397E0FE1FE78040E878
:1023A0009C4023928700B727002083A747960145CA
:1023B0008DCFB727002083C7C7C74945958B95C7E1
:1023C0006C001305D030EF90D164B247014593F70C
:1023D000070F81CFB727002083A707998D450545B3
:1023E000944303D64700EFA01011B25022549254E8
:1023F0000259F24945618280B727002083A7C79818
:1024000091CF03D647008C43411106C697E0FE1FCB
:10241000E78000E1B24001454101828009458280A8
:10242000B727002083A7C7988DC7B727002003A729
:102430004799894705C3035647000C43411106C617
:1024400097E0FE1FE780C0DDB24081473E85410135
:10245000828089473E858280797106D622D426D231
:102460004AD04ECE52CC8D4763FCA7008944B2506F
:102470002254268502599254F249624A456182806B
:1024800037290020034749B3C144E312F7FE9307FD
:10249000F5FF930949B393F7F70F8546AE842A8475
:1024A00003CA2900130949B363EAF6068DE1994589
:1024B0002800EFD03FDBB729002003C589C791452D
:1024C00023018900EFC0CF8335E481444DB719461D
:1024D0008145280097E0FE1FE780A0DB19462C000D
:1024E000268597E0FE1FE78020DF49F11946930516
:1024F000F00F280097E0FE1FE780A0D919462C00B6
:10250000268597E0FE1FE78020DD2DF11946A68580
:10251000280097E0FE1FE780A0D071BFE31DE5F81B
:1025200003A5C9002C00EF70E046AA8449D5238199
:10253000490135BF2800EFE0CFE4AA840DED9305F3
:1025400071001305F041EF80211F83447100B5FC39
:102550008D47E31CF4F64545EFE01F8A3DD5B7777C
:102560001800938707A03306F50203C589C7914574
:10257000EFB0DFF1EDBD23014901D5BDB727002044
:1025800083C7C7C7918B8DC3372500204111130521
:10259000859806C6EFD07FCCB240B72700207D5784
:1025A000239DE7B24101828001456FD01FCBB72741
:1025B00000207D57A381E798B72700207957238112
:1025C000E798B7270020238C07BCB7270020239269
:1025D0000798B727002023A60798B727002023AA2B
:1025E0000798B727002023A8079837270100B727A7
:1025F0000020938707A21307877C98C33727010021
:102600001307E7E8D8C337270100130727A398C7A4
:10261000B7270100372700209387C7B32324F798F3
:102620008280411126C2B724002083A7449606C6A3
:1026300022C48DCF2A840D45EFB04FDDAA8505C198
:10264000930700FD2300F5008D47A30085002301BB
:10265000F50083A7449603C50700EFB02FEA19C41D
:102660002244B240924441016FF06FBAB24022441A
:10267000924441018280797152CC372A002083270D
:102680004A964AD006D622D426D24ECE56CA014900
:10269000B1C703C91700B72400208547AA899384CE
:1026A00044B36307F90483C74400054985EB0D452E
:1026B000EFB0CFD5AA8505C1930700FD2300F50033
:1026C0009147A30035012301F50083274A9603C5EE
:1026D0000700EFB0AFE2EFF08FB30549B2502254DC
:1026E0004A8592540259F249624AD24A456182802F
:1026F000B727002083A7C798D28A85E30145EFE07A
:10270000AFEF2A8601CAB727002003C587C78945CE
:10271000EFB05FB683A74A9681A8944303D64700DB
:102720009305E1000545EFD07FBE69D983470500D9
:10273000858BE9D70545EFE02FEC9307B0032A849A
:1027400063F0A704B727002003C587C75D6613069B
:1027500006708945EFB09FD3B7270020130444FCCF
:102760002392879883274A960947A380E70083C767
:10277000440081C72382040095B74E855D35B9BFFB
:10278000130600643306C502B5BF411122C42A8472
:102790000D4506C6EFB08FC705C5930700FD2300A2
:1027A000F500CD472301F500A30085002244B7279B
:1027B0000020B240AA8503C5379841016FB00FD4FD
:1027C000B24022444101828083564500011189674D
:1027D00006CE22CC26CA138667002A876399C600D4
:1027E0001C47014583C50700EFF04FC23DA8138683
:1027F00087006397C6001C47054583C50700EDB7F2
:10280000138697006395C602B727002083A74796D3
:10281000014595C71847034507006311050E054795
:10282000A380E7000545EFA06044054509A813868D
:10283000A700639BC6001C4703C507002D3DF2405F
:102840006244D2440561828013866703E38AC6F836
:1028500013867703E381C6FA138687036392C60A59
:102860001C45372400201307E00F83C4070083476B
:10287000249813042498638EE7021307F00F6386ED
:10288000E7021145EFB08FB8AA8505C1930700FD97
:102890002300F5008947A30095002301F500A3015B
:1028A000050003450400EFB06FC5F9572300F4009D
:1028B000ADBFB727002003A747963E84014541D30B
:1028C0008DEC85447D4523059100EFE0EFD2231682
:1028D000A10013050002EFE02FD283274496A30541
:1028E000A1001307B100A380970074001306A10094
:1028F00085450545EFA0E03F0DBF26851D3335B763
:1029000013869703E389C6F21386E7036397C6002D
:102910001C45094583C50700C1BD9387F7030145E1
:10292000E39FF6F01C4703C5070005E96C0013059B
:10293000D030EF90110EB247414793F7070FE3866F
:10294000E7EE9305B10013056031EF90910C03455C
:10295000B1008545EFA0603AC9BD053DF9B5B7277F
:10296000002083C7C7C7411106C6958B99CB372571
:102970000020130505A2EFD0BF8D4D45B2404101A7
:1029800082800145EFD0DF8C0145CDBF03C7050034
:10299000937625009377D70F99C293672700131872
:1029A00085011358884113F7F7076354080013E7AC
:1029B0000708937685009377770F99C2936787000E
:1029C0001377050293F6F70D19C393E607022380E8
:1029D000D500634508009377A50281CB83470600A5
:1029E00093E7C7002300F60082807DFD8347060041
:1029F000CD9BCDBF2D456319071403C805000947BA
:102A00006310E814C8410347150003450500220779
:102A1000498F42070D654187930825A0630B170B6B
:102A2000011122CC26CA4AC84EC606CEBE89B6843B
:102A300032842E8963CEE800930705A0630DF70268
:102A4000130515A06300A706239004000545B5A053
:102A5000930745A06309F7086348F706130565AABD
:102A6000E314A7FE85472390F600DC4583C70700E3
:102A70002300F60091A0C84597E0FE1FE780808400
:102A8000420541814E86637335012A862390C40036
:102A9000420641828325C900228597D0FE1FE78028
:102AA000207819A8DC4583D707002390060123006E
:102AB000F600A183A300F6000145F2406244D2442F
:102AC0004249B2490561828099472390F600194630
:102AD000D1B785472390F600DC45014583C7070041
:102AE0002300F6008280DC45A9CB21472390E60035
:102AF00003D707002300E60003D707002183A300C4
:102B0000E60003D727002301E60003D7270021832F
:102B1000A301E60003D747002302E60003D74700DE
:102B20002183A302E60003D767002303E60083D7CF
:102B30006700A183A303F60041B723900600ADBF51
:102B40002390060005458280828083C8050089475E
:102B50006394F816DC41797122D406D626D24AD085
:102B60004ECE52CC56CA03C8170083C707002E8426
:102B700022083368F80042088D6713580841138310
:102B800027A0630C68102A8A3A89B684B285634C00
:102B90000301138707A0630BE802938717A0630163
:102BA000F80A854711A8138737A06303E80C138739
:102BB00067AA8D47E317E8FEB25022549254025997
:102BC000F249624AD24A3E8545618280484432C613
:102BD00097D0FE1FE780006F420541819D47E36D5E
:102BE00025FDB72A0020938AAA9983C70A00B30952
:102BF0009900B24563D43701B5477DBF4844268666
:102C0000C2094A9597D0FE1FE780806103C60A007B
:102C1000484493D9090105063306364181454E954E
:102C200097D0FE1FE780E066B727002083A7C799EB
:102C300099E3814751B79C438145E5DF52853DA02B
:102C4000AD47E31B09F6E39916FB8347160083465D
:102C500006005844A207D58F2310F700B72700209D
:102C600083A7C799F9D79C438545E1D78297D1B708
:102C7000AD47E31309F49947E390F6F84844194641
:102C800097D0FE1FE780C059B727002083A7C799B8
:102C9000CDD39C43D9DF8D4555B7AD4711FF85474F
:102CA000E39CF6F40347060093070008E3E6E6F02A
:102CB000DC452380E700B5BF85473E858280B72786
:102CC000002023AE0798B7270020A38D0798B727C9
:102CD0000020238D0798B7250020B707A000938513
:102CE000C592938707059CC1B707E803DCC137D6B7
:102CF0000200B72700209387878313068622D0C35C
:102D0000B72E002037D602000947938E7E92130615
:102D1000C61F372E00202380EE00130E4E92D0C720
:102D200023AED70137230020B72800203728002002
:102D30003725002037D60200B7DE0200854613068D
:102D4000C6202300EE009388889223AEC7031303A6
:102D500083991308689213055592938E4E2137DE9E
:102D600002002380E8002380E7002388E700238017
:102D7000E7022388E7022380E7042300E800238496
:102D8000D70023950700D0CB238CD700239D0700C5
:102D900023A2D7032384D7022395070223A6070281
:102DA000D0DB238CD702239D0702231003002300CE
:102DB000D500130E4E2023A2C7052388E70423AEB7
:102DC00017052380E7062388E7062380E708B7D89E
:102DD000020037D70200130787209388482223A2D6
:102DE000E7082384D7042395070423A66704F0CBC0
:102DF000238CD704239D070423A217072384D70617
:102E000023950706ECD7F0DB238CD706239D070616
:102E100023AE07072384D7082395070823A6A7080E
:102E200037370100B72700209387878C1307479F08
:102E300098C3373701001307A7B4D8C323A40700EA
:102E40008280A54763ECA710B7D70200938747C0DD
:102E50000A053E951C41011122CC26CA06CE4AC85D
:102E6000B2842E8482879307800F63F9B70061458F
:102E7000F2406244D24442490561828037290020F1
:102E800093078983C8571309898309C997D0FE1FFF
:102E9000E7808029B7270020238D079813061400A8
:102EA000916593850571328532C697D0FE1FE78004
:102EB00060192326A90245DD3246814597D0FE1FC1
:102EC000E780203D0325C9022286A68597D0FE1FF4
:102ED000E7800035B7270020238D8798014549BF3B
:102EE0008947E396F5F803570600B7270020239C8F
:102EF000E798EDB7A147E39CF5F63725002021467A
:102F0000A6851305C59297D0FE1FE7806031F9B7FB
:102F10008547E39EF5F4B725002093858583D04D42
:102F20009385850203C50400EFF05FA645BF854782
:102F3000E39FF5F2B725002093858583D05D9385C7
:102F40008504CDB78547E394F5F203470600B7271C
:102F50000020A382E79259B7094519BF094582802D
:102F600005476302E5044111AA8706C62E8581CF75
:102F700011476383E70425476388E7048947B24024
:102F80003E8541018280B727002083A54786894777
:102F9000FDD5B727002003C6A79997D0FE1FE7806D
:102FA00020288147E9BFB727002083D7879923903E
:102FB000F50081473E858280B72500202146938514
:102FC000C592EF90D136F1BFB727002083C7579243
:102FD0002380F500F9B7B72700209387B79903C777
:102FE000070015E305472380E700058909CDB726CB
:102FF0000020372500209386868C4146A545130581
:1030000085836F30606D01458280011106CE22CC30
:103010000546638CC50211460944639EC5023EC63F
:103020003AC436C2EFD04FC12A8492462247B247F3
:103030001DE13E86BA853685EFD06FB6EFF03F9240
:10304000EFF0CFD3EF60307C39A0EFD0EFBE2A8411
:1030500019E1EFF0DF902285F24062440561828041
:1030600079714ECEAE896C0022D426D24AD006D6D3
:103070002A89B284EF00907A2A840DE1CE854A85B0
:10308000EFC0BF862A8419E93245B70601002687BA
:103090009386C68D2D468145EF10E0122285B250F1
:1030A000225492540259F2494561828079714ECE80
:1030B000AE896C0022D426D24AD006D62A89B284A0
:1030C000EF00D0752A840DE1CE854A85EFC01F90B0
:1030D0002A8419E93245B706010026879386269C83
:1030E0004D468145EF10200E2285B2502254925455
:1030F0000259F24945618280397126DAAE844C006A
:1031000022DC4AD84ED652D406DEAA893289368AC3
:10311000EF00D0702A8431EDA6856303090283D7BE
:1031200004002C002314F10083D724002315F100A0
:10313000930720302316F100930780022307F10044
:103140004E85EFC06FF72A840DE55946A685130515
:10315000A1002304210197D0FE1FE780600C1245D7
:10316000B706010052879386668825462C00EF102B
:1031700080052285F2506254D2544259B259225AE3
:1031800021618280797126D2AE846C0022D44AD02B
:103190004ECE06D6AA893289EF0050682A840DE106
:1031A000A6854E85EFC04FF62A8419E93245B70649
:1031B00001004A879386A68F3546A685EF10A000AA
:1031C0002285B250225492540259F24945618280BC
:1031D000BD47638CF50663E9B702A5476387F5062B
:1031E00063EDB7009947638CF5049D47638FF50441
:1031F0009547638CF50401458280B5476387F504E4
:1032000063E1B704AD47F5B7DD47638EF50263EAC6
:10321000B700C947638BF502D9476386F502C547F6
:10322000C9BFF5476383F50263E4B700ED47D1B743
:1032300093072005638BF5009307200D5DBF48457C
:1032400082800841828008458280484182809307BD
:10325000F00F630EF506011126CAAA8413050002B9
:1032600022CC4AC84EC652C456C206CE3A89B68946
:10327000B28A2E8AEFA09F992A844D4515C89307DC
:1032800000FB2300F400A300540123114401230296
:10329000340113058400614663050902CA8597D08D
:1032A000FE1FE780E0F7A2852685EFA03FA5014538
:1032B000F2406244D2444249B249224A924A0561EC
:1032C0008280814597D0FE1FE780A0FCE9BF0945B9
:1032D0008280011122CC06CE2A842306B100A306E7
:1032E000C100EF50C06C15C18346C500B727002050
:1032F0002147938787C7639EE60003C56700780070
:103300009306E0070146A2859937F24062440561C1
:10331000828078009306E0070146A28503C5570026
:10332000E5B7930700643306F6026FB0EF8905C96D
:103330000347050085469307270093F7F70F63F0CF
:10334000F602411122C42A843A8506C6EFB02FA2A4
:10335000FD572300F400B240224441018280828064
:10336000035705009307000B6313F70283474500DB
:103370004947639CE7000347150185476399E700C8
:103380000355250085456F30B0646D47C5BF828009
:1033900001112314B1006C0022CC26CA4AC806CE03
:1033A0002A89B6842315C100EF0050472A840DE115
:1033B0002C004A85EFC08FC62A8419E93245B7F63A
:1033C000000026879386467D15462C00EF00B05FEF
:1033D0002285F2406244D24442490561828079717B
:1033E000930720302314B1002315C1002316F100E8
:1033F0002C0093078002014606D62307F100EFF068
:10340000BFCFB25045618280C177797185073EC4D4
:10341000894726D22316F100AE84930780024C0020
:1034200022D44AD006D62A892307F100EF00103FA4
:103430002A840DE12C004A85EFC06FD62A8419E951
:103440001245B706010026879386A69645462C00AE
:10345000EF0070572285B2502254925402594561B0
:103460008280B28605466FF03FC9797126D2AE845C
:103470006C0022D44AD04ECE06D6AA893289EF00FB
:10348000F0392A840DE1A6854E85EFC04FB02A841D
:1034900019E93245B7F600004A87938606770D464C
:1034A000A685EF0050522285B25022549254025900
:1034B000F249456182807971930720202314B1007D
:1034C0002315C1002316F1002C009307800201464A
:1034D00006D62307F100EFF03FC2B250456182806B
:1034E000011122CC06CE2A842EC632C436C2EF5039
:1034F000004C0DCD0345C500B7270020A14693879A
:1035000087C712472246B245631CD50003C5670032
:10351000B2862E86A2856244F24005616FF03FD3E9
:10352000B28603C557002E86A285F5B7F2406244E5
:103530000545056182806FF0BFB26FF07FB26FF01A
:103540007FC46FF03FC479714ECEAE896C0022D437
:1035500026D24AD006D62A89B284EF00302C2A849B
:103560000DE1CE854A85EFC00FBC2A8419E93245AA
:10357000B70601002687938686913D468145EF0078
:1035800090442285B250225492540259F249456126
:103590008280B28601466FF03FB6011122CC2E84A4
:1035A0006C0026CA06CEAA84EF005027DD47630AC6
:1035B000F500930710102314F400A2852685EFC0B0
:1035C000EFC0F2406244D24405618280239405003A
:1035D00083D7850099E36FF07FAD09458280FDB701
:1035E000B727002003C7279D854763F9E70201112C
:1035F00022CC2E846C0026CA06CEAA84EF001022AC
:1036000009E9930700102314F400A2852685EFC072
:10361000EFBBF2406244D24405618280594582800A
:10362000B727002023A0A79A8280B727002023A2D3
:10363000A79A8280011122CC26CA06CE2A84AE84A3
:10364000EF50E036A6852285EFB09FDF0DE9228599
:1036500023169100EF50A0351DC18346C500B72742
:1036600000202147938787C76390E60203C5670060
:1036700078009306F0070146A285EFF05FBDF240A7
:103680006244D2440561828003C55700D5B7011159
:1036900026CA06CEB68422CCDD4663E2B608D946F9
:1036A00063FED50AA5466381D50A63EEB604954646
:1036B000638CD50899466387D50A054441687D180F
:1036C000631606093AC6EFB07FDB33068540324702
:1036D00042064182420441803305C4004205BA8556
:1036E000418132C6EF30F03FAA8749C181C43246DA
:1036F0002390C400B30580406244F240D2443E852A
:1037000005616FA04FC4C5466380D504C9460D440A
:10371000E395D5FAC167FD17E31EF6FA65B7F546DE
:103720006380D50463E4B600ED46D5B79306200563
:103730006388D5029306200DE391D5F8C167FD1784
:103740000D446319F600BDBF09448DBF9306200DDB
:10375000E392D5F8310642064182ADBF15445DBF04
:103760000D444DBFC167FD171D447DB7F240624453
:10377000D24405618280011122CC26CA06CE03C63E
:1037800045002E841307000281469945AA8401371B
:103790002AC629CD835704000346440093055400EC
:1037A0002310F100835724002311F10089472312CD
:1037B000F100930780022303F10097D0FE1FE780FA
:1037C00020A6834744008A8526852314F100EFC094
:1037D000AF872A8411C5324597D0FE1FE780C09479
:1037E0002285F2406244D244056182804D44CDBFBF
:1037F0005D7186C6A2C4A6C2CAC04EDE89476306F2
:10380000F600C14709446319F6040144B1C52E8985
:103810004C0832C6B689AA84EF0050002A8432468A
:1038200005EDC1778507CA851305D1013ECC230E6E
:10383000C10097D0FE1FE780A09E2C082685253F5B
:103840002A8419E95245B70601004E879386C6823D
:103850001D462C08EF0030172285B64026449644BA
:103860000649F25961618280797122D436844AD046
:103870004ECE52CCB2892E8A3A8981461307100265
:103880002286D94526D206D6AA84EFF05FE02AC662
:1038900029C12286CA8523148100231241012313E2
:1038A000310197D0FE1FE780A0974C002685EFC01E
:1038B000AF9C2A8411C5324597D0FE1FE780C08691
:1038C0002285B250225492540259F249624A45610B
:1038D00082804D44F5B7011122CC26CA06CE4AC8D3
:1038E000DD472A84AE84638DF502814703550400C9
:1038F0006C002306F100EFC0AF9B0545638DA40863
:1039000003458400B165938505B8EFA01F81E547A5
:103910002301F400B7070100938767AA5CC09DA844
:10392000034755013149B2863306270318499C42A3
:1039300032971043E31BF6FA83D74600035647003D
:10394000E315F6FA8C46084797D0FE1FE780C0982B
:1039500049DD8347540103474401850793F7F70F77
:10396000A30AF40063FFE702B3872703184803554F
:103970000400BA97984783D6470003D6270083D51B
:103980000700DD353DF103458400B165938505B839
:10399000EFA0AFF85945F2406244D2444249056174
:1039A00082808347640199B7011122CC26CA06CED2
:1039B000DD472A84AE84639BF50603550500EFB00E
:1039C000FFAB0356C40183562401035744016D160F
:1039D0002A9642064182B307D640C207231EC4007E
:1039E000C18363F0E7089305C5FF3308F740635BC5
:1039F000B802BA96918EC206184C8355040103553D
:103A00000400C1823E978D3515E103458400B16500
:103A1000938505B8EFA06FF05945F2406244D24457
:103A2000056182806D1593160501F9B7814703552D
:103A300004006C002306F100EFC08F870545E38E7C
:103A4000A4FC03458400B165938505B8EFA0EFECB5
:103A5000E5472301F400B7070100938767AA5CC01C
:103A600065BF8547E9B7397126DAAE842C0022DCC0
:103A70004AD84ED606DE2A89B2894D232A8421ED02
:103A80004A85EFB0BF9F83D644006D1563C5A6007D
:103A900093160501C182984403D6240083D50400FF
:103AA0004A85EFF07FDC2A841DE53146A6850808AB
:103AB0002306010097C0FE1FE780807683D724008D
:103AC0002245B70601004E87938646A35D466C00EB
:103AD000231EF100CD2D2285F2506254D25442595A
:103AE000B2592161828041B7BDBF797126D206D615
:103AF00022D44AD04ECE52CC56CA5AC88944C5C1E7
:103B000059CE2E842A89BA8A368B328AEFB01F9713
:103B1000930544008147711503D705006352A70A36
:103B2000850793F7F70FB105E318FAFE8A854A85F2
:103B3000F521AA842DE531453305AA0291659385C7
:103B40001570CD4497C0FE1FE780C04FAA8921C9D8
:103B500031463306CA02A28597C0FE1FE780406C3B
:103B600018448356440003562400835504004A85B4
:103B7000EFF09FCFAA841DED0245B70601008547EF
:103B80005687938646A35D464C002302F1004EC43F
:103B900023064101A3060100230761012D25B25030
:103BA0002254268502599254F249624AD24A424B23
:103BB000456182804E8597C0FE1FE780E056C5B7FD
:103BC000ED44F1BF79714ECE37D60200AE89C165A2
:103BD00026D20147AA84894613060623FD1505450A
:103BE00022D406D64AD0EF10301A054431CD2A89A6
:103BF0001307300281461146F5452685EFF03FA9AF
:103C00002AC6554431C18357A900CE8601462314E4
:103C1000F10091472315F10085472300F500B247D5
:103C20002C002685A38007003247FD572301F700AB
:103C30003247A301F700EF10F00A2A8411C532457C
:103C400097C0FE1FE780404E2285B2502254925406
:103C50000259F24945618280411106C6EFF04FD703
:103C600019C5B240410117C3FE1F6700E34BB240C4
:103C700041018280011106CE2AC6EFB00FE632451F
:103C8000B727002023A0079AB727002023A2079A6E
:103C90009145B7270020A38CA7C6EF30E05EF24025
:103CA00005616F20F0387971939705014AD006D6E7
:103CB00022D426D2C187014963DE070AB727002034
:103CC00003C597C72E89EF907FFB2A844DC1034718
:103CD00005009307000A6319F70885474C08A305F8
:103CE000F100EFB0AFECAA840DED8347610171479D
:103CF0006379F708138717FE1377F70F930600020F
:103D000063F8E608858BD5CBB727002083A7079AF1
:103D1000994481CB035524001306B1004C088297C7
:103D2000AA848347B10099C7084409C597C0FE1FFC
:103D3000E780803F95E05247B7070001938707F07F
:103D40007D8FB707120093870710630FF7000347B3
:103D50006101ED47631AF700035524008545EF30F4
:103D60002047CD476388F4002285EF901FE5A167C7
:103D70003349F900B25022544A85925402594561A0
:103D800082803707301405073357F700058B3DDB7A
:103D9000372700200327479A49D70347510151F39A
:103DA0002306F10099472308F100035524006C0015
:103DB00023170100EFB01F84ADB7B727002083A7FA
:103DC000479A9DC3035524001306B1004C088297FF
:103DD00029D9AA8483475101A9F7834761012308A0
:103DE00091002306F100D1B79944EDB7397122DC77
:103DF00026DA06DE4AD84ED652D456D25AD0A54735
:103E00002A84B2846399F51083474502035706005C
:103E1000835A260085072302F5029307F7FFB3872D
:103E2000FA025442C207C183B69703C9170083C779
:103E300007008346C50022093369F900854763906E
:103E4000F60233075703231006008149014A130B7A
:103E50003501931A070193DA0A0163E15907C16733
:103E6000FD176302F90C83570401637EF90A050903
:103E700042098346C4001359090123172401054749
:103E8000035504009305E400639FE6002315F10049
:103E9000930720302316F100930780022314210199
:103EA0002307F1002C00EFB03FA103458400B1656A
:103EB000938505B8EFA06FA65945BDA083D6240011
:103EC000DC4083452401ED1613865900C206C182E9
:103ED0003E965A85EFB0EFC505C9630C3A01C8405C
:103EE00003D62400B3053501529597C0FE1FE78025
:103EF000203383D724003E9A83D70400420A135A02
:103F00000A0185072390F40083D72400BE99C209D3
:103F100093D9090199B703474600A9476310F702EF
:103F20008347450281CF0145F2506254D254425931
:103F3000B259225A925A025B21618280834624013F
:103F40001309340137D502004A86894513058522B5
:103F5000EFB02FBE19C10545C1BF8346240137D537
:103F600002004A8689451305C522EFB08FBC65F56E
:103F70008346240137D502004A8689451305052268
:103F8000EFB02FBB69F98346240137D502004A867A
:103F900089451305C520EFB0CFB955FD03C74400CF
:103FA000BD47E3EAE7FAA56793874712B3D7E7006F
:103FB000858BD5D38347440285072302F40203D9B6
:103FC000240071BDB727002003C607C8B72700200B
:103FD00003A7879A81476315F6008146368582805C
:103FE000BA8613078702835587FDE389A5FE8507F7
:103FF00093F7F70FCDB7011106CE2EC6E13701CDED
:104000008347A500B245138717006396E50093F731
:1040100007F82305F500F24005618280011106CE04
:104020002EC64D3705C5B24591C188C1834785006D
:104030001307E00F5D456388E7001307F00F0145A4
:104040006383E7005945F240056182800945E5BF79
:10405000411122C42A84210506C626C24AC0EFF0B7
:104060000FAD83472400A51793F7D70F91EB0347B4
:10407000C40085476310F7061C4881443149A9E311
:10408000FD5723010400A304F400230204021305D6
:10409000C4002244B2409244024961468145410134
:1040A00017C3FE1F6700E31EB38724033E95084530
:1040B00009C597C0FE1FE7802007850493F4F40F1D
:1040C000834744010848E3E1F4FE97C0FE1FE78000
:1040D000A0057DB7084C75F965B7411122C441644C
:1040E00006C626C29307E4FF630CF500AA8491ED8F
:1040F000D13D19E51305F4FFF13519C123109500E1
:10410000B240224492444101828085476394F50481
:10411000EFF05FEB2A846DD5FD572310F500834740
:1041200084001307F00F6384E7021307E00F638B2B
:10413000E700834624000345940001475146A685C5
:10414000EFF0EF9022852937FD572304F400230573
:1041500004007DB78947E395F5FA8545EF4090283F
:1041600045F12685EFF01FE62A8455F951BF39C97C
:10417000034785009307F00F6306F704011122CC73
:1041800006CE2A8483462500835505000345950005
:1041900001475D46EFF0AF8B03472400E147631909
:1041A000F700035504006C0023060100EFB05F9098
:1041B000F9572304F4002285EFF09FE9F2406244AE
:1041C0000561828082809307F00F6306F706011174
:1041D00022CC26CA2A844EC6AE84B689AA85930606
:1041E0008500374501004AC852C43A89328A13050E
:1041F000E516794606CEEFF0CF92A3042401230101
:1042000044012322340185C01305C4006244F240F6
:104210004249B249224AA685D2446146056117C384
:10422000FE1F6700E3FFF2406244D2444249B249B4
:10423000224A056182808280B7270020238AA792C4
:1042400082809547639CF50683474502854685072E
:104250002302F50283570600584203462600FD1745
:10426000C207C1836318D6048A07BA9703C7170029
:1042700083C707002207D98F0357E50063F9E704D6
:10428000411106C622C485072316F5002A8493052A
:10429000C50003550500EFB06FD803458400B16534
:1042A000938505B8EF907FE7B2402244D9473E8519
:1042B00041018280C946B387D70245BF8346460085
:1042C000294785476396E6000347450211C38147A6
:1042D0003E8582809D476392F5068347450283565B
:1042E000E50085072302F502835706005842FD17B3
:1042F0008A073E978347170003470700A207D98F15
:10430000014763F6D704411106C622C485072A84F3
:104310002316F5009305C50003550500EFF0AFC562
:1043200003458400B165938505B8EF901FDFB24067
:10433000224459473A854101828083464600A94775
:1043400005476396F60003474502133717003A8581
:104350008280411122C406C626C2B5472A84639BC7
:10436000F50483474502B28485072302F50203550D
:104370000500EFB0AF9083D704001307F5FF0145A8
:1043800063C5E7020357E400035504009305C40026
:10439000BA972317F400EFB02FD703458400B16517
:1043A000938505B8EF907FD75945B2402244924497
:1043B00041018280034746009D470545E317F7FE0C
:1043C0000345440213351500CDB7C547639EF50676
:1043D0008357060003572600FD17B387E7020347FC
:1043E000450205072302E5025842C207C1833E97F2
:1043F0008347370003472700A207D98F41677D17FE
:104400006395E70081473E85828013871700231656
:10441000E5000357E500E3F7E7FE411122C49305E9
:10442000C5002A840355050006C6EFB04FD70345E3
:104430008400B165938505B8EF903FCEB240224429
:10444000D9473E85410182808346460029478547FA
:10445000E39BE6FA0347450255F775B7011122CCF5
:1044600026CA4AC852C406CE4EC683C72500154781
:104470002A8AAE8432843689639DE7043686A28513
:104480002685EFF01FDCAA8955E985476318F40AF1
:1044900003474900A9476301F70203C594004A870F
:1044A00085460146D285EFE09FDA19E585454A85C4
:1044B000EFE01FD21334150083C6240003C5940017
:1044C00001476946D285EFE09FD82685EFF05FB8B7
:1044D00051A01D476398E7003686A2852685EFF038
:1044E0007FDF55B725476398E7003686A285268586
:1044F000EFF0DF8F49BF35476398E7003686A28526
:104500002685EFF01FE541B745476398E7003686FB
:10451000A2852685EFF07FEBBDB75D47639FE7007F
:1045200003C7C50085473686A2852685631DF70229
:10453000EFF06FBA8547631BF5048549A5476317FC
:10454000F402835709009DE30544E38709F6D94740
:10455000E39DF9F62285F2406244D2444249B249D1
:10456000224A05618280EFF02FC4E9B703C59400A9
:104570004A87A2860146D285EFE07FCD71F5A285FC
:104580004A85EFE0FFC413341500C1B70544D9B71D
:10459000397122DC06DE26DA4AD84ED652D456D2FB
:1045A00083D705001944B1E783C925002A89328AD7
:1045B000938759FE93F7D70FAE84DDE7B727002026
:1045C00083C647931307F00F938A47931944638276
:1045D000E602F5476394F904EFF0DF9EAA8921C152
:1045E0000346A5000DCE93178601E18763DD070022
:1045F00001442285F2506254D2544259B259225A8F
:10460000925A21618280F5454A85EFE09FCC83C7AD
:10461000A90093E707F82385F900D9BF814983D61C
:104620004400904483C5140003C504003800EFB073
:104630002FC92A845DFD83C6240003C50A00380003
:104640000146CA85EFE0BFC02A8445F5B24799C349
:1046500023000A0083C724007547E39BE7F8E3893A
:1046600009F82385F90071B7EFF0DF95AA8A49D1DF
:1046700085476391F90A83D5440088443000EFA050
:10468000DFE12A843DF503C72A00C54763F2E70A44
:10469000DD476301F70CB727002003C59A0083C7E5
:1046A00097C7639CA70A014403C72A008D47631F6D
:1046B000F7048357810003D7CA0063F4E700239609
:1046C000FA0083D5CA004A85EFE0DFF6B72700205D
:1046D00083D707AE6D47637BF70283D5CA005D477A
:1046E0006376B7021387350091056349F700130716
:1046F000B00FBE856374F7009305B00F1166C20555
:1047000013060629C1814A85EF8080535685EFF054
:104710003F94C5B5834725001144E39C37ED5C41C8
:10472000E38907EC83D5440088443000829791BF29
:10473000B72702009387072AB3D7E700858BA1DF4D
:1047400003C624003400D6854A85EFF03FD123000C
:10475000AA0045B583A70A01DDB783C62400380047
:104760000146CA85EFE0BFAE2A841DFD83C5240043
:104770002800EFE0FFA505D923000A0035B7011195
:1047800022CC3724002006CE26CA4AC84EC652C4C0
:10479000930984C703C58900930780029165330597
:1047A000F50293856570372900209304899A97C094
:1047B000FE1FE780208903C6890093078002814598
:1047C0003306F60288C097C0FE1FE78080AC9C408D
:1047D0004D45A1C3930484C71309899A0144130A60
:1047E0008002FD5983C78400636DF40237450100E0
:1047F00013050559EFE0DFE237450100130565FFBA
:10480000EFA09FB9374501001305A50DEF40A03477
:104810000145F2406244D2444249B249224A05610C
:104820008280B307440303250900614681450504DE
:104830001374F40F3E952310350123010500231452
:1048400035012305050023020502310597C0FE1F2F
:10485000E78020A441BF01458280B727002083C69E
:1048600017C8814763E5D70001473A8582802E87C4
:10487000910503D6C5FFE30AA6FE8507E5B70DCD72
:10488000834725000547890793F7F70F6376F702FB
:10489000411122C406C62A8483550500034535000C
:1048A0000147F9465D46EFE09F9AF9572311F4005E
:1048B000B2402244410182808280B727002003C792
:1048C00017C8FD56814763E3E70082802310D500B7
:1048D0002301050085071105FDB7014582803726B4
:1048E000002013063694930700022300F6003727B2
:1048F0000020FD572301F79437270020230BF79260
:1049000037270020A30AF7928545B7270020239078
:10491000B794B72700202396079AB727002023AA29
:10492000079AB727002023A2079CB727002023ACB3
:10493000079AB7260020B7D70200938686939387FD
:10494000C721DCC2B72700202387079AB72700209A
:104950009387478D09472380E6002380E70023885B
:10496000E7002380E7022388E70237D70200130716
:104970000721D4C7D8DBB7D602000D47238CE70246
:104980009386C62037270020D4CB0327079B37D533
:104990000200B7D602001305852293860623C8C3FA
:1049A0002384B70023950700238CB700239D0700BD
:1049B000D0CFD4D3238407022395070223A607026E
:1049C000239D0702D8DFB7270020375701009387C0
:1049D0004791130767A923A00700D8C323A40700A2
:1049E0008280411106C6EFF05FE711C5034525003F
:1049F000B240410182800145E5BF411122C426C277
:104A00004AC006C6AA842E893284EFF01FE511E958
:104A10004165CA857D15EFF05FE4C54711C52310D8
:104A20009500230185008147B24022449244024907
:104A30003E854101828029E7894835476393160501
:104A4000011106CE22CC26CA0347160003460600F3
:104A500093C7F7FF2207598EF18F32C68DE7C44501
:104A60002A84A685EFF0FFF732460147630FA600C0
:104A700022856244F240A685D24405616FF0FFF7BB
:104A80002D473A85828013070008F2406244D244E1
:104A90003A850561828083C805000948639508034B
:104AA00003A845008347180003480800A207B3E79E
:104AB0000701C2070D68C187130828906395070195
:104AC00089476FF05FF705458280011122CC3724BA
:104AD0000020130464930347040006CE26CA4AC884
:104AE0004EC69307F00F6300F704AA892945B284E4
:104AF0002E89EF90AF9105C99307100B2310F50095
:104B000023020500231135012313250123149500E9
:104B1000AA85034504006244F240D2444249B249A6
:104B200005616F90AF9DF2406244D2444249B24960
:104B3000056182804111B727002026C2AE8483A57B
:104B4000079B22C406C62A84EFF0BFE9098909C978
:104B500022852244B240A685924441016FF08F869F
:104B6000B24022449244054541018280411122C451
:104B700026C24AC006C6AA84130445001309850B41
:104B8000835704009DC3084409C597B0FE1FE78002
:104B9000A05922853146814597B0FE1FE780606F9E
:104BA0003104231A04FEE31D24FDB2402244FD57C4
:104BB0002390F4000249924441018280B7270020EB
:104BC00003C617C8B727002003A7C79B81476315F3
:104BD000F600814636858280BA861307870B835597
:104BE00087F4E389A5FE850793F7F70FCDB7B727BD
:104BF000002083A7479C89CB03D747006314A700F5
:104C0000884782809C43C5BF01458280411106C60A
:104C1000F93F09C50845B240410182800145E5BF21
:104C2000011126CA9384450022CC4EC606CE4AC83E
:104C300052C456C25AC026878149014481468147E1
:104C40003D450356070055CED9E20354470083572C
:104C50002700B286A297C207C18385093107E39274
:104C6000A9FE25C82E89916593854570228597B048
:104C7000FE1FE780203D2A8B29CD814A014A8C44C2
:104C800085C503D6440033054B0197B0FE1FE7806E
:104C9000205983D7440088443E9A420A135A0A0195
:104CA00097B0FE1FE780404863890A00314681457E
:104CB000268597B0FE1FE780C05D850AB104E3E05A
:104CC0003AFD2326690123148900054521A0630DBF
:104CD000D6000145F2406244D2444249B249224AD8
:104CE000924A024B0561828003562700E313F6FEC9
:104CF000035647003294B2974204C2074180C183F1
:104D0000A9BF0545E37835FDA9BFB727002083A7D4
:104D1000879B99E30145828098470357A700631555
:104D2000A7001385470082809C43E5B7411106C662
:104D3000E93F11C503550500B2404101828001459C
:104D4000E5BF411106C6D13711C503452500B24064
:104D5000410182804145E5BF411122C42A842E854C
:104D600006C6C537AA8505462285EF3070479547A8
:104D70006305F500BD476313F5002145B2402244A9
:104D8000410182804111B727002022C406C603A436
:104D9000879B81469387879B29C018440356A700A9
:104DA00018406317A60285CA98C22E8581C921467C
:104DB0009305440097B0FE1FE7808046228597B098
:104DC000FE1FE78060360145B240224441018280E7
:104DD000A2863A84D1B798C3C9BF0545F5B737272E
:104DE00000208327479C01461307479CA9C703D887
:104DF00047009443631CA802011106CE22CC26CAA8
:104E00000DCA14C2AA843E852E8497B0FE1FE78087
:104E1000A0312C002685EFF0FFF601E519C0B2475E
:104E20001CC0F2406244D244056182803E86B6874F
:104E300075BF14C3C1BF05458280411122C42A84B5
:104E4000090506C6EFE0AFCEFD57A301F400B2405E
:104E5000224441018280B727002003C717C8B72723
:104E6000002083A7079C2A86050781463E8583D7B5
:104E700007006388C700850693076500E3E8E6FE40
:104E800001458280411122C4416406C626C29307AF
:104E9000E4FF630EF500AA8485E1EFF0DFFB01E992
:104EA0001305F4FFEFF03FFB19C123109500B2404A
:104EB000224492444101828085476394F504EFF0D7
:104EC0009FF92A846DD5FD572310F50083472400F0
:104ED0001307F00F6384E7021307E00F638AE7000C
:104EE000034534000147F9465146A685EFE02FB649
:104EF0002285EFF09FF4FD572301F4002302040004
:104F00007DB78947E395F5FA8545EF30B04D45F11A
:104F10002685EFF05FF42A8455F951BF1D71A6CAAA
:104F2000CEC686CEA2CCCAC8D2C4D6C2DAC05EDE95
:104F3000AE8483C52500F947AA896397F504EFF08D
:104F40009FF12A8411ED01442285F6406644D6443F
:104F50004649B649264A964A064BF25B256182804D
:104F6000834725000547890793F7F70FE37DF7FC93
:104F7000034535000147F9460146CE85EFE02FADE8
:104F80002285EFF09FEBC1B703AB0400B707000128
:104F9000938707F037071200B377FB00130707105A
:104FA000B28A0149638AE7022EC6EFF0DFEA2A8956
:104FB000B2451DC10346450005C293178601E1872E
:104FC000E3C307F84E85EFE0CFB08347490093E78E
:104FD00007F82302F90085BF372A002003472A94E7
:104FE0009307F00F130A2A941944E30FF7F4E147EB
:104FF000E3ECB7F493D71500FD1713973700B7D735
:1050000002009387C7C2BA9703A80700E30E08F20D
:1050100083AB4700E38A0BF2420B135B0B01630582
:105020000B00C947E392F5F283D64400904483C550
:10503000140003C50400380802982A84E31605F01A
:105040002C084E85829B2A8421C983C71400E39DC6
:1050500007EE83C72400230AA10039472308F10083
:105060006399E70262478347170003470700A207D7
:10507000D98F0C084E852319F100EFA0AFD7E304B8
:1050800005EC14080546D9454E85EFE06FC52A8426
:1050900065BD83578101F1BF83C624009147E38436
:1050A000F6EA03450A0038080146CE85EFE02F9A5C
:1050B0002A84E31B05E883C524002808EFE04F910C
:1050C00019C123800A009840B7070001938707F0B1
:1050D0007D8FB707120093870710E306F7E6E30416
:1050E00009E683C724002302F900B9BD011106CEE9
:1050F0002EC6EFF05FD601CD83474500B24513873A
:1051000017006396E50093F707F82302F500F240D5
:1051100005618280B727002003A7879B19E301461A
:1051200015A81C4703D8A700636B050183584700E7
:10513000B38608016355D500814663941601184370
:10514000F1BF3E86C10703D3A7FF6317A30099C130
:1051500023900501328582808506C206C182F1BF97
:10516000397152D42E8A4ED69305E101AA8952850F
:1051700022DC4AD856D206DE26DA328936C63AC44E
:10518000BE8AEFF03FF9054435C5AA840355E10115
:105190003944EFF0DFA539CD03284500630C08043E
:1051A0002247B246D6874A86A6854E8502982A842B
:1051B00031E19307E00F638FFA0203C704008947C8
:1051C000631AF702D8408347170003470700A20776
:1051D000D98FC2070D67C18713072790639CE7002B
:1051E0008347190003460900D285A2075D8E4E85CC
:1051F000EFF0BF8D2285F2506254D2544259B25919
:10520000225A925A21618280797122D40354250056
:105210004ECEAA89228556CA06D626D24AD052CC6C
:105220005AC85EC662C4AE8AEFF05F9901E9228572
:10523000EFA05FDC594429E90144B9A003C7890004
:105240008547AA840144631AF702AA851385890059
:10525000EFF01F9D29CD03D7640083D68400D0448E
:1052600083D5440003D52900E147EFF07FEFD9470C
:105270002A846318F50223A604002685EFF01F8F09
:1052800049C0D947E30AF4FA2285B2502254925415
:105290000259F249624AD24A424BB24B224C456112
:1052A000828061DD83D744002390FA00F9B7138927
:1052B0004400014AB94B594C3D4B83550900D5DD9B
:1052C000E14763067A010357C90011C3D947035761
:1052D0002900835649000326890003D52900EFF0F1
:1052E0003FE82A846319850123240900050A31094E
:1052F000E3156AFD59B77DD9835709002390FA0059
:10530000F5B703D529002DB701112317C100930765
:10531000E00F1306E1000147894606CEEFF05FE497
:10532000F24005618280797122D42A840355850078
:1053300026D2AE849305210106D64AD0EFF09FDD38
:105340006308050E834785002AC693F707028DCFB1
:1053500003552101EFF09F8BAA87B24501ED8357DA
:10536000840039452390F400B250225492540259DB
:1053700045618280035524004946829711C58357B1
:1053800084002390F400CDB7035924004A85EFF040
:10539000FF8211ED41657D15EFF05F8219E58357BE
:1053A000840025452390F400C1B72310250113077D
:1053B00045008147BD46035607002DE63147B387B8
:1053C000E702130984003146CA8591073E9597B0DC
:1053D000FE1FE780E0E43146CA85480897B0FE1F0B
:1053E000E78000E40356C40003552400414781468A
:1053F000DD45EFE0CFA92ACE19E583578400454566
:105400002390F40095B70C480356C40097B0FE1FD4
:10541000E78000E1035524004C08EFA07FB929D5AF
:10542000594599B785073107E397D7F8254581BFD7
:105430000545B1B7797122D42A840355850026D257
:10544000AE849305E1014AD006D63289EFF09FCCB5
:1054500051C58347850093F70702A9E70347140165
:105460009307200519E3834744008356A400504462
:1054700083558400035524000147EFF07FCEAA87AF
:1054800021E98347140199E703552400EFA07FAD7C
:10549000D94711E18147B2502254925402593E85B6
:1054A000456182802AC60355E101EFF02FF6AA87F5
:1054B00005C9B2450355240049468297AA8759DD9C
:1054C000035784002390E4000347140161F7E1B718
:1054D0005947E317E5FE230009006DBF8547CDB7A7
:1054E000B947F9BF397122DC4AD84ED652D406DE0C
:1054F00026DAAA892E8A32C63689EFF0DF9509446A
:1055000015C5834725001307E00FAA845D44638F08
:10551000E7001307F00F5944639AE700324605E2AB
:10552000D2854E85EFA0FFB02A8415CD2285F2509A
:105530006254D2544259B259225A21618280035591
:105540000A009305E101231F0100EFF0BFBC0355E2
:10555000E101EFF00FFFAA8505464E85EF30404888
:105560002A845DDDE1B79307F00FE301F9FC3755BD
:105570000100938624007946A6851305E587EFD0C0
:105580005FDAA38124015DB73971B727002026DADD
:1055900083A4879B52D45AD05ECE62CC06DE22DC36
:1055A0004AD84ED656D266CA2A8BAE8B328C368AF1
:1055B00099E08149B9A0804483DC44000149835AC1
:1055C000A400631499018440E5B78357A400A2891D
:1055D00063F8670105094209135909014104D5B768
:1055E000E3EAFBFE630C0A00834504004840D286D0
:1055F00062863AC6EF90FFD3324769DD19C32310A4
:105600005701F25062544E85D2544259B259225A2F
:10561000925A025BF24B624CD24C2161828003D7DA
:10562000050083D62500854763E9E60439C74111A3
:1056300083C6450026C237D502009384550022C494
:1056400026862E8413058522894506C6EF907FCED7
:10565000C14711CD834644008355240003550400FF
:1056600001472686EFF05FF2814711E1A947B2407A
:10567000224492443E85410182803E8582802E866E
:105680000355060083D52500854763E2A50205C1C1
:105690008346460041110147150606C6EFF0DFEECE
:1056A000814711E1A947B2403E85410182803E8594
:1056B00082802E860355060083D52500854763E248
:1056C000A50205C18346460041110147150606C6DD
:1056D000EFF09FEB814711E1A947B2403E854101C0
:1056E00082803E85828039714ED683D7250083D94A
:1056F000050006DE22DC26DA4AD852D456D25AD029
:105700005ECE62CC66CA6AC863E037198547638E8D
:105710000914416BAE8A2A8A2314010002C601448F
:1057200001497D1B894B054CC94C054D83D52A0089
:105730000147814601464E8523130100EFF0DFE467
:10574000AA846300051209EC130720029306610086
:105750005A8695455285EFD09FF32A846308051237
:105760000357810083C7040045C70347A100630CAA
:10577000A70741476385E7022C005285EFA04FCC75
:1057800009CD34001546D9455285EFD07FD511C5D6
:10579000324597B0FE1FE78020998147F9A083D753
:1057A000A4004146130524002300F40083D7A4007D
:1057B000A183A300F400CC4097B0FE1FE78040A671
:1057C0004904835781008507C207C1832314F10070
:1057D00063F9270983D7A400638567098509C2098E
:1057E00093D90901A1B7E39977F983D7A4000946B2
:1057F000130524002300F40083D7A400A183A30091
:10580000F400CC4097B0FE1FE78080A1110455BF83
:1058100022C60359610003C7A40013052400638254
:10582000770333599903230571012300E40083D7DB
:10583000A4004146A183A300F400CC401379F90FE2
:10584000A5BF230581012300E40083D7A4001359D9
:1058500029001379F90FA183A300F4000946CC4075
:1058600055B78357810089FBA947F2506254D2543F
:105870004259B259225A925A025BF24B624CD24CB4
:10588000424D3E85216182808547C5B7C547F1BF3E
:10589000B727002003C7279D854763F3E70601115B
:1058A00022CC26CA4AC806CE2A843289AE84EFF0BA
:1058B0008FDA01C9034725009307E00F5D456308B0
:1058C000F700631C0900A6852285EFA06FF3F24064
:1058D0006244D24442490561828003D504009305A5
:1058E000E10023170100EFF0FF820355E100EFF024
:1058F0004FC5AA8505462285EF30800E69D5C1BF08
:105900005945828013F7050201C7B2856FF0CFC4F5
:10591000411126C24AC006C622C413F98500AA84D2
:1059200063170900139785016187635D070232855C
:105930003684EFF00FC1AA850546631309000146BE
:105940002685EF30E00901E90145B2402244924446
:1059500002494101828083479400E5DB834784004C
:10596000E5F7E5B793F72500E5F30D45F9BF797144
:10597000AE8622D42A8403D506009305E10106D61B
:1059800036C6EFF02FF909CD83458500B2460356A0
:10599000E1012285EFF01FF7B25022544561828069
:1059A0000545DDBF13F7050201C7B2856FF0CFBA19
:1059B000411122C426C206C693F485002A8491E4CC
:1059C000139785016187635007023285EFF06FB747
:1059D000AA85054691E0014622852244B2409244C0
:1059E00041016F20F07F93F72500014591E30D45BC
:1059F000B24022449244410182807971AE8622D421
:105A00002A8403D506009305E10136C606D6EFF0D9
:105A10006FF0B24601CD834585000356E101228532
:105A2000EFF05FF8B2502254456182800545DDBF3A
:105A3000797126D2AA840355A500C16722D44AD021
:105A40004ECE06D623170100FD173284B6890149D0
:105A5000630DF500050583C60400D0404205130719
:105A6000E1004181EFF05FB22A8983C60400D04093
:105A700037D50200894513058522EF909F8B1DC500
:105A800003D4A4002285EFF06FAA09C57D142A94DF
:105A9000420441806384090023908900B25022545B
:105AA0004A8592540259F2494561828083C60400B6
:105AB000D04037D5020089451305C522EF907F8776
:105AC00061F183C60400D04037D502008945130533
:105AD000C520EF901F8619C9E30609FA8357E10034
:105AE000E39287FA0354A9007D145DB703D4A400A0
:105AF00055B7397122DC26DA4AD84ED652D456D25E
:105B00005AD062CC06DE5ECEBE8983C785002A8A63
:105B1000AE84C18B328C36843A89C28A468B9DE72B
:105B200083CB04008947638BFB046285EFF02F8CE5
:105B30001DC183280500638008025A88D6874E87D6
:105B4000CA862286A6855285829839A03285EFF0D2
:105B5000EF8BAA8711ED3945F2506254D254425965
:105B6000B259225A925A025BF24B624C21618280F6
:105B70002946A6855285829745D5F9BFD8408347E7
:105B8000170003470700A207D98FC2070D67C18717
:105B9000930607906384D72263CEF6069306278088
:105BA000638ED70C63C1F60213070780E3CFE7F6D5
:105BB0002D45E39309FADC4403C60700CC432310C8
:105BC000C900228569A213073780E390E7F62D45C7
:105BD000E39409F885472310F900DC44814583C725
:105BE00007002300F40003D5A40005054205418108
:105BF000EFF04FD283570900631705129107231066
:105C0000F900114681451305140097A0FE1FE78097
:105C1000406829A2930627906383D71863CED712D2
:105C200093063790638CD71813074790E39FE7EEEE
:105C30002D45E39309F2DC441D472310E90003C717
:105C400007002300E40003C71700A300E40003D704
:105C500027002301E40003D727002183A301E400E8
:105C600003C747002302E40003D76700A302E40050
:105C700083D76700A1832303F4004DA02D45E39D46
:105C800009ECDC446C0083C9170003C70700A209B4
:105C9000B3E9E90011472310E90083C707004E85E7
:105CA0002300F400DC4483C71700A300F400EFF0E6
:105CB0006FC6AA8435C50356C100C1659306E100CD
:105CC000FD158329C500EFF0BFD619ED83C604008A
:105CD000D04037D5020089451305C522EF906FE506
:105CE00001E5FD572317F10003C709008947631039
:105CF000F70283A5490009461305440097A0FE1F3B
:105D0000E78000528357090089072310F900835761
:105D1000E1002301F400A183A301F40001452DBD9E
:105D200023173101EDB7034705008907BA97231000
:105D3000F9008357A500A300F4008357A500A183B1
:105D40002301F400034605004C411305340097A0DD
:105D5000FE1FE780E04CD9B7C84497A0FE1FE7803C
:105D6000605693170501C1832A871D45E3E637DF97
:105D70006399F90023100900CC4403560900CE951D
:105D800089B54207B3863A01418363C7E600B3870A
:105D900037412310F900CDB723105901F1BF2D452C
:105DA000E39C09DACC445285EFE0BFC323107901AC
:105DB0002300A4002181A300A4008DB72D45E39DFD
:105DC00009D8DC442310790183C707002300F400BD
:105DD000DC4483C71700A300F40089B71D71CAC84B
:105DE0002A8903552500A2CCCEC6D2C4D6C2DAC0B9
:105DF0005EDE62DC66DA6ED686CEA6CA6AD8AE8A67
:105E0000EF90CFE7130CF5FF93170C01B72B002091
:105E1000C1832A8A814913840BA33EC6372B0020F5
:105E2000B72C0020C16D8357C90063F6F900835772
:105E3000040063CC87010355290093850BA3EFA0D1
:105E4000CF862A8D15CD594D25A883278900139714
:105E500019009305E101BA9783C4170083C70700AF
:105E6000A204DD8C2685EFF0EFAAAA8515E9239020
:105E70009A004840054D09C597A0FE1FE780C02A3B
:105E8000F64066446A85D6444649B649264A964A4B
:105E9000064BF25B625CD25C425DB25D2561828042
:105EA00032488348490083A64C9B0356E1010355C1
:105EB000290081471307CB9AEFF0BFC32A8D1388BF
:105EC0004C9B09C523909A00484075B75C4085E714
:105ED00003552900514781461386FDFFBD45EFD08C
:105EE0000FFBB727002048C01388479B09E5239084
:105EF0009A00454D71B7835704000357CB9A93041A
:105F0000CB9A3E976347470113C7F7FF52972390F9
:105F1000E400484003D60400832508003E95850927
:105F200097A0FE1FE780C02F8357040003D704000B
:105F3000C20993D90901BA972310F400EDB539715C
:105F400022DC2A840355250006DE26DA4AD84ED6FE
:105F500052D45AD05ECE62CC66CA2E8B56D26AC854
:105F6000EF90CFD12A8A8346C4008355A4000355FD
:105F7000840078001306D400130CBAFF651AEFF002
:105F8000AFE0420A37290020AA898144135A0A0146
:105F9000B72B0020B72C0020130909A3638609043E
:105FA00063D48405938A4C9B8348440083A60A00EB
:105FB0000356C10003552400528881471387CB9AAA
:105FC000CE85138DCB9AEFF0DFB215C5814A03560B
:105FD000C1008355A4004E859306E100EFF05FA554
:105FE000AA89639D0A065DF9E5E083578400294587
:105FF0002310FB0089A083570D0003560401E3170B
:10600000F6FC83A50A00484897A0FE1FE780C02C35
:1060100055DD83274900A1E3035524004166454728
:1060200081467D169D45EFD08FE605E583578400B8
:1060300045452310FB00F2506254D2544259B259E4
:10604000225A925A025BF24B624CD24C424D216171
:1060500082802322A90083DAA90095BF8327490003
:10606000A69723805701938714001397070183276E
:106070004900418393DA8A00BA9723805701138736
:10608000240083264900938734004207910441830A
:10609000C207C204C183C180369711CD8356E10087
:1060A0002300D70003274900BA970357E100218353
:1060B0002380E700E5B5FD562300D70003274900FC
:1060C000BA972380D7000DB703552400B7250020C9
:1060D0008980239895A2938505A3EF901FC321DDA6
:1060E000594591BF411122C406C693F705012A8480
:1060F000328585C3EFE0FFC4AA8505462285EF20DF
:10610000300E95476305F500BD47631DF502214537
:1061100015A893F7450099CBEFE0BFC20546AA85C5
:1061200022852244B24041016F20900B93F7050471
:1061300089C7EFE01FC10146DDB713F51500133520
:1061400015000605B24022444101828079714AD08F
:106150004ECE52CC06D622D426D22A8AAE89014906
:1061600083D749006364F9000145A1A083A7090012
:106170001314190093041400338797000347070092
:10618000A29703C5070022079305E100598DEFE0B0
:106190007FF805E983A7090005453E9403470400FD
:1061A0002380E70083A70900BE9403C70400A380EF
:1061B000E700B250225492540259F249624A4561B2
:1061C0008280834585000356E1005285EFF09FF100
:1061D00005C183A709003E94034704002380E7001C
:1061E00083A70900BE9403C70400A380E700D1B7CA
:1061F0000509420913590901A5B7011122CC2A84C6
:1062000003D505009305E10006CEEFE0BFF001CD18
:10621000834585000356E1002285EFF0BFECF24094
:106220006244056182800545DDBF1D71CAC82A89A7
:106230000355250086CEA2CCA6CAD2C4D6C2DAC0E7
:106240005EDE62DC66DA2E8ACEC66AD86ED6EF9043
:10625000EFA22AC68346C9008355A90003558900C9
:1062600078081306D900EFF02FB2B247B724002008
:10627000416B938AA7FFC20AAA8B014493DA0A01F1
:10628000372C0020B72C0020938404A37D1B638649
:106290000B180356C10183C58B0003552900EFF08D
:1062A0007FE4AA8D631605168348490083A64C9B9C
:1062B0000356C10103552900568881471307CC9A1C
:1062C000DE85EFF01F83AA8D9309CC9A138D4C9B2A
:1062D0006310051429C003D7090083D724001107D0
:1062E0006397E7003247A2976D1763CAE706B725A1
:1062F0000020938705A303D7270003552900938522
:1063000005A33354E40223908700EF909FBDAA8D2C
:1063100015C1D94D05A003552900494781465A8624
:10632000C545EFD0CFB6C8C015E583D7AB00C54D86
:106330002310FA00F64066446E85D6444649B649B5
:10634000264A964A064BF25B625CD25C425DB25DC5
:106350002561828083D7090091072391F400DC40F6
:1063600003D7AB009306E101A2972380E7009307D0
:10637000140013970701DC4041835E85BA9703D769
:10638000AB0021832380E7000356C1018355A90098
:10639000EFF00FEAD440130724000356E10142074F
:1063A000418336972300C700D84093073400C207C3
:1063B000C183BA970357E101AA8B1104218323807B
:1063C000E700C8404204418003D6090083250D0040
:1063D000229563950B0297A0FE1FE78060E483D7A8
:1063E00009003E9442044180E31304F0835789007E
:1063F0002310FA00E3900DF4A94D2DBF97A0FE1FC6
:10640000E78000E283D709003E944204418041B511
:1064100083D7AB002310FA00C1BF814DF1B75D7186
:10642000A6C2CAC0AA840359850003552500A2C488
:106430004EDE52DC5AD85ED662D466D286C656DAB2
:106440006AD06ECE2E8BEF906F83930BD5FF7115B4
:10645000131A0501B72900200144135A0A01372CE9
:106460000020B72C0020938909A36359741583C6B3
:10647000C40083D5A4001307E1001386D4004A8525
:10648000EFF08F902A8D630B05120359A500834509
:1064900085000356E10003D52400EFF0BFC4631468
:1064A000051283C8440083A64C9B0356E10003D524
:1064B0002400528881471307CC9AEA85EFF06FE3F6
:1064C000930DCC9A13884C9B631F050E1DC883D770
:1064D0000D0003D729008907630CF706B7250020B4
:1064E000138705A38357270003D52400938505A3AD
:1064F0003354F40223108700EF90FF8A15C55945E5
:1065000025A003D5240041664D4781467D16A5454B
:10651000EFD0EF97B727002023A2A9001388479B4D
:106520001DE123102B014545B640264496440649FB
:10653000F259625AD25A425BB25B225C925C025DB3
:10654000F24D6161828083D70D0089072391F900A4
:1065500083D70D00A29763D3770783A7490003571A
:10656000AD00930A2400A2972380E7000504931747
:10657000040103A44900C183C20A3E948357AD00BD
:106580008325080093DA0A01A1832300F40003A500
:10659000490003D60D00569597A0FE1FE78040C81E
:1065A00003D40D00C167FD17569442044180E30EE9
:1065B000F9EA050942091359090145BD294519FCA4
:1065C00023102B0195B76DDC11BF8357050081E7C0
:1065D00089473E858280411126C2444122C406C6B5
:1065E0004AC083C60400D0402A8437D502008945BA
:1065F00013058522EF80FFD319C98347240025475F
:10660000E51793F7F70F6377F702E14729A883C6E9
:106610000400D04037D5020089451305C522EF801C
:106620005FD161FD8947B2402244924402493E85D0
:106630004101828037290020835609948547130938
:106640000994F5D2035704003697C166E3CDE6FC02
:10665000916593852570314597A0FE1FE780809E48
:10666000AA84CD4769D13146814597A0FE1FE780B6
:1066700040C2835704008355090001460147B38691
:10668000E500C206C182636BF702AE97C207C18301
:1066900019C22310F90023A004002146A285138506
:1066A000440097A0FE1FE780A0B7B727002093877C
:1066B000879B984311EF84C38147B5B750401315AA
:1066C000470005072A962315D60005464DBF3E878D
:1066D0001C43F5FF04C381BF011106CE22CC26CA9C
:1066E0004AC809E98944F240624426854249D244B5
:1066F000056182802AC62A84280036892314B100C5
:106700002305C100EFF07FECAA8471FDE30D09FCC5
:106710008357A400E1DB916593855570314597A0BF
:10672000FE1FE780209215C58357A4002320050093
:10673000232425012312F500B72700209387479CC7
:10674000984301E788C345B73E871C43F5FF08C35C
:1067500059BFCD4449BFB72700209387E79A03C7A5
:10676000070015E305472380E700058909CDB72613
:106770000020372500209386469141469145130518
:10678000458D6FF07FF501458280B7270020238B70
:10679000A7928280C167FD176315F5002E856FE013
:1067A000CF91411106C6EFE04F8B11C5FD57231065
:1067B000F50023010500B2404101828001114AC861
:1067C00006CE22CC26CA85472A896393F5044A85DA
:1067D000EFE0CFBE39E9C16437D602009385F4FFFC
:1067E0001307E1008946130606210545EFE0DFD9CE
:1067F0002A84FD140DC44C444A85EFF0BFF90356BA
:10680000E10022858146A685EFF08FA22A84DDB7BC
:1068100089476396F5008545EF20C03C4DD9F2408D
:106820006244D244424905618280EFE02FB465B7EB
:10683000011126CAB7240020938484C722CC03C543
:106840009400372400201304C49BB7270020372767
:10685000002006CE4AC84EC62320040023A0079C71
:106860002328079A49C91389079C9307200C3305ED
:10687000F5029165938515709309079B19054205EB
:1068800041819790FE1FE780E07B03C69400930749
:10689000200C81453306F60208C0190697A0FE1F9A
:1068A000E780209F1C4003C7940081459386870B97
:1068B0007D5563ECE5069306800BB306D7020146CF
:1068C000FD550507B6972320F900BE862390B60034
:1068D000A381B6002381B60023820600050699062F
:1068E000E366E6FEF9562390D70099463307D702B0
:1068F000BA9723A0F900375501001305C5F1EFC081
:10690000DFD2375501001305C50EEF809FA937551B
:106910000100130545E8EF200024F2406244D24410
:106920004249B2490145056182802394A6F4138649
:10693000C6F423100600232406003106E31BD6FE0E
:1069400085059386860BB5B7411106C622C42A84F5
:10695000EFC0EFB6EFD0BFF8B7270020A38A879229
:10696000B727002003A5079BEFD03FF5B7270020EE
:10697000238187942244B240376501001305C57B0B
:1069800041016F20401D93970501C18763D30734F0
:10699000B727002003C55793797122D45AC806D669
:1069A00026D24AD04ECE52CC56CA2E8BEF700FADA7
:1069B0002A8429C9034705009307000B6311F704D4
:1069C000B724002085479384449BA304F1009C4096
:1069D00023150100A9E7EF00007F916593853570CD
:1069E0009790FE1FE780006688C015E983479100F5
:1069F00099C78345440013058400EFD0EFA5228595
:106A0000EF70AF9BB250225421653345AB009254D6
:106A10000259F249624AD24A424B45618280372A82
:106A200000206146814513050AA397A0FE1FE78059
:106A3000408603494400894793040AA3D289930AF4
:106A40000AA36314F906EF0000782390A40003550D
:106A5000240093050AA3EF902F9A0357240083D7AD
:106A600004008356840011ED63E4F6002314F4005F
:106A7000835584003A85EFC0FFBB2285EFC05F8E4F
:106A8000B5B763E4F6002314F40083578400D945B6
:106A9000938609A30D463A852390FA00EFC05FA4C0
:106AA0008D4561DD138509A3D1A09947631AF902C9
:106AB0009305A1002285EFF08FC8AA845DDDD94738
:106AC0006396F40E0509035524001379F90FD9458F
:106AD000938609A34A86EFC0BFA0CA8559DDD9B7FE
:106AE000A1476318F9009305A1002285EFF03F93B9
:106AF000E9B7A947631FF906035584006C00EFE06E
:106B00006FE12A89630D051403552400416693063D
:106B1000E10055477D16AD45EFC07FB7C8C0AA86D6
:106B200049C1834844000358E1000356C10003559E
:106B30002400814713070AA3CA85EFE09FFBAA84BC
:106B4000631E050E0355240093050AA3EF908FAB37
:106B50000DD50355240093060AA32D46D945EFC051
:106B60003F98E30C05F0AD4513050AA3EFD0CF8E97
:106B700029B7B147631BF90E035584006C00EFE0A1
:106B80006FD9AA8469CD0355240041669306E100BC
:106B900059477D16B545EFC09FAF23A2AA00AA862C
:106BA00029E983578400C5442315F10003471400E5
:106BB000D147E304F7EC8347440003552400938551
:106BC00009A32380FA008357A10023829A0023910E
:106BD000FA00EF803FA2E30205EA03552400938602
:106BE00009A30546D945EFC0BF8FE30805E88545F1
:106BF00055BD834844000358E1008357A400035661
:106C0000C10003552400A68513070AA3EFE07FEE19
:106C1000AA840DE50355240093050AA3EF904FA421
:106C2000E30D05E403552400D94593060AA3354630
:106C3000EFC01F8BB545E30205E4ADB5D9476393BB
:106C4000F400814403A54A009790FE1FE780C04DE1
:106C5000E38504E2835784002315F10081BF835745
:106C6000840085442315F10091B7B9476318F900F2
:106C70009305A1002285EFF06F9681B5C147631897
:106C8000F9009305A1002285EFF02FDA3DB5C94741
:106C9000631AF900130691009305A1002285EFE025
:106CA0006FF921BDD947631DF9009305A100228525
:106CB000EFE06FE7AA84E31405E0A304010075BBCD
:106CC000E147E31CF9DA9305A1002285EFE0CFD379
:106CD000EDB301458280EDC2011152C42E8A854573
:106CE00022CC4EC656C206CE26CA4AC8AA8AB68941
:106CF0003284EF10306FD1471DC5B72700203727EA
:106D0000002083C7079D8346179D814419E0B68400
:106D1000BE86372700200327879C93974400BA97A5
:106D200063EDD400D547F2406244D2444249B249AF
:106D3000224A924A3E85056182803E89C10703D777
:106D400027FF09C7850493F4F40FD9BF25C09565C3
:106D5000938525C0130500029790FE1FE780802EC3
:106D60002326A90061D113060002814593840404FF
:106D70009790FE1FE780E05123119900230009003E
:106D8000231359011DC4372700208347940003268D
:106D9000C7BD2304F900118C8327C9001184118019
:106DA000238E870023A029018147B5BF2326090030
:106DB000F1B723044901FDB785473E858280B72797
:106DC000002083C5079DB727002003A7879C814724
:106DD0006395F50081463685828003562700BA8682
:106DE00019C2E30AA6FE850793F7F70F4107CDB74F
:106DF000B727002003C6079DB727002003A7879C5D
:106E000081476315F60081463685828083552700C9
:106E1000BA8689C583454700E388A5FE850793F7B1
:106E2000F70F4107F9BFB727002083C5379DB72764
:106E3000002003A7C7BD81476395F50081463685CD
:106E4000828003560700BA8619C2E30AA6FE8507A8
:106E500093F7F70F4107CDB7B727002003C8179D59
:106E6000B727002083A7879C01476315E800814668
:106E70003685828003D62700BE8619CA03D66700EE
:106E80006318A600D04709C603562600E302B6FEE3
:106E900005071377F70FC107C9BF411122C4404549
:106EA00026C206C6AA8415C0484409C59790FE1F8D
:106EB000E7808027484809C59790FE1FE780C026D5
:106EC00022859790FE1FE780202626854146814532
:106ED0009790FE1FE780E03BB2402244FD57A38419
:106EE000F400924441018280011122CC2A8403558E
:106EF000250006CE2EC6EF10F018324622858145B9
:106F0000EF00B07222856244F24005616FF0FFF835
:106F10000DC503572500411122C406C62A8411CB92
:106F2000DD45EF00707422852244B24041016FF0CC
:106F3000DFF6B2402244410182808280411126C2A4
:106F4000B1469304C5FFB386D402B7270020138748
:106F5000C7BE06C622C436978356A7006398B602FA
:106F600048430DC51384C7BE9307F00F6306F600B0
:106F700083470500639CC7009790FE1FE780C01AF7
:106F8000B147B387F402A29723A20700B24022447C
:106F9000924441018280411122C42E8426C2494676
:106FA000AA848145228506C69790FE1FE780602E41
:106FB000A5C083C7C40113974700B727002083A744
:106FC000C7BDBA9703D707002310E40003D72700F3
:106FD00083D767002311E400372700200357E79C7D
:106FE0002312E40003D704002313E40003D7240092
:106FF0002314E40003D744002315E40003D76400FE
:107000002316E40003D784002318F4002317E400B8
:10701000B2402244924441018280B727002083C5B8
:10702000079DB727002003A8C7BDB727002003A6E8
:10703000879C014781476394E5003E8582808346B3
:10704000060081CE544691CA83C6C6019206C296F6
:107050006315D500850793F7F70F05071377F70F2B
:107060004106D1BF130600643386C502930695001E
:10707000AA8537750100130505F16F70EFB4411152
:1070800022C406C62A8403459500EF704FCEFD57F3
:10709000A304F400B240224441018280011122CCB9
:1070A0004AC84EC652C456C25AC006CE26CA2A89FB
:1070B000AE890144372A0020B72A00201D4B8347A0
:1070C0001A9D6365F40463990902B7290020372AE1
:1070D0000020930AF00F83C7099D6367F4061144EB
:1070E000A1442285050442041306F00FCA8541809D
:1070F000EFF0DFE4E31794FEF2406244D2444249E9
:10710000B249224A924A024B0561828083A78A9C37
:1071100093144400BE9483C704009DC383D76400C6
:10712000639027036396690103D52400EF108075EF
:1071300026854E868145EF00504F2685EFF0FFD51E
:1071400005041374F40FA5BF83278A9C931444008D
:10715000BE9483C704009DC383C794006380570314
:1071600083D76400639C27012685EFF05FF12685B5
:10717000D145EF00704F2685EFF03FD20504137420
:10718000F40F91BF41677917630BE502411122C4E7
:1071900006C685472A846399F50022852244B240B9
:1071A000814541016FF09FEF89476396F500854562
:1071B000EF1050237DD1B240224441018280828071
:1071C0009D456FF0BFEDB727002003D5E79C828077
:1071D000B727002003C7C79C011106CE2317A100C3
:1071E0002316B10085476318F70070009305E1008E
:1071F0000545EF50B025F24005618280A947631C28
:10720000F60483C7150003C70500A207D98F231012
:10721000F50083C7350003C72500A207D98F2311C6
:10722000F50083C7550003C74500A207D98F231275
:10723000F50083C7750003C76500A207D98F231324
:10724000F50083C7950003C78500A207D98F2314D3
:10725000F500014582800545828091476314F6025E
:1072600083C7150003C70500A207D98F2310F500B7
:1072700083C7350003C72500A207D98F2311F50066
:1072800001458280054582809387C5FF939607015B
:10729000C1820D476360D7023147B387E7023727C2
:1072A00000201307C7BEBA972381A7002390B70019
:1072B00001458280094582809306402037270020BF
:1072C000AA8763F4A60093074020F1172317F79CC1
:1072D000B72700202389B79CB7270020238AB79CB3
:1072E00082801905956542054111938535C041811C
:1072F00006C69790FE1FE780E0D411C5B240E9555D
:1073000041016F605F84B24041018280B727002055
:107310002389079CB7270020797105472386079C9E
:10732000B72700202384E7BE4ECEB7270020B72919
:10733000002022D426D24AD037240020B7240020AF
:10734000A38A079C37290020B72700209389399DFD
:1073500006D652CC2AC62308049CA388049C2397F3
:10736000079C2324099C23800900EF1040593245D3
:10737000B7270020130600032380A7BE372500206F
:107380001305C5BE81459790FE1FE78080F0372A20
:1073900000200345CAC11304049D9384149D13095E
:1073A000899C15CD9565938545C012059790FE1F64
:1073B000E78040C937270020232EA7BC0DC1034614
:1073C000CAC19307CAC183C717002380C90081457A
:1073D00012062380F4009790FE1FE78080EBB7270A
:1073E000002003C507C883C704009565938555C071
:1073F0003E951375F50F2300A40012059790FE1F0C
:10740000E78040C42320A90049C503460400814504
:1074100012069790FE1FE780C0E703270900834606
:107420000400814725077D56639EF604EF10007225
:10743000B1473305F5029565938565C042054181E5
:107440009790FE1FE78000C0B727002023A2A7BEA9
:107450002A8401CDEF10806F31463306C502814585
:1074600022859790FE1FE780C0E22254B2509254CA
:107470000259F249624A3775010013054518456102
:107480006F10606D85072300C70093F7F70F410762
:1074900061BF230004002380040049BF411193977A
:1074A000050126C206C622C44AC0C187AE8463D184
:1074B000070A37290020034509BEEF602FFC2A8404
:1074C00029CD03470500930700096315F704034717
:1074D0001500CD47631CF706B7260020034825009A
:1074E00003C5F6AD372700208347279D13066400A8
:1074F000814581461307279DAA886318D80299C140
:107500002300F7008347070091C7034509BE85455F
:10751000EF607FB72285EF604FEA2165258DB2408D
:107520002244924402494101828083450600AE977D
:1075300093F5F70F93F7F80F63F4A50093F7F50FA2
:10754000850693F6F60F0906854545BF012DD9B787
:1075500093F715000145E1D7EF00107009CDB7276B
:10756000002083C7279D81CBB727002003C507BE16
:107570008545EF605FB113C5140055B785462A876E
:1075800063FBC60483C7150003C60500A207D18F9D
:107590002310F500639CD70083C7350083C6250000
:1075A000A207D58F2311F500014582808946014548
:1075B0006394D70283C7350083C62500A207D58F01
:1075C0002311F70083C7550083C64500A207D58F56
:1075D0002312F70082800545828091476314F602EA
:1075E00083C7150003C70500A207D98F2310F50034
:1075F00083C7350003C72500A207D98F2311F500E3
:10760000014582800545828091476314F60283C755
:10761000150003C70500A207D98F2310F50083C703
:10762000350003C72500A207D98F2311F5000145B6
:10763000828005458280A1476314F60483C7150044
:1076400003C70500A207D98F2310F50083C73500B3
:1076500003C72500A207D98F2311F50083C7550062
:1076600003C74500A207D98F2312F50083C7750011
:1076700003C76500A207D98F2313F5000145828057
:10768000054582808947631CF60083C7150003C740
:107690000500A207D98F2310F5000145828005451A
:1076A00082808357260079714ECE06D622D426D208
:1076B0004AD01307F007AE896372F70209473AC44C
:1076C0002316F100300093F5F50FEF10801AB25039
:1076D000225492540259F249456182800357460070
:1076E000D9462A89328463F8E6008357660063F43A
:1076F000F6006379F70023140100300093F5F90FC9
:107700004A85E1B70355060002C4EFF0CFF1AA8421
:1077100059C1EFF09F9083C784006369F50011465B
:10772000A246CE854A85EF10400A55B7340026861A
:107730009305F00F4A85EFF00FDA75F1A247035772
:107740008400DC472390E700035724002391E700DF
:10775000035744002392E700035764002393E70094
:1077600003D744002394E700DC4485CB93F4F90F5E
:107770002286A6854A858297C167FD172A86E3116E
:10778000F5FA22459947F9452300F50023029500B3
:10779000EFF05F8D2DBF094661B7014651B7A9478C
:1077A000631CF60483C7150003C70500A207D98F21
:1077B0002310F50083C7350003C72500A207D98F22
:1077C0002311F50083C7550003C74500A207D98FD1
:1077D0002312F50083C7750003C76500A207D98F80
:1077E0002313F50083C7950003C78500A207D98F2F
:1077F0002314F500014582800545828083C705007A
:107800002300F50083C71500A300F50083C73500EA
:1078100003C72500A207D98F2311F50082802322F8
:10782000050003C7450089476304F70005458280CA
:1078300083D665000D47E37BD7FE9C45011106CE3C
:1078400022CC26CA4AC84EC683C4170003C6070006
:10785000A204D18C138644006311D60403C43700FC
:1078600083C72700AE8922045D8C9307C4FFC2073B
:10787000C1832A89636FF70003A58900231199004A
:1078800023108900F155EF600FAC2322A9000145B8
:1078900031A02285EFF0AFD265F10545F240624498
:1078A000D2444249B24905618280397122DC2E847A
:1078B000834704004AD806DE26DA4ED619472A89BD
:1078C000B285639AE706034624002800EFF0FFD054
:1078D000AA8415E903558100EFF06FCEAA8983458C
:1078E000140015C9378701002E861307277A340044
:1078F0009D454A85EF00D0424E8509468145352396
:107900004E85EFF08FD9F250625426854259D254F9
:10791000B2592161828089472310F1008357810089
:107920000A862311F1008357A1002312F1004A8532
:10793000EF003074C9BF4947639DE7020356240036
:107940002800EFF05FCFAA845DFD372500201305E6
:10795000C5BE8357C50099E3814475B7034714003A
:10796000834604000345E5003C000146CA85912694
:1079700059BF51476390E702035624002800EFF0F7
:10798000FF87AA8449F18345140030004A85EFF04F
:107990005FD195BF59476393E7060356240028003B
:1079A000EFF0BF8BAA8425F1835581004A85EFF063
:1079B000AFCA1DC958458356A10083570700B69723
:1079C000C207C1832310F700C1DB5C47D1D7B727BB
:1079D000002083C7279DC9D3B727002003C507BE52
:1079E0008545EF604FEA05B789473EC08357810060
:1079F0000A86834514002312F10015BF8345140045
:107A00000A8623100100EF00D066B9B75D71A6C2E7
:107A100056DA86C6A2C4CAC04EDE52DCAA8A03C5A4
:107A20001500AE8432C6EFF0AFBCB24501ED814423
:107A3000B6402644268506499644F259625AD25ADF
:107A400061618280230205002311050083C90400BF
:107A500085472A84639AF90003C624002808EFF0BA
:107A6000FFB1AA8405492DA09D476394F9040347FB
:107A700005008D47E31DF7FA03C6240028080549D1
:107A8000EFF09FB8AA8409E5054681452285712E4D
:107A90002285EFF0CFDE034584003C080147CE8607
:107AA0002686D6853924E30509F82285EFF0EFBE56
:107AB00041B7CD47639DF900034705009147E3189F
:107AC000F7F603C624002808EFF0DFBB59BFD547FF
:107AD000E39FF9F4034A05008947E31AFAF403C661
:107AE000240028080549EFF09FCBAA8455F183575D
:107AF0000102BDE3035781011306F0035C449306C2
:107B000007FCC206C182636CD6000356A101D946A8
:107B100063F7C6008356C101D94563EFD50003550D
:107B200024002391E7000549EF00D05503560102D8
:107B3000D2852285692CA9BF8355E1012391E700F5
:107B40002392C7002390B7002393D70085472300D3
:107B5000F400014A0149D9BF014AC9BF7971AA8518
:107B600022D426D203542500AA84280806D6EFF092
:107B70001FCBF24599E535E985452285EFF04FE5C4
:107B8000C1A0835781011547639BE7060357A101F5
:107B90008D4763FCE7046800EFF05FC60357E10020
:107BA000DD4763FCE7008345D100B7071700850771
:107BB000100822853EC8EF00D04B8357E1000357E1
:107BC000A10191076305F7002285EFF06FDF83477E
:107BD000C10072466C00858B1106228591CFEFF0B3
:107BE000FFE201C52285EFF0AFDD884451D59780D3
:107BF000FE1FE780605349B7EFF03FCBDDB7114779
:107C00006389E7001387A7FF42074183854663EE38
:107C1000E6023147F117B387E70237270020130741
:107C2000C7BEBA9703D7070069D303C5270030083A
:107C3000A2850D205DF9035781019147E31EF7F2FC
:107C4000B25022549254456182802C082285812EA4
:107C500049FDFDB701114AC82A89314526CA06CE19
:107C600022CC2EC6B284EF507FFA31C1B2459307C1
:107C7000000A2310F5002311B5002A8421461105BE
:107C80008DC0A6859780FE1FE7808059A2854A8512
:107C9000EF60CF860145F2406244D244424905611B
:107CA000828081459780FE1FE780A05EC5B70545AD
:107CB000DDB7797126D2AA841305000206D622D434
:107CC0002ECE32CC36CA3AC83EC6EF503FF431C948
:107CD0006246F2454247D246B2472A84130520FA4B
:107CE0002300A400A300C4002311B4002302E40075
:107CF000A302D40013058400614691CFBE8597800E
:107D0000FE1FE780E051A2852254B250268592548E
:107D100045616F50BFFE81459780FE1FE780605729
:107D2000DDB7B25022549254456182805845797132
:107D300022D406D62A84AE8649C383572700231D42
:107D4000F10093072006639FF504B727002003D6B0
:107D5000E79C835767006373F600B28713F6F70F4B
:107D600083552701834707018D8F93F7F70F81E52F
:107D7000890793F7F70FB297FD17B3C7C702231E02
:107D8000F100835724008355640003458400231CBD
:107D9000F10001473C080146EFF0BFF1B250225418
:107DA000456182800347C701B727002083A7C7BD6D
:107DB0001207BA9783D76700D9B72EC619468145EF
:107DC00028089780FE1FE780C04CB2465DBF7971DE
:107DD00022D406D626D22A848DC181470147930634
:107DE00000062E868355640003458400EFF07FEC87
:107DF000B2502254925445618280B2842800594680
:107E00009780FE1FE780E0482314910089E883579C
:107E1000240048446C002315F100EFF0CF973C009C
:107E2000014793060006014675BF797106D6814762
:107E300099ED8357250058452316C1002314F100FE
:107E40003C0011C7835727002315F1003C002E8604
:107E50008355650003458500014793060006EFF052
:107E60005FE5B25045618280411122C406C6834756
:107E7000050011472A846395E7022E868355650025
:107E80000345850081470147CD46EFF09FE2494613
:107E9000835564002244B240154541016FF00F8ABA
:107EA00013F7B70F89466317D7000146EFF03FF28B
:107EB0005146F9BF0D476398E7002244B24001469E
:107EC00041016FF09FF6B24022444101828003D706
:107ED0000500B146B727002071173307D7029387F3
:107EE000C7BEBA97D84319EBD8412395A7000145DF
:107EF000D8C303D725002394E700828059458280A8
:107F0000797122D4404526D24AD006D6AA842E8939
:107F100025C0484419C59780FE1FE780E02023262E
:107F200004008357040083D5640003C5840023152F
:107F3000F100835724000147930640062316F10001
:107F4000835784004A862317F1001C483EC883D714
:107F500024002314F1003C00EFF0BFD5A30E240150
:107F600023280400B2502254925402594561828061
:107F70002800314681459780FE1FE780803183D7F6
:107F8000240083D5640003C584002314F100014755
:107F90003C00930640064A86EFF0BFD1E1B7797105
:107FA00052CC2A8A03D5050026D206D622D44AD03E
:107FB0004ECE56CAAE84EFE09FE019E18547BDA8DA
:107FC0004045AA8965DC83576500E39947FF8357DD
:107FD0008400638707128346C401B72A002003A7E1
:107FE000CABD9206FD173697C20703576700C183C3
:107FF0002314F4006316F70093053006EFF01FD347
:108000005C48A5EFC84003491500834705002209D5
:108010003369F90083D7240013072900631AF70294
:10802000F955EF505FB2C8C02391240103C5890000
:108030002686D285EFF01FC2814721E1B25022543B
:1080400092540259F249624AD24A3E854561828081
:108050009565938515C04A859780FE1FE78080FE51
:1080600048C8C840231C2401F955EF50DFAD83D721
:108070002400C8C0F9172391F400484859C503D615
:1080800024008356A401835784013308D60063C0BB
:1080900007090347C40183A7CABD95451207BA97CC
:1080A00083D7270063CF0705CC4036959780FE1F06
:1080B000E78000170357A40183D72400BA97C207AB
:1080C00003578401C183231DF400E399E7EE03D72E
:1080D000290003C5890030002314E1005848D285E7
:1080E0002315F1003AC6EFF0FFB611C54848978056
:1080F000FE1FE7806003232A0400232C04007DBDBB
:1081000099454E85EFE05FDE55BDA545DDBF914544
:10811000CDBF03D725007DC3B727002083D6E79CBA
:10812000ED4763EEE60C011122CC2E8426CAAA8408
:108130004840914506CEEF501FA183572400AA86E0
:108140002300F50083572400A183A300F500835783
:1081500004002301F50083570400A183A301F50067
:1081600003562400C167F91711064206418263963F
:10817000F4042AC4314532C6EF505FA9AA85CD4721
:108180001DC5930700F92300F5003246F957A246B2
:108190002311F50089472302F500B7270020231398
:1081A000C50014C503C507BEEF505FB58147F24057
:1081B0006244D2443E850561828081452685EF4038
:1081C0001035AA8711E9B726002003C7269D65D37D
:1081D0007D172389E69CE1BF09476304E5021D473B
:1081E0006303E50249476302E5027D47E311E5FCCD
:1081F000B726002003C7269D8147D1BFED473E85A6
:108200008280D1476DB791475DB789474DB701115E
:108210004AC831471309C5FF3307E902B7270020D1
:1082200026CA9384C7BE06CE22CCBA94D84029CBA6
:108230001384C7BEB727002083C6279D854795CAEC
:108240002314A10083D7840003D5A4002C003AC6D0
:108250002315F100EFF0FFEB11C5C8409780FE1F1A
:10826000E78080ECB147B307F902A29723A2070089
:108270008547F2406244D24442493E85056182808E
:108280008147C5BF797126D24445372700204AD09F
:1082900083D764000359E79C52CC06D622D44ECE35
:1082A00056CA2A8A63F327013E8903D7240142096B
:1082B0001359090183D7040141CB998F4A8463D5AF
:1082C000270113940701418089452285EFF06F81D2
:1082D000AA89CD4A25C183D724002AC62315810047
:1082E0002314F10083D7240185E383D70401930984
:1082F00025002300F50083D70401A183A300F50026
:108300006376240503D4040183D72401CC44228658
:108310004E85BE959780FE1FE78080F003556A006A
:108320002C00EFF01FDFAA8A15C54E859780FE1F2F
:10833000E78080DFB2502254568592540259F249A8
:10834000624AD24A4561828089078DBF791442040E
:1083500041805DBF03D7240183D704003A94FD1701
:10836000C207420403D70401C18341802390F40073
:10837000239984006377E400D5FFFD57A38EF400B2
:1083800055BF81455285EFF0BFB76DB779714AD0BF
:108390003729002052CC034A599D22D456CA5AC8C4
:1083A0005EC662C406D626D24ECE5284B72A0020BC
:1083B000054B930BF00F372C002083A78A9C931456
:1083C0004400BE9483C90400639D6907DC44B5CBB7
:1083D000D84725CB03D7070029CBB727002083C771
:1083E000279D99CF2685EFF0FFE9AA8515E9B727E4
:1083F000002083C7179D05046351F402A30A899CDA
:10840000B25022544E8592540259F249624AD24ADD
:10841000424BB24B224C45618280A30A099CCDB7E6
:108420002685EFF0FFAD8149E1BF83C7D701639A8D
:108430007701930520062685EFF05F8FDC44A38E3D
:10844000070083471C9D05041374F40F6363F40055
:108450000144E31444F7C1BF4111154506C6EFF0CE
:108460001FDB09C50545B240410182801945EFF087
:108470001FDA6DF91145EFF09FD96DF51D45EFF04D
:108480001FD96DF1B727002083C7179DE9DFB240E0
:1084900041016FF0BFEF83D705000D47F117C20709
:1084A000C1836365F706DC41B5C3411122C42E8444
:1084B000854526C206C6AA84352739C92685892559
:1084C000C167F9176381F40219ED8357240081CF46
:1084D0008356040019476393E604372700200357A7
:1084E000E79C63FDE702B727002083C7279DA2858D
:1084F000268599C72244B240924441016FF07FC162
:108500002244B240924441016FF07F9C0945828031
:108510005145B24022449244410182806D45D5BF0D
:10852000397126DA4ED6AA84AE895D4589454AD886
:1085300006DE22DC328936C63AC4EFE09FDA35C562
:1085400022472A84014511C7B24613054400B68567
:1085500002979357850023003401A3002401A3014F
:10856000F4009547231CF100B727002083C7279DFF
:108570002301A4001105231DA10022CE2C0826856D
:1085800095C3EFF01FB9AA8411C522859780FE1FFD
:10859000E78080B9F250625426854259D254B259CC
:1085A00021618280EFF0BF92F9BFCD44E5B77971C8
:1085B00026D24AD052CC56CA06D6BA8A22D44ECE39
:1085C00019472E89B284368A639DE5060355260035
:1085D0000944EFE0CFFE2AC62DCD5C4583596500E6
:1085E00083D727002390F400B247B7260020154711
:1085F0002380570103C686BE2391E70013071600A8
:108600001377F70F2384E6BE2382C70001E70547EF
:108610002384E6BE5147631AE90015472391E4001D
:10862000DC4703D784002394E7005287A686CA85D7
:108630004E85EFF0FFEE2A84324515C4EFE0FF854A
:1086400009A842867400BE85AA89EFE0CFE82A8493
:1086500041DD2285B250225492540259F249624AB5
:10866000D24A45618280F945EFE0DF9FDDB783D7CD
:1086700005002300F50083D70500A183A300F500C2
:1086800083D725002301F50083D72500A183A3010B
:10869000F5001145828083D705002300F50083D7BC
:1086A0000500A183A300F50083D725002301F50071
:1086B00083D72500A183A301F50083D745002302BA
:1086C000F50083D74500A183A302F50083D7650099
:1086D0002303F50083D76500A183A303F50021459B
:1086E000828083D705002300F50083D70500A1838E
:1086F000A300F50083D725002301F50083D72500CB
:10870000A183A301F50083D745002302F50083D799
:108710004500A183A302F50083D765002303F5007C
:1087200083D76500A183A303F50083D785002304C5
:10873000F50083D78500A183A304F5002945828035
:1087400003D705008546AA872300E50003D7050067
:108750002183A300E50003D70500631DD70003D7DD
:1087600025002301E50003D725002183A301E500AF
:108770001145828009456315A70203D725001945D5
:108780002381E70003D725002183A381E70003D7D6
:1087900045002382E70003D745002183A382E70039
:1087A000828083D705002300F50083D70500A183CD
:1087B000A300F50083D725002301F50083D725000A
:1087C000A183A301F50011458280797126D24AD098
:1087D0004ECEB2842A89AE8929468145480022D4EA
:1087E00006D636849780FE1FE780A0AA2316910044
:1087F0008DEC835724002312F100B727002083D784
:10880000E79C2314F1005C448DC383C6C70137275E
:1088100000200327C7BD920683D7870036970357EA
:1088200027002315F1002313E100378701004A8553
:108830001307276E540013F6F90FD545EFF05FCEFE
:108840002A8911C19DE085472300F400230204001A
:10885000014681452285EFF08FD7B25022544A85D8
:1088600092540259F249456182802285EFE0EFE29D
:10887000EDB737870100B286130707742E8685454A
:108880006FF01FCA01112317A100B78601004165CF
:10889000700001489307F00F0D479386E6669945EF
:1088A0007D1506CEEFF0BFD0F24005618280B7861D
:1088B0000100B28701482E86114793866669C94533
:1088C0006FF0FFCE011122CC37240020130444C2E4
:1088D00026CA4AC84EC606CE2A89AE899304040326
:1088E0001C4081C7CE854A8582971104E31A94FE05
:1088F000F2406244D2444249B2490561828041114A
:108900003727002022C406C626C2130707AD8347B7
:10891000C7030345D70337240020130484C7A304E7
:10892000F400AA9793F7F70F2304F400A5CF1305DB
:10893000C0033385A702A5658505B724002097707D
:10894000FE1FE7802070034684009307C003814523
:108950003306F60223A0A4C29780FE1FE78060932F
:1089600083A704C283468400014789077D5663417B
:10897000D7022244B2409244372500201306000358
:108980008145130545C241011783FE1F67006390AF
:108990002390C7002381070023A5070205079387BB
:1089A000C703F1B7B2402244924441018280B72705
:1089B000002003C607C8B727002003A707C28147C6
:1089C0006315F600814636858280BA861307C70391
:1089D000835567FCE389A5FE850793F7F70FCDB7AD
:1089E000011122CC2EC632C406CE2A84EFF03FFC01
:1089F0002246B24511E9C167F9176303F4005145F6
:108A0000F24062440561828054558347450095C217
:108A100013F7270141456314A700154575F2C18B73
:108A20003D45F9DF83C7A6010145E3FBB7FC3145AE
:108A3000C1BFC18B0145E9F71545D9B7797126D278
:108A40004AD0B7240020416922D44ECE52CC56CA17
:108A50005AC806D6AA890144938484C7372A0020BD
:108A6000930AC0037D19054B83C784006364F40037
:108A7000014535A8B307540303270AC2BA9703D7A1
:108A800027006316270105041374F40FF1BF03C513
:108A90005700300093856700EF1051691946CE8565
:108AA00028009780FE1FE7802083E31E65FDB250FB
:108AB000225492540259F249624AD24A424B4561C9
:108AC0008280B727002083C507C8C166B72700206A
:108AD00003A707C2FD1681476395F500014632855D
:108AE0008280035827003A866306D80003480700AF
:108AF000E307A8FE850793F7F70F1307C703E9BF3E
:108B0000411106C6EFF0BFEA11C503554501B24059
:108B1000410182800145E5BFB727002083C607C811
:108B2000B727002003A707C20145814711076393B8
:108B3000F60082800346070001C605051375F50F90
:108B4000850793F7F70F1307C703D5B7B72700209B
:108B500003C507C8828037270020930647C2814794
:108B6000130747C231468C4291E58A07BA9788C3FA
:108B70000145828085079106E397C7FE4D458280B7
:108B8000411106C622C4EFF09FE21DCD2A84035591
:108B900025008545EFF01FD3485409C59770FE1F87
:108BA000E780805822851306C00381459770FE1F19
:108BB000E780206EFD572311F400230204000145D5
:108BC000B2402244410182800945DDBF411106C601
:108BD000EFF0FFDD11C50345C500B24041018280C1
:108BE0000145E5BFC167F9176304F502411122C4CD
:108BF00006C62E84EFF0BFDBAA87014591C703C5E7
:108C00004700698C33358000B240224441018280A4
:108C100005458280011106CE2EC6EFF05FD985474B
:108C200011C903574501B24585476305B700231AAB
:108C3000B5008147F2403E850561828031CD01114A
:108C40004AC84EC637290020C16922CC26CA52C460
:108C500056C206CE0144AA84130989C7372A0020C8
:108C6000930AC003FD1983478900634BF400F24067
:108C70006244D2444249B249224A924A0561828002
:108C80003305540383270AC23E9583572500638327
:108C9000370182940504C1BF8280B727002003C634
:108CA00007C8B727002083A707C2C1660145890707
:108CB0000147FD1691456313E600828003D8070043
:108CC0006309D80003C8A7006315B800050513752C
:108CD000F50F05071377F70F9387C703E9BFB7278A
:108CE000002003C607C8B727002083A607C2014794
:108CF000814791066310E602858393C7F7FFC20799
:108D0000C18305456364E50285473395A7004205A5
:108D10004181828083C5060081C583D5C602CD8F7F
:108D200005071377F70F9386C603E9B793F6170085
:108D3000E1FE050585831375F50FE9B7797156CA0C
:108D4000AA8A2E8526D24AD04ECE52CC5AC85EC6AA
:108D500062C406D622D4AE84328B368CBA8B3E8A5D
:108D6000C2894689EFF0BFC449E141657D15EFF046
:108D70001FC42A84554531CC1946DE85130564008D
:108D8000A30284019770FE1FE78080498357010387
:108D900023119400230264012319F4008357410333
:108DA0002300540123260402231AF400230644015D
:108DB0002317340123182401EFF07FF22318A402B3
:108DC000232A04022685232C04028145EFF09FAF5D
:108DD0000145B250225492540259F249624AD24A91
:108DE000424BB24B224C456182804545DDB7B727E7
:108DF000002083C607C8B727002003A707C2814702
:108E00006395F60041657D1582803A861307C70396
:108E1000835547FF6395A50003552600828085078B
:108E200093F7F70FF1BFB727002003C807C8B7278C
:108E3000002083A607C2416601477D16954811436D
:108E40006314E8000145828083D72600368563805D
:108E5000C704CC5A8DCD83C7350083C5250089CD85
:108E6000938597FD93F5F50FE37FB3FC9387D7FACE
:108E700093F7D70F89EF82809385F7FD93F5F50F70
:108E8000E3F3B8FC9387D7FA93F7D70FCDDF050745
:108E90001377F70F9386C60365B7B727002083C5FE
:108EA00007C84166B727002003A707C27D16814780
:108EB00025486394F50001458280835627003A8552
:108EC000638CC600545B89CA83C636009386E6FD70
:108ED00093F6F60FE372D8FE850793F7F70F1307A3
:108EE000C703C1BF011122CC2A84494506CEEF70C9
:108EF000BFF015C12AC62285EFF07FAB09CD6244D1
:108F0000B7270020324683550503F24003C5B7C793
:108F100005616F502FB6F24062440561828039715D
:108F20004ED652D4AE892A8A93053005414526DAB9
:108F30004AD856D206DE22DC32C63689BA8A977003
:108F4000FE1FE7802010CD4431C92A848944638202
:108F5000090432468145231AC10041469770FE1F1D
:108F6000E78020335686CE8522859770FE1FE780E6
:108F7000202B2146630E0902CA8528089770FE1F20
:108F8000E780002AA28650082C085285EF30904FC7
:108F9000AA8422859770FE1FE7800019F250625460
:108FA00026854259D254B259225A925A216182805E
:108FB000814528089770FE1FE780A02DE1B7411179
:108FC00022C4405926C206C6AA8429CC085409C521
:108FD0009770FE1FE7804015285809C59770FE1F3F
:108FE000E7808014685809C59770FE1FE780C0139A
:108FF000285C09C59770FE1FE7800013685C09C5EF
:109000009770FE1FE78040120325040809C597707A
:10901000FE1FE780601122859770FE1FE780C01059
:1090200023AA04022244B727002083D50403B240B8
:10903000924403C5B7C741016F508FCC411126C27E
:1090400006C622C4AE84EFF09F9621C54C592A84EF
:10905000A9C183A8C50703A88507FC59B85983C6C9
:10906000650003D6050083C525002685EF70FFE067
:109070002285EFF0DFF4EFF05FE201CD2244B72765
:109080000020B240924403C5B7C7854541016F40F7
:109090009FFFB2402244924441018280011122CCC0
:1090A00006CE2A842EC6EFF09F905C5991CF83D7CD
:1090B0000700B245639A870085476397F5006244CD
:1090C000F24005616FF0BFEFF240624405618280BB
:1090D000411106C622C426C2EFF0FFD421C5405973
:1090E000AA8429C0834724008DCBB727002083A7FB
:1090F00087C589C7DC4399C322858297034734001B
:109100009307F0026310F702224403D52400B24013
:109110009244814541016FF07FF2B727002083A779
:1091200047C5C1BFB24022449244410182804111EF
:1091300026C24AC006C622C4AA842E89EFF03F8701
:1091400031C140595DCC83570400639C970A834723
:10915000340013071002639CE70883472400D9C337
:109160007C540327040883D7470105E713F717004A
:109170000DC3185403574700058B01CF93072002F6
:10918000A301F400B2402244924402490545410142
:10919000828013F7270009CB185403574700098B27
:1091A00001C793074002E9BF918B89CB1C5483D739
:1091B0004700918B81C793076002D9B7B72700207A
:1091C00083A787C5E1D3DC43D5DF22858297034798
:1091D00034009307F0028145E316F7FA2685EFF095
:1091E000FFE54DB7B727002083A747C5E1BF1307A9
:1091F000A0026398E7006304090013092003CA85ED
:10920000F1BF631C09002685EFF06FFA19C583478B
:10921000450093E707012302F500A6854A85EF7014
:10922000CFDA8DB7797126D29947231DB100AA8470
:109230002E858D4522D406D632C636C4231CF100B5
:10924000EFE02F8A2ACE4D441DC13246A246AA85A0
:10925000328582962A8419E52C082685EFF0AFA383
:109260002A8411C572459770FE1FE780E0EB2685C2
:10927000EFF05FC72285B25022549254456182803C
:109280004111B7B6010022C42E862E84938646C7AC
:10929000894506C626C24AC02A89EFF0BFF8834531
:1092A0000400AA844A85EFF07FD9B2402244268583
:1092B0000249924441018280B727002083A747C515
:1092C00095CB9C4385CB1D71A2CC86CE98411008CE
:1092D0002A843AC8D84185453ACA829701C92306EB
:1092E000A100035524006C00EFF09FF9F64066449E
:1092F000256182808280AE8715C5785505C7834673
:1093000007002380D50083461700A380D50083463D
:1093100027012381D50083468701584BA381D500BF
:10932000D8C18280414681453E851773FE1F670084
:1093300043F6B727002083A787C591C703A38700FB
:109340006303030002830945828037270020032737
:10935000C7E41DC75843AA8705450DC703A50708DD
:10936000411106C6930605021306050C9305050672
:10937000130505040297B2401375F50F4101828071
:109380000545828082804DC9357122CD2A840355DE
:10939000050026CB4AC94EC756C306CF52C55AC18F
:1093A000DEDEB68AB2892E89EFF06FE0AA8439C575
:1093B0000C182285EFF03FF483472400138A6400E1
:1093C000A9CBEF700F9A2A8B014583CB5400EF7025
:1093D0004F97AA840C100818EF10806B08542C10BB
:1093E000EF10A06BD288268A56C05E88D2875A8733
:1093F00014103010CE854A85EF20D026FA406A44FA
:10940000DA444A49BA492A4A9A4A0A4BF65B0D613C
:109410008280EF700F95AA8B014503CB5400EF704B
:109420004F922ACE08540C10EF1080662C100818AA
:10943000EF10A066F2484DBF8280C14709CD145598
:10944000C14791CA785501CB83C73600BD4663F446
:10945000F600834787013E858280894763090510AE
:1094600063870510411106C622C426C28347150032
:109470002E842380F50083472500A380F5008347D1
:1094800035002381F50083474500A381F50083471C
:109490005500858B9396870083D7450093F7F7EFA8
:1094A000D58F2392F5008346550093F7F7DFA20688
:1094B00093F60620DD8E2392D5000347550093F6E0
:1094C000F6BF220713770740558F2392E5008347A5
:1094D0005500FD769386F67F8D87858B758FAE0759
:1094E000D98F2392F50083466500F99B858ADD8E2E
:1094F0002392D500034765009377270013F7D6FF23
:109500005D8F2392E5008347650093F647009377CC
:10951000B7FFD58F2392F50003476500DD9B4D45CE
:10952000218BD98F2392F500EF701F8DAA845145AE
:10953000EF709F8C0347340093F4F40FC9476362C4
:1095400097021375F50F636EE5008346040011471B
:10955000E1476368D7008346140005476363D7007B
:109560008147B240224492443E85410182803E853B
:10957000828015C1AA8709458DC141112E854146BA
:109580009385170006C69770FE1FE78060C9B2403A
:1095900001454101828009458280828089471DC53D
:1095A00095C5411106C603471500AE8719462380AD
:1095B000E50093052500138517009770FE1FE780CF
:1095C00020C6B24081473E85410182803E8582802F
:1095D00015C1AA8709458DC141112E854146938544
:1095E000170006C69770FE1FE78080C3B240014592
:1095F0004101828009458280828089471DC995C9C1
:10960000411106C60347250083461500AE87220791
:10961000558F2390E50021469305350013852700DB
:109620009770FE1FE780C0BFB24081473E85410171
:1096300082803E85828015C1AA8709458DC141116E
:109640002E8541469385170006C69770FE1FE7805A
:1096500020BDB2400145410182800945828082805F
:10966000894719C991C903471500BD46E14763E51C
:10967000E6002380E50081473E85828015C1AA87E8
:1096800009458DC141112E8541469385170006C6B7
:109690009770FE1FE780C0B8B2400145410182804B
:1096A00009458280828015C1AA8709458DC1411173
:1096B0002E8541469385170006C69770FE1FE780EA
:1096C00020B6B240014541018280094582808280F6
:1096D0001DC1AA87094595C141112E8513060004B5
:1096E0009385170006C69770FE1FE78060B3B240EF
:1096F00001454101828009458280828015C1AA8787
:1097000009458DC141112E8541469385170006C636
:109710009770FE1FE780C0B0B240014541018280D2
:109720000945828082801D71A2CC2A84084586CE9C
:10973000A6CA230601008344050035479387F4FF3A
:1097400093F7F70F636AF70C37D702008A071307FE
:10975000C7C8BA979C4382870C08EFF01FD0C9474F
:109760006312F50299472306F100035524006C00AB
:10977000EFF01FB1F6406644D644256182800C08A4
:10978000EFF07FEB29C98347C100E5F303552400BF
:10979000EFF04FF5C5B70C08EFF05FEEE5B70C083A
:1097A000EFF01FECC5B70C08EFF0BFDCE1BF0C0811
:1097B000EFF0BFE4C1BF0C08EFF09FE1E1B70C0888
:1097C000EFF0DFDDC1B70C08EFF0FFED65BF8347B9
:1097D00015002308F10003552400EFF04F9DA14729
:1097E0000DC10347C500631BF702B727002003A77D
:1097F00087C59D4719C7184309C71008A685029752
:10980000AA872306F10041B70C08EFF07FEC9DBF5B
:109810000C08EFF0BFEEBDB79D47B1B7B7270020EA
:1098200003A747C5F9B7011122CC06CE26CA4AC8FC
:109830004EC603470500930720092A84631CF712CC
:109840008347150039476395E70A83564500096742
:10985000610781476398E610B729002003A589C6F0
:10986000CE84630105100C4403C90500631F090081
:109870008347050085052146A9CF29059770FE1F5E
:10988000E780009A83A784C6B5C34945EF400FB867
:109890002A841DC5930710FC2300F500A3002501B1
:1098A00083A584C60905414689059770FE1FE78098
:1098B000209783A784C6A28503C51700EF400FC475
:1098C00003A584C69770FE1FE780008623A404C604
:1098D00031A809059770FE1FE7808094EF30403A69
:1098E00005494DF183A789C62380270185479DA897
:1098F0001307E003639EE708034725009547631FAE
:10990000F70203554500EFF06FAC9147E310F5FE09
:10991000B727002083A747C5F1DB03A38700E30730
:1099200003FC0356E40003554400930564006244BD
:10993000F240D2444249B24905610283A147631E05
:10994000F70083456400035544006244F240D2446A
:109950004249B24905616FF08FFD930600038147CC
:10996000E301D7FEF2406244D2444249B2493E8507
:10997000056182809306000A8147E315D7FEEFF068
:109980009FDA084425D59760FE1FE780E079B9BFCC
:109990008147C9BF011126CA06CE22CC89441DCDFC
:1099A00095CDAA842E8468008D45EF60BF8B8347D8
:1099B000E1002685228693F7F70393E707046C00FE
:1099C0002307F100EF200041AA8409E90D466C004D
:1099D000130534009770FE1FE7808084F2406244D4
:1099E0002685D244056182805D714EDE86C6A2C4A2
:1099F000A6C2CAC052DC56DA5AD85ED6894945CDCD
:109A00005DCA138B4500420B135B0B01AE8A2A8A99
:109A1000930530055A85B2849760FE1FE780806207
:109A20002A84CD4949C9EF60BFB52A895686D285B7
:109A3000935A8900135A0901937BF90F13054400C7
:109A400093FAFA0F137AFA0F135989019770FE1FD0
:109A5000E780608DA301740123015401A300440138
:109A600023002401EF603FB1AA85414608089770A2
:109A7000FE1FE780408B214734005A86A2850808E4
:109A8000EF20E05BAA891DE121462C0023807401B0
:109A9000A380540123814401A38124011385440040
:109AA0009770FE1FE7802088EF605FAE2285976089
:109AB000FE1FE7806067B64026444E8596440649FF
:109AC000F259625AD25A425BB25B616182800111E3
:109AD0004AC82A892E8506CE22CC26CA2EC6EFE099
:109AE0001FED71C5405971C4834754000947B24501
:109AF00093F6B70F6387E60011471305E00F6392F3
:109B0000E708835704000945639DB7069304840062
:109B10004146CA8526859760FE1FE78060704146F2
:109B2000CA85130584019760FE1FE780606F0347B5
:109B3000340085469307F7FE93F7F70F63E9F604C1
:109B40001306C4033285C14532C6EF60AFF1324619
:109B50009306C402A6852285EFF0FF828347240086
:109B600089CB22856244F240D244424905616F109C
:109B7000A01903473400C947E305F7FEA301F40029
:109B80000145F2406244D244424905618280930714
:109B900010050145E317F7FE83472400FDD3228516
:109BA0006244F240D244424905616F10601C09458D
:109BB000C9BF4945F9B7397152D42A8A328526DAA4
:109BC0004ED606DE22DC4AD8AE8932C6EFE03FDE52
:109BD000C94459C54059C94441C483570400324659
:109BE0006390C70883475400A18BB1CB372900206D
:109BF0008327C9E49304E00FA5C79C47B5C393042A
:109C0000840126854146D2859760FE1FE78040612A
:109C10008327C9E48325040826869C479385050489
:109C2000180881462E858297AA844146CE85080869
:109C30009760FE1FE780406A93F4F40F11E18944B6
:109C4000034734009307B005631CF7002285EF102B
:109C5000E00E8347240091CF9307C005A301F400D1
:109C6000F250625426854259D254B259225A216187
:109C700082809307E005DDB729CD011126CA06CE03
:109C800022CCAA840945A9C10D4628002E848D0541
:109C90009760FE1FE780C0588347A10070002C002A
:109CA00093F7F70393E7070426852305F100EF20D8
:109CB000601219E90D46A28568009760FE1FE780D3
:109CC000A0617D153335A000F2406244D2440561A5
:109CD000828009458280011152C42A8A32854EC68B
:109CE00056C25AC006CE22CC26CA4AC82E8BB28A89
:109CF000B689EFE0DFCB09ED8944F2406244268566
:109D00004249D244B249224A924A024B05618280BA
:109D10005C592A89C544F5F34D45EF70EF8D1374F6
:109D2000F50F5145EF704F8DE38809FC83C789011A
:109D3000E3E487FC1375F50FE360F5FC930530054C
:109D4000130540089760FE1FE780C02F232AA90251
:109D50002A84CD445DD11306400881459760FE1FDB
:109D6000E7802053A301040023014401230264017E
:109D7000231054012326340723240402A3020400E1
:109D80008144E30C0AF62285EF001072AA8435D5CF
:109D90004A85EFF0CFA295B7397122DC06DE26DACC
:109DA0004AD84ED652D456D25AD05ECE62CC66CA6B
:109DB0000944630B061063090710AA8B3A89368B96
:109DC000B28A2E8CEFE0BFBE2A8A5144630E050E84
:109DD0009305300541459760FE1FE780A026AA89BC
:109DE0004D447DC18344190083472900A204C20762
:109DF000BE9483470900BE9483473900E207BE94AE
:109E000083278A0263E697007D5709446399E70A2E
:109E100063070C0083474A000544898BCDC3930C2C
:109E20004B00214681450A85C20C9760FE1FE780E2
:109E3000404693DC0C019305300566859760FE1F54
:109E4000E78040202A8C4D443DC95A86D6851105AD
:109E50009760FE1FE780204D1146CA856285976096
:109E6000FE1FE780404C414693058A014E8597606E
:109E7000FE1FE780404B21478A866686E2854E8535
:109E8000EF20E01B2A841DE521468A852800976083
:109E9000FE1FE7804049214693054900280097604E
:109EA000FE1FE78060438547631EF502A6855E8539
:109EB000EF70CFAA62859760FE1FE780E0264E858F
:109EC0009760FE1FE78040262285F2506254D254EC
:109ED0004259B259225A925A025BF24B624CD24C0E
:109EE000216182800544F9B779719397050122D4E5
:109EF00006D626D24AD04ECEC1872E8463D507041B
:109F0000B7240020938484C703C53400EF301FD7E3
:109F10002AC611CDEFF03F91B24519E503C52400E3
:109F20009307F00F631EF5002E85EF301FC92165E2
:109F3000218DB250225492540259F24945618280D7
:109F4000EF30DFDBEDB793F7150091C7EFF04F98D7
:109F500013451400F9BFA1E10145E1BF850493F465
:109F6000F40FEFE0BFBEE3F9A4FE33959900131997
:109F7000050113590901B3772401EDD34A85EFE0B8
:109F80001FE7C167FD176305F500DD45EFF00F8B97
:109F90003345240179BF85448549E1B7B7270020BF
:109FA00023A407C6B727002023AC07C437A70100A6
:109FB000B72700201307C75B23AA07C4B7270020D1
:109FC00023A6E7C637A701009387C7C61307872CC8
:109FD000D8C3379701001307E7F198C737B70100D7
:109FE000B72700201307675523AEE7C437B7010032
:109FF0009387C7C51307E70BD8C337B7010013070B
:10A00000273A98C78280B727002083C7C7C7918B9C
:10A0100089C7B72700209387C7C537270020232A81
:10A02000F7C401458280011106CE2AC6EFF01FF762
:10A030003245B72700209945A38DA7C6EFD0CFA4FE
:10A04000F240379501001305C50905616FE0BFB007
:10A050001C5581C7A1473E858280011122CC26CAAA
:10A060002A84AE84130500049305300506CE97605C
:10A07000FE1FE78020FD08D46305051013060004C9
:10A08000A6859760FE1FE780A019785483472701B3
:10A0900093F68700638E0610145483C62600A18AA7
:10A0A0006388061083270408E9EF9305300513053C
:10A0B00000109760FE1FE780E0F82320A4088D477A
:10A0C00071C1A3020400785483C7140083461700AB
:10A0D00081EF81EE83C72400918BDDEB834727015D
:10A0E000918BDDE7854711A889C62147A302E400CB
:10A0F00099C78347540093E70701A302F4006C5407
:10A1000083C72501858B91CF1C54054783C7270042
:10A110008D8B6398E7008347640093E71700230360
:10A12000F4008327040899C78347640093E78700F6
:10A130002303F4008347540005476398E70C930416
:10A1400084004146814526859760FE1FE7806014A4
:10A1500041468145130584019760FE1FE780601327
:10A160001306C4033285C14532C6EF60AF8F832723
:10A1700004083246BDC72285EF00903F93070005D3
:10A1800025CDA147F2406244D2443E8505618280DC
:10A1900083C70400834607001547B387E70237D714
:10A1A0000200130707CEBA97B69783C70700B1B767
:10A1B00083C6140091C68346170099C2E14735BF94
:10A1C00083C62400D58F918B91DF83C7040083461B
:10A1D00007001547B387E70237D70200130747CCBC
:10A1E000D9B722859306C402A685EFF0CF992285C0
:10A1F000EF00903159F5C14703550400A301F40065
:10A200008145EF601FE08147B5BF13F7870149C360
:10A21000C18B930484004146A9CB890526859760AC
:10A22000FE1FE780E0FF41468145130584019760EA
:10A23000FE1FE7800006834764001306C4033285CF
:10A2400093E747002303F400C14532C6EF608F81D6
:10A250008327040832468DC32285EF0070319307AF
:10A26000200505F1A301F40079BF8145268597609B
:10A27000FE1FE780000245BF9306C402A685228523
:10A28000EFF06F902285EF003028CD4761DDD5BD1E
:10A29000094785456388E70093F7D70F1147639710
:10A2A000E700894503550400EF60BFD5834764008C
:10A2B00093E747002303F4008327040881C793072B
:10A2C00010054DB7C54779BF83472500638307262F
:10A2D000797122D406D626D24AD083473500130797
:10A2E00050052A84639FE706034975001306C503DA
:10A2F000C14593573900AA97328583C4870032C677
:10A30000EF505FF6B727002083A7C7E4A9C79C4793
:10A31000B9C30325040893767900B3D6D4403246F6
:10A32000858A93050504180893E6060813050508B1
:10A3300082971375F50F05E141460C081305C40219
:10A340009760FE1FE780C0ED2285EF00F01B9307AA
:10A350006005A301F400B2502254925402594561A1
:10A360008280130710026395E7021C550327050836
:10A3700083D7470069EB13F7071071C77855035768
:10A3800047011377071061C393077002A301F4001C
:10A390008347340013077002639FE70C3C5885E342
:10A3A0009305300571459760FE1FE780A0C928D846
:10A3B00019C5714681459760FE1FE78080ED2458DE
:10A3C000B9C883C7A40191E72285EFF00F87238DD9
:10A3D000A4002858814541469760FE1FE78060EB46
:10A3E00028583D478345A5019387F5FF93F7F70F5D
:10A3F0006364F700EF501FE7EF307FAA3C58A14598
:10A400002398A70013852701EF50DFE52C5803554B
:10A410000400EF00D0409307800203550400A3011D
:10A42000F400EFE0CFD8414611C58357E50013D6BD
:10A4300017003E96B727002003C5B7C70606854517
:10A44000EF305FE309BF13F7072011CB78540357B0
:10A4500047011377072001C79307900205BF93F7C1
:10A4600007409DD77C5483D7470193F707408DD38E
:10A470009307B00221BF13078002639BE7023C5899
:10A4800089CB83D507010355040013862701EF000C
:10A49000903E1C5483D7470013F707202DC37854F0
:10A4A000035747011377072039CB93079002B5B7BD
:10A4B00013079002639CE700EF604F8BAA8503555A
:10A4C0000400EF00503A9307A00281BF1307A002D7
:10A4D0006393E704EF60EF88AA85854701456384AD
:10A4E000F500814505452EC6EF60AF852A86B24549
:10A4F00003550400EF00B0331C5483D7470093F793
:10A5000007408DC77C5483D7470193F7074099CF05
:10A510009307B00219B71307B0026399E700EF6021
:10A520008F85AA8503550400EF0070389307F00269
:10A530000DB58280411122C4405926C206C67C5402
:10A54000AA8483D7470113F7071019C71854035774
:10A550004700137707101DE313F7072019C7185496
:10A56000035747001377072011EB93F707408DCF70
:10A570001C5483D7470093F707409DC793071002E9
:10A58000A301F4002285EFF03FD403473400930782
:10A59000F0026310F702224403D52400B240924433
:10A5A000814541016FE09FA99307F002A301F400E8
:10A5B000DDB7B2402244924441018280397122DCED
:10A5C000405926DA4AD84ED606DEAA89AE843289A8
:10A5D000630F043C03552500835704006384A700E0
:10A5E000A14429A08347240091EB9D44F25062547A
:10A5F00026854259D254B259216182809387E5FF62
:10A6000093F7F70F2D47E362F7FE37D702008A076B
:10A610001307C7CFBA979C438287B2852285EFF094
:10A620003FA3AA84E1B74146CA851305C4049760D5
:10A63000FE1FE780E0BE22851127AA8411C1A14434
:10A6400083473400130740056397E700930790059D
:10A65000A301F40061BF130760056395E70093074A
:10A66000A005FDB7D147EDB79309C4054E85414616
:10A67000CA859760FE1FE780A0BA0325040855C964
:10A6800083473400130790056399E70022859127DB
:10A690009307E005A301F40059A81307A0056394EC
:10A6A000E7088347740013D7370022978346870053
:10A6B0009D8BB3D6F640B727002083A7C7E4858AD1
:10A6C00093E606F893F6F60F81DF9C4791DB93053E
:10A6D000050818084E861305050482979374F50F34
:10A6E000E39004F041460C081305C4049760FE1F74
:10A6F000E78080BE834774004D47850793F7F70FC7
:10A70000A303F4006377F7002285E1259307E005B2
:10A7100081B7B727002003C5B7C78545EF30BF967F
:10A720009307500535B71307C005E381E7F6814469
:10A7300075BD130984004E86CA8522851408EFE092
:10A740009FC441469305C40408089760FE1FE78034
:10A75000A0B8E30D05E88A861306C403CE854A85B2
:10A76000EF1090040DE12285EFE03FCDB7270020E8
:10A770002A8783A747C703550400814601468A8577
:10A780008297AA8411C1A14493072002D1B58345C1
:10A790000600EFE0BF8A61BF034734009307200241
:10A7A000E315F7E47C5889EB930530057145976014
:10A7B000FE1FE780208968D86858E30805E2414613
:10A7C000CA859760FE1FE780A0A564582285EFE048
:10A7D000DFC6238DA400930730026DBD034734000C
:10A7E00093073002E313F7E08357060068582146C9
:10A7F000930529002318F50049059760FE1FE7809F
:10A8000020A27C5483D7470113F7270035CB185477
:10A8100003574700098B2DC793074002A5BD034787
:10A82000340093074002E312F7DC3C5C81EB854582
:10A830005D459760FE1FE780E08028DC285CE30828
:10A8400005EE834709004146CA85230BF500976052
:10A85000FE1FE780E09C930750022DBD03473400A4
:10A8600093075002E313F7D8285C194693051900A3
:10A8700041059760FE1FE780A09A7C5483D747016B
:10A88000918B9DCF1C5483D74700918B95CB930719
:10A89000600209B57C5C89EB930530055145975002
:10A8A000FE1FE780207A68DC685CE30B05D2414636
:10A8B000CA859760FE1FE780A0967C5C7D5798CB89
:10A8C0004E85EFF03FC7A5B5032504081306000425
:10A8D000CA85130505049760FE1FE78060942285F2
:10A8E000EFE0BFA683473400130700056395E70038
:10A8F0009307400545B313071005639CE700B7278E
:10A90000002003C5B7C78545EF30EFF79307500523
:10A9100051B313072005E39CE7E0B727002083A786
:10A92000C7E4E38F07CA9C47E38C07CA8325040862
:10A9300093048400180893850508814626862E8591
:10A940008297035504001008A685EF606FF4930703
:10A95000B00589B3034734009307E005E317F7C850
:10A960008325040841464A859760FE1FE780C0960C
:10A97000AD44E30D05C6032504084146CA8597602A
:10A98000FE1FE780E0892285EFE03FABB72700207C
:10A990002A8783A747C72C580355040081460146E0
:10A9A0008297AA8411C1A1449307100255B1AD4703
:10A9B000E39FF5D683460600835525001306650000
:10A9C00003450500EF501FF19DB3894761C2DDCDFE
:10A9D0002300A60083C70500A300F60083C7150067
:10A9E0002301F60083C72500A301F60083C73500C5
:10A9F000A30206002302F60083D74500A183858BBE
:10AA0000A302F60003D745001377072009C793E791
:10AA10002700A302F60083D7450093F7074099C7A4
:10AA20008347560093E74700A302F60083D745000B
:10AA300013974701635807008347560093E7870041
:10AA4000A302F6002303060083C74500858B23037A
:10AA5000F60003D74500098B09C793E727002303B6
:10AA6000F60083D74500918B99C78347660093E72B
:10AA700047002303F60003D745008147218B19C700
:10AA800003476600136787002303E6003E85828044
:10AA90002E86AA8505456FF05FF32E86AA850945A7
:10AAA0006FF0BFF289478DC505C5411106C6AE8757
:10AAB0000D47AA852380E70013851700414697506C
:10AAC000FE1FE780E075B24081473E8541018280EC
:10AAD0003E85828089478DC505C5411106C6AE8772
:10AAE0001147AA852380E700138517004146975038
:10AAF000FE1FE780E072B24081473E8541018280BF
:10AB00003E85828089478DC505C5411106C6AE8741
:10AB10001947AA852380E7001385170041469750FF
:10AB2000FE1FE780E06FB24081473E854101828091
:10AB30003E85828089479DCD15CD411106C61D47B2
:10AB40002380E50003570500AE872146A380E5007A
:10AB50000357050021832381E50093052500138514
:10AB600037009750FE1FE780A06BB24081473E85BB
:10AB7000410182803E85828089478DC505C541118E
:10AB800006C6AE872147AA852380E70013851700F4
:10AB900041469750FE1FE780A068B24081473E853E
:10ABA000410182803E858280894795C90DC9411146
:10ABB00006C625472380E50003470500AE871946F2
:10ABC000A380E50093051500138527009750FE1F0D
:10ABD000E7800065B24081473E85410182803E8525
:10ABE000828089478DC505C5411106C6AE872947B4
:10ABF000AA852380E7001385170041469750FE1F62
:10AC0000E7800062B24081473E85410182803E85F7
:10AC10008280894795C50DC5411106C6AE8731476B
:10AC2000AA852380E70013851700130600049750B8
:10AC3000FE1FE780E05EB24081473E854101828091
:10AC40003E85828089478DC505C5411106C6AE8700
:10AC50003547AA852380E7001385170041469750A2
:10AC6000FE1FE780E05BB24081473E854101828064
:10AC70003E858280894791C909C995472380F5009F
:10AC800083470500A380F50081473E858280894780
:10AC900091C909C9AD472380F50083470500A3800A
:10ACA000F50081473E85828015C55D718A8586C61F
:10ACB000A2C42A84EFE02FE403550400B7B60100D4
:10ACC0000A86938606A99D45EFE0CFD5B640264477
:10ACD000616182800545828015C55D718A8586C661
:10ACE000A2C42A84EFE02FE103550400B7B60100A7
:10ACF0000A869386A6A99D45EFE0CFD2B6402644AA
:10AD000061618280054582805D71A2C49305C502A0
:10AD10002A8441460A8586C69750FE1FE780405028
:10AD200003550400B7B601000A86938646AAC545B6
:10AD3000EFE04FCFB6402644616182805D71A2C4CE
:10AD40009305C5032A8441460A8586C69750FE1F8F
:10AD5000E780004D03550400B7B601000A869386CC
:10AD600046ADC545EFE00FCCB64026446161828018
:10AD7000B727002083A7C7E4B1CB9C435D71A2C471
:10AD800086C62A841305E00F95CF03250408930592
:10AD9000050C130505088297832504081306000493
:10ADA0000A85938505089750FE1FE7806047035585
:10ADB0000400B7B60100938626C10A8693051004E5
:10ADC000EFE04FC6B6402644616182801305E00F74
:10ADD0008280317122DD2A840355050026DB06DFDF
:10ADE0004AD94ED752D556D35AD15ECF62CDEFD085
:10ADF0001FBC3C58AA8489EB9305300571459750D8
:10AE0000FE1FE780202428D82858CD470DC9714659
:10AE100081459750FE1FE780C0470329040722851C
:10AE2000EFE0AFE1230DA90083472400372900207C
:10AE3000638A07128327C9E485E39307E00FFA507A
:10AE40006A54DA544A59BA592A5A9A5A0A5BFA4B3E
:10AE50006A4C3E852961828083AB0701E38F0BFC3E
:10AE6000032B0408EF50EFEF2A8C0145EF506FEDF4
:10AE700083C754003858130B0B029309C403130AF9
:10AE8000C405938A64003AC0B337F0002A87930858
:10AE900001045688B33680015286CE855A85829B3E
:10AEA0001C5403C727002307E10203C71700A306AA
:10AEB000E10283C707002306F1028327C9E4B5DF57
:10AEC00003AB4701E30B0BF683C75400B337F00025
:10AED0003ECEEF500FE9AA8B0145EF508FE60327D6
:10AEE0000408F2472AC03AC2B33870015688781075
:10AEF000930684004E86D2858800029B7C5403C74B
:10AF000027012305E10203C71700A304E10283C759
:10AF100007002304F1028327C9E403A94701EF5086
:10AF20004FE42A8B0145EF50CFE183C854009C08C1
:10AF30002A883EC2B3381001B33760013810930637
:10AF400084015286CE8556C08800029903550400BC
:10AF5000B7B60100938646C49008C545EFE08FACB4
:10AF6000AA87F1BD83C654008327C9E4032B0408D4
:10AF7000B336D00083AB070136CEEF508FDE2A8C7C
:10AF80000145EF500FDC3C58F246130B0B02130A3D
:10AF9000C4059309C403938A64002A8893080104B2
:10AFA0004E86D2853EC05687B33780015A85829B34
:10AFB0001C54130B010303C727002307E10203C737
:10AFC0001700A306E10283C707002306F1028327C7
:10AFD000C9E483AB470183C75400B337F0003ECECA
:10AFE000EF502FD82A8C0145EF50AFD5F2472AC039
:10AFF000B338800156887810930684004E86D28537
:10B000005AC28800829B8325040841465A8597507E
:10B01000FE1FE780602CAD47E31205EE0DB5B7B615
:10B0200001002E86938646B0C5456FE0AF9F5D71E7
:10B03000B287A2C42300B1002A84BE851305110083
:10B04000194686C69750FE1FE780801DB7B60100DF
:10B050000A862285938686BAA145EFE0AF9CB6406A
:10B06000264461618280B7B601002E86938686B73A
:10B07000C5456FE02F9B5D71B287A2C42310B1005C
:10B080002A84BE8513052100214686C69750FE1FDF
:10B09000E7800019B7B601000A862285938646B379
:10B0A000AD45EFE02F98B640264461618280B7B687
:10B0B00001002E86938626BEC5456FE0AF96797156
:10B0C00022D406D626D283473500130730052A84BA
:10B0D0006384E708130750056396E7089307A00504
:10B0E000A301F50083477500C14513D737002A97A0
:10B0F000834687009D8B1305C503B3D6F640858A2A
:10B1000093E606F893F6F60F36C6EF50AF95B246C3
:10B11000B727002083A7C7E49DCB9C478DCB032591
:10B12000040818081306C40393050504130505084D
:10B1300082971375F50F01ED1305C40241460C0803
:10B140009750FE1FE780C00D2285EFF0FFBBB25085
:10B15000225492544561828093079005A301F50023
:10B1600081467DB7130710026396E7027C550327DB
:10B17000050883D747016316070E13F7170063020C
:10B18000070E185503574700058B61CF9307200220
:10B19000A301F4008347340013072002639DE70EE8
:10B1A0003C5889EB9305300571459750FE1FE780A9
:10B1B00060E928D82458C9C02285EFE00FA8238D64
:10B1C000A4002858814541469750FE1FE780600C37
:10B1D00028583D478345A5019387F5FF93F7F70F5F
:10B1E000636DF702B727002083C7C7E5D5C3414683
:10B1F000814508089750FE1FE780A009B725002069
:10B2000019469385C5B408089750FE1FE780400192
:10B2100030580C082E85EF902028EF205FC83C584E
:10B22000A1452398A70013852701EF50AF832C5821
:10B2300003550400EFF0BFDE93073002035504000E
:10B24000A301F400EFD0AFF6414619C10356E50063
:10B25000B727002003C5B7C706068545EF308F81A5
:10B26000FDB513F7270009CB185403574700098B86
:10B2700001C79307400229BF918BE38D07F01C544F
:10B2800083D74700918BE38707F09307600209B7E4
:10B29000EF405FFD59B713073002639AE7023C584D
:10B2A00089CB83D507010355040013862701EFF0EE
:10B2B0009FDC7C5483D7470113F7270021CF185414
:10B2C00003574700098B39C79307400285BF13070F
:10B2D0004002639CE700EF506FA9AA850355040064
:10B2E000EFF07FD89307500291BF1307500263908D
:10B2F000E704EF500FA70DE9814505452EC6EF5035
:10B300004FA42A86B24503550400EFF05FD27C5467
:10B3100083D74701918B9DC71C5483D74700918BDE
:10B3200095C39307600219BF85450145C1BF130747
:10B3300060026399E700EF500FA4AA85035504004B
:10B34000EFF0FFD67C540327040883D7470119EF99
:10B3500013F7071001CF185403574700137707104E
:10B3600011C793077002A301F400D5B313F70720A8
:10B3700011CB1854035747001377072001C79307D1
:10B380009002D5B793F7074091CB1C5483D7470061
:10B3900093F7074081C79307B002F1B79307F00214
:10B3A000D9B7397122DC26DA4ED652D406DE4AD815
:10B3B000AE89328AAA84EFD08FDF40594146814559
:10B3C0000A859750FE1FE780C0EC25C8035904008A
:10B3D000631599060347340093071002631FF702B1
:10B3E0008327040899CF2C58A9C94A85EF10900AE1
:10B3F0000545F2506254D2544259B259225A216141
:10B4000082808A861306C4059305C403130584004D
:10B41000EF0090391DE18A85C9BF2C5899CD83D79B
:10B420000501639C47012146C9054E859750FE1FC3
:10B43000E78080EA19C12C584DBF2685EFD02FD761
:10B440002A8405455DD44C54A1C983D70501639571
:10B4500047052146C9054E859750FE1FE780C0E786
:10B460008547631BF502B727002083C7B79491C7B0
:10B470004C5483C7B501639BA70CBD452685EF10CF
:10B48000E07BB727002083A707B00145BDD31D454A
:10B49000894582970145B1BFB727002003C7D7E58B
:10B4A000B7290020938909AD058B3E8931C3B727A1
:10B4B00000200347540083C707E5631BF702B72545
:10B4C00000201946938515E5130564009750FE1F6B
:10B4D000E78080E08547631DF50083A7090381C7E6
:10B4E00091451D458297BD452685EF10207509B70A
:10B4F000372700200347C7E583A7090331CB03475C
:10B50000D9E5098B09CB81C795451D4582972685CD
:10B51000EF108078F1BD81C78D451D45829741466A
:10B52000814508089750FE1FE780A0D6B725002068
:10B5300019469385C5B408089750FE1FE78040CE92
:10B540000C082E850A86EF8030758A85268579BDA0
:10B550008545C5FF6DBF797122D440594AD04ECE82
:10B5600052CC06D626D2AA892E8A3289630D046A65
:10B570000355250083570400638CA700A144B250F3
:10B580002254268502599254F249624A45618280CA
:10B590008344240099C09D44DDB79387F5FF93F75A
:10B5A000F70F3147E369F7FE37D702008A07130721
:10B5B000C7D2BA979C4382871C54E9F393053005A0
:10B5C000130500049750FE1FE780C0A708D45DD57F
:10B5D00003470900914763F4E7008D444DB70347E3
:10B5E00019008547E3EBE7FE13060004CA85975070
:10B5F000FE1FE780E0C20C547054A3020400D44143
:10B600005C4A858AFD8E83574601F99BD58F231AA4
:10B61000F600D841544AF59B0583058B8582F98E47
:10B620008606DD8E231AD600DC41584AED9A8983BE
:10B63000858B09837D8F0A07558F231AE600D44135
:10B640005C4A5D9B8D82858A8D83F58F8E07D98FAD
:10B65000231AF600D841544A93F7F7EF2183058B5C
:10B66000A182F98EA206DD8E231AD600DC41584A4B
:10B67000A583858B25837D8F9317970013F7F6DFBE
:10B680005D8F231AE600D4415C4AA982858AA9838A
:10B69000F58F9396A7009377F7BFD58F231AF600FF
:10B6A000D441584AAD82858A2D83758FFD76938665
:10B6B000F67F2E07F58FD98F231AF60083472601D0
:10B6C00003250408A18B6387071083C72500A18B7E
:10B6D00063820710E31405EA930530051305001093
:10B6E0009750FE1FE78000962320A408E30705EE8D
:10B6F0007C54A30204000347190083C6170089EA9B
:10B7000045C38347540093E70701A302F40029A02F
:10B71000A147A302F40075F72285EFF0EFDB6C542C
:10B7200083C72501858B81CF1C5483C727008D8B50
:10B7300099C78347640093E717002303F400832726
:10B74000040899C78347640093E787002303F40044
:10B750008347540005476393E70C41468145130531
:10B7600084009750FE1FE780C0B241468145130513
:10B7700084019750FE1FE780C0B1C1451305C40383
:10B78000EF405FAE032704089307000511E3C147AC
:10B7900003550400A301F4008145EF509F86C5B313
:10B7A00003C72701118B19E703472900118B19E300
:10B7B0008547A1BF83C70700154783460900B387A4
:10B7C000E70237D70200130707CEBA97B69783C7A9
:10B7D000070025BF19C59750FE1FE780E09423207E
:10B7E00004087C5403C7170011C70347190019C385
:10B7F000E14721BF03C72701118B09E70347290050
:10B80000118B5DD783C70700154783460900B387AF
:10B81000E70237D70200130747CC45BF13F787016C
:10B8200031CFC18B130584004146A9C389059750C8
:10B83000FE1FE780E09E4146814513058401975035
:10B84000FE1FE78000A583476400C1451305C403BC
:10B8500093E747002303F400EF40DFA083270408A9
:10B8600081CF93072005A301F40011BB81459750B8
:10B87000FE1FE78000A2C1B7CD47F5B7094789454C
:10B880006386E70011476398E70085450355040088
:10B89000EF502FF721A01947E389E7FE83476400A3
:10B8A00093E747002303F4008327040881C7930725
:10B8B000100555BFC54745BF4146CA851305C40499
:10B8C0009750FE1FE780C09583473400130760053B
:10B8D000639CE700B727002003C5B7C78545EF2065
:10B8E0008FFA9307500541B745476383E7029306F4
:10B8F000C4021306C403930584002285EFD0BFA8B9
:10B900002285EFF06FC0AA8411C1A144D147A1BF25
:10B91000C94791BF9309C4054E854146CA859750D2
:10B92000FE1FE780E08F0325040861CD83473400C4
:10B93000130790056398E7002285EFF02FC0930767
:10B94000E00515B71307A005639EE706B72700209B
:10B9500083A7C7E4E38107C403A88700E30D08C2F7
:10B9600083477400930505084E8613D73700229746
:10B97000834687009D8B0A87B3D6F640858A93E677
:10B98000060813050504029841468A851305C40478
:10B990009750FE1FE780409411E1D2842285EFF09A
:10B9A000EFB983477400CD461307E005850793F789
:10B9B000F70FA303F40063E4F60013076005A30187
:10B9C000E40075BE1307C005E39BE7BAB727002064
:10B9D00083A7C7E4E38107BC9C47E38E07BA9305BE
:10B9E0000508130984000A8781464A862E858297B6
:10B9F000035504000A86CA85EF508FE99307B00506
:10BA00009DB58A864E86930584002285EFD0BF9728
:10BA100041469305C4040A859750FE1FE780C08BFA
:10BA20008547D284E31DF5B42285EFF02FB1AA84B7
:10BA3000E31605B4930710023DB50347340093079E
:10BA40007002E31AF7B47C5889EB93053005714511
:10BA50009740FE1FE780005F68D86858E30D05B285
:10BA6000CA8541469740FE1FE780807B0329440733
:10BA70002285EFD09F9C230DA90093078002E5B398
:10BA80000347340093078002E317F7B0835706009B
:10BA900068582146930529002318F5004905974069
:10BAA000FE1FE780E0777C5483D7470113F7072018
:10BAB00025CF1854035747001377072035C793073E
:10BAC000900255B30347340093079002E315F7AC97
:10BAD0003C5C89EB930530055D459740FE1FE78090
:10BAE000605628DC285CE30805AA4146CA859740D1
:10BAF000FE1FE780E0729307A002B5B3034734004E
:10BB00009307A002E319F7A883470600285C1946AB
:10BB100093051900230BF50041059740FE1FE780B0
:10BB200020707C5483D7470193F70740B1C71C545A
:10BB300083D7470093F70740A1C39307B00225B30B
:10BB4000034734009307B002E317F7A47C5C89EB4A
:10BB50009305300551459740FE1FE780A04E68DCF5
:10BB6000685CE30D05A04146CA859740FE1FE7804B
:10BB7000206B7C5C7D5798CB03D529008145EFD0A5
:10BB8000EFCBF5BA034734009307F004E3F8E79EE0
:10BB900003250408E304059E13060004CA85130563
:10BBA00005049740FE1FE780A0672285EFF04F9CB9
:10BBB000AA842285EFD06FF983473400130700056C
:10BBC000639FE700B727002003D6E90003C5B7C786
:10BBD00085450606EF200FEA9307300569B1130784
:10BBE00010056395E70093076005B5B913072005B5
:10BBF000E397E7989307C005BDB103473400930767
:10BC0000E005E31DF796032504084146CA859740E1
:10BC1000FE1FE780E0602285EFF0AF9BAA8419BD8C
:10BC200083450600A9BF85478144E39AF59403281C
:10BC30004600834736000347260083461600835597
:10BC40002500034606000145EF407FBF0DBA81473E
:10BC5000C1463307F500B388F5000347070083C8E2
:10BC600008003308F6008507334717012300E80072
:10BC7000E391D7FE82800147BD471308F00F3306DA
:10BC8000F50083460600B388F500FD178606558F3C
:10BC90002380E8000347060093F7F70F1D83E39026
:10BCA00007FF82808147930800F8414893F6F70F19
:10BCB0003387F50063FCC600B306F50083C60600B3
:10BCC0002300D7008507E39307FF82806395C600B2
:10BCD00023001701C5BF23000700EDB701114AC8B3
:10BCE00056C22E89AA8A93053005414506CE22CC3C
:10BCF00026CA4EC652C4328A9740FE1FE78080345F
:10BD0000AA849305300541459740FE1FE7808033A4
:10BD10002A84CD49A5C431CD414681459740FE1FB7
:10BD2000E78020572686A2855685EF80E076AA898F
:10BD300029E18387040063D30706A2852685EFF0F7
:10BD40009FF3B7D502004A86938505D62285EFF08A
:10BD50001FF08307090063D80704A2854A85EFF026
:10BD60009FF1B7D502005286938505D62285EFF064
:10BD70001FEE26859740FE1FE780003B11C42285F9
:10BD80009740FE1FE780403AF24062444E85D2441D
:10BD90004249B249224A924A05618280CA85268573
:10BDA000EFF07FED7DB7D2854A85EFF0DFECD1B7BC
:10BDB00081474146B306F5003387F5000347070086
:10BDC00003C806008507334707012380E600E39395
:10BDD000C7FE8280011126CA4EC6AE84AA89930589
:10BDE0003005130500034AC806CE22CC328997409D
:10BDF000FE1FE78020252DC51306000381452A84F8
:10BE00009740FE1FE780E0484146CE852285974057
:10BE1000FE1FE7804051A6850D461305D4019740CB
:10BE2000FE1FE7804050130604029305040122859B
:10BE3000EF808066AA840D469305D4024A85974018
:10BE4000FE1FE780404E22859740FE1FE780C02DF1
:10BE5000F240624426854249D244B249056182805B
:10BE6000CD44FDB75D714EDE62D4AE892A8C930558
:10BE7000300513050003A6C2CAC052DC56DA5AD8F0
:10BE80005ED686C6A2C4B28B368BBA84BE8A42897D
:10BE9000468A9740FE1FE780E01A630505101306E7
:10BEA000000381452A849740FE1FE780803E41467B
:10BEB000E28522859740FE1FE780E04641468145A6
:10BEC0000A859740FE1FE780C03C1D46DE850A8537
:10BED0009740FE1FE78020451D46DA851305710057
:10BEE0009740FE1FE780204433392001B33490008F
:10BEF00041468145080823072101A3079100974087
:10BF0000FE1FE78000391946D68548089740FE1F76
:10BF1000E78060411946D2851305A1019740FE1FB5
:10BF2000E7806040930404014146CE852685974012
:10BF3000FE1FE780403F8A852685EFF07FE7930963
:10BF400004024E86A6852285EF8000552A890DE9D8
:10BF50004146CE8526859740FE1FE780602C0C0861
:10BF60002685EFF0FFE44E86A6852285EF80C0523D
:10BF70002A8946454146CE859740FE1FE780A03A74
:10BF800022859740FE1FE780201AB64026444A8546
:10BF900096440649F259625AD25A425BB25B225C1D
:10BFA000616182804D49D5B7011126CA52C4AA8465
:10BFB0002E8A13050003930530054AC84EC606CEE7
:10BFC00022CC3289B6899740FE1FE780A00735C58D
:10BFD0002A84A68541469740FE1FE780C03493041B
:10BFE00004012146D28526859740FE1FE780A033B5
:10BFF000CA852146130584019740FE1FE780A032C1
:10C0000013090402A6854A862285EF80E048AA84A7
:10C010004146CA854E859740FE1FE780C030228585
:10C020009740FE1FE7804010F24062442685424957
:10C03000D244B249224A05618280CD44F5B73971B4
:10C040005AD05ECE2A8BAE8B41459305300506DE75
:10C0500026DA52D456D262CC66CA6AC8368C328D81
:10C06000BA8C22DC4AD84ED69740FE1FE78080FD6E
:10C07000AA8A9305300541459740FE1FE78080FC62
:10C080002A8ACD44638E0A0859C52A86D6855A85E0
:10C09000EFF0DFC4AA8441E19305300541459740A4
:10C0A000FE1FE78020FA2A89930530054145974015
:10C0B000FE1FE78020F9AA89630A090E6306050EB0
:10C0C0001304FD0011841376FD0049C07D14420461
:10C0D000418035EE131544004E86D6855E95EFF00F
:10C0E0001FB7414681454A859740FE1FE780601A89
:10C0F000014D93170D01C18363F48708BDC04A85C4
:10C100009740FE1FE7804002638709004E859740F5
:10C11000FE1FE780600156859740FE1FE780C00044
:10C1200063070A0052859740FE1FE780E0FFF25048
:10C13000625426854259D254B259225A925A025B0D
:10C14000F24B624CD24C424D216182800144131566
:10C1500044008A855E95EFF0FFB44E86D2850A854D
:10C16000BDBF93154D000A86DE954A85EFF03FAEC0
:10C170004A868A855A85EF802032AA84050D95BFAC
:10C18000BDFC0A86CE854A85EFF07FAC4A868A855B
:10C190005A85EF806030AA846686CA85628597409A
:10C1A000FE1FE780E007A1BFCD4491BFCD44A9BFEA
:10C1B000397162CC2A8C594526DA4AD84ED652D4E7
:10C1C00056D25AD05ECE06DE22DCAE8B328BB68AD9
:10C1D0003AC63E8AC289468983440104EF101FA3F0
:10C1E00049C19167938717E92310F500854723011B
:10C1F000F5002A8432472105630C0C0493071003D1
:10C20000A301F400194681459740FE1FE7806008AE
:10C2100023036401A3035401230A9400231274012D
:10C22000231744012318340123192401A285B727B9
:10C2300000206254F250D2544259B259225A925AB2
:10C24000025BF24B624C03C587C721616F101FABC5
:10C25000A30104001946BA859740FE1FE78040FC01
:10C2600045BFF2506254D2544259B259225A925A9E
:10C27000025BF24B624C21618280011122CC2A8444
:10C28000314506CE2EC632C436C23AC0EF101F98D2
:10C2900029C19167938717E92310F500B24522461B
:10C2A000924602478D472301F500A30185006244B1
:10C2B000B72700202312B5002313C5002314D5008F
:10C2C0002315E500F240AA8503C587C705616F10F5
:10C2D000FFA2F24062440561828001114AC82A89A6
:10C2E000394526CA06CE22CC2EC6B284EF101F9244
:10C2F00031C1B2459167938727E92310F500914733
:10C300002301F500A30125012312B5002A84A68587
:10C31000190521469740FE1FE78080F0A285B727C8
:10C3200000206244F240D244424903C587C70561F8
:10C330006F10DF9CF2406244D24442490561828022
:10C3400001114AC82A89414526CA06CE22CC2EC6EA
:10C35000B284EF10BF8B29C19167B245938727E95B
:10C360002310F50095472A842301F50023122501A7
:10C37000214619059740FE1FE78080EAA285231712
:10C380009400B72700206244F240D244424903C5DA
:10C39000B7C705616F109F96F2406244D24442498C
:10C3A00005618280011122CC2A84394506CE2EC631
:10C3B00032C436C23AC0EF107F8529C19167938796
:10C3C00017E92310F500B2452246924602479947E5
:10C3D0002301F50023128500B727002062442313B0
:10C3E000B5002314C5002315D5002316E500F2403F
:10C3F000AA8503C587C705616F105F90F24062444C
:10C4000005618280797122D406D62A842EC632C470
:10C4100036C23AC0EFC0AFD91DC1B24522469246DE
:10C420000247231CB100231DC1002C081306F00F86
:10C430002285231ED100231FE100EFC04FC7B25059
:10C44000225445618280011122CC2A84394506CECE
:10C450002EC632C436C23AC0EF104FFB29C19167D5
:10C46000938717E92310F500B2452246924602470A
:10C470009D472301F50023128500B7270020624461
:10C480002313B5002314C5002315D5002316E5009A
:10C49000F240AA8503C587C705616F103F86F24049
:10C4A0006244056182805D712AC613052002CAC0FC
:10C4B0004EDE52DC56DA5AD85ED662D466D26AD0E4
:10C4C00086C6A2C4A6C26ECE2E8CB28B368B3AC460
:10C4D0003E8DC28CC68A035A010583594105034922
:10C4E0008105EF10AFF269C591663243938616E974
:10C4F000A9472A842310D5002301F500930DE400F9
:10C500002105930444012247630D0306930710039A
:10C51000A301F400194681459740FE1FE78060D7CC
:10C52000194681456E859740FE1FE78080D61946E3
:10C53000814526859740FE1FE780A0D5230374011F
:10C54000A30364012300240323128401231D540147
:10C55000231E4401231F3401A285B727002026444F
:10C56000B64096440649F259625AD25A425BB25BCF
:10C57000225C925C025DF24D03C587C761616F105A
:10C58000EFF7BA85A301040019469740FE1FE78024
:10C5900020C9EA856E8519469740FE1FE78040C88E
:10C5A0001946E68526859740FE1FE78060C779B764
:10C5B000B640264496440649F259625AD25A425B22
:10C5C000B25B225C925C025DF24D6161828001117E
:10C5D00022CC2A84214506CE2EC632C436C2EF10A4
:10C5E000EFE215CD224692469167938717E9231013
:10C5F000F500B245B1472301F500A30185002303EF
:10C60000C500A303D5006244B72700202312B5005C
:10C61000F240AA8503C587C705616F102FEEF2406F
:10C6200062440561828041110D4506C6EF100FDEA0
:10C630000DC5930710F92300F5009307E003A3004D
:10C64000F500C5472301F500B7270020B240AA85B1
:10C6500003C587C741016F106FEAB2404101828074
:10C66000011122CC2A84294506CE2EC632C436C2F8
:10C67000EF10CFD915CDB24592469167938717E950
:10C680002310F5002246C9472301F5002302B50017
:10C69000A30185002304D5006244B727002023139B
:10C6A000C500F240AA8503C587C705616F100FE575
:10C6B000F24062440561828001114AC82A892D45F1
:10C6C00026CA06CE22CC2EC6B284EF102FD429C59E
:10C6D000B245930710F92300F5009307E003A30088
:10C6E000F500CD472301F500A30125012302B50084
:10C6F0002A84A685150519469740FE1FE78040B29B
:10C70000A285B72700206244F240D244424903C5C3
:10C7100087C705616F108FDEF2406244D244424900
:10C7200005618280011122CC2A84214506CE2EC6C5
:10C73000EF10CFCD05C9B2459167938717E9231054
:10C74000F500D1472301F5002303B500231285002E
:10C75000B72700206244F240AA8503C587C7056158
:10C760006F10CFD9F240624405618280011122CC62
:10C770002A84214506CE2EC632C4EF102FC91DC50E
:10C780002246B245930710592310F5002301850076
:10C790002303C5006244B72700202312B500F240EE
:10C7A000AA8503C587C705616F104FD5F240624463
:10C7B00005618280011122CC2A84214506CE2EC635
:10C7C00032C4EF10AFC41DC922469167938727E991
:10C7D0002310F500B245A1472301F500230385008E
:10C7E000A303C5006244B72700202312B500F2401E
:10C7F000AA8503C5B7C705616F104FD0F2406244E8
:10C8000005618280011122CC2A84314506CE2EC6D4
:10C8100032C436C23AC0EF106FBF15CD22468567CD
:10C82000B24592460247938717C92310F5002301AA
:10C8300085002303C5006244B72700202312B500FA
:10C840002314D5002315E500F240AA8503C587C748
:10C8500005616F10AFCAF240624405618280011128
:10C8600026CAAE844AC82A891385C40006CE22CCC3
:10C8700032C6EF10AFB91DCD8567938717E9B24572
:10C880002310F50023019500231225012A84310588
:10C8900008C426869740FE1FE7808098A285B727A8
:10C8A00000206244F240D244424903C587C7056173
:10C8B0006F10CFC4F2406244D24442490561828085
:10C8C000011122CC2A84194506CE2EC6EF100FB4D2
:10C8D00005C98567938717F92310F500B245854789
:10C8E000A301F500230185006244B727002023122D
:10C8F000B500F240AA8503C587C705616F100FC058
:10C90000F240624405618280411122C42A840D45AF
:10C9100006C6EF10AFAF05C5930710F92300F50069
:10C92000E947A300F500230185002244B727002032
:10C93000B240AA8503C587C741016F102FBCB24022
:10C94000224441018280011122CC2A84214506CE55
:10C950002EC6EF10AFAB0DC99167938727E923105F
:10C96000F500B245930700032301F500230385007A
:10C970006244B72700202312B500F240AA8503C500
:10C98000B7C705616F108FB7F240624405618280BE
:10C990000111214506CE2EC632C4EF102FA705C9BE
:10C9A0008567B2452246938707392310F5008547EE
:10C9B0002301F500B72700202312B5002313C5007B
:10C9C000F240AA8503C507BE05616F102FB3F24080
:10C9D00005618280397122DC1304F5FF4AD852D4F4
:10C9E00056D25ECE420406DE26DA4ED65AD0894BA7
:10C9F0002A8A3289B68A418063967515B72B002042
:10CA000083C74B9D5E8B89448DCF83C9160083C736
:10CA100006009144A209B3E9F900B727002083D7A3
:10CA200007AEF51763DFF9009307C6FF639DF908AA
:10CA300031452EC6EF108F9D2A84B24519ED93041F
:10CA4000F00FF250625426854259D254B259225AFC
:10CA5000925A025BF24B216182804209135909010B
:10CA60002302B50023132501930700F91509A165D9
:10CA70002310F5002311450185054A859730FE1FD7
:10CA8000E780405C08C415C983C74B9D9385EAFFC6
:10CA900013562900FD17238AFB9C9730FE1FE78061
:10CAA000007C1C44A28589071CC4B727002003C54D
:10CAB00007BEEF10AFA4814469B722859730FE1FEF
:10CAC000E7808066ADBF9307D6FFE3CAF9F6B147AA
:10CAD0003304F402B724002083A744BEA29703C7FF
:10CAE000A70019C7884309C59730FE1FE780C063B8
:10CAF00013854900A16542058505418103AA44BE0D
:10CB00009730FE1FE780005483A744BE229A23205B
:10CB1000AA00A297884305D505472385E7008347E8
:10CB20004B9D4A86D685FD17230AFB9C9730FE1F36
:10CB3000E780006F83A744BE3E9423132401231291
:10CB4000340195BF8547E39CF5EEB1473304F40209
:10CB5000372B002083274BBEDA89A29703D76700C3
:10CB6000884345CB83D74700B306C700910763C20C
:10CB7000D70A3A95D6859730FE1FE780606A03276B
:10CB80004BBE8144229783576700CA97C207C1836F
:10CB90002313F700035747001107E394E7EA3145F1
:10CBA000EF10CF86AA8521C1930700F92310F50065
:10CBB00083274BBE2302750123114501A29703D79A
:10CBC00067009C432313E5001CC5B727002003C55D
:10CBD00007BEEF10AF9283274BBE3E942313040091
:10CBE00023050400B9BD83274BBEA297884311C912
:10CBF0009730FE1FE780405383274BBEA29723A0A8
:10CC0000070083A749BE3E942313040023050400B4
:10CC10005DB511C99730FE1FE780005183A749BE5B
:10CC2000A29723A0070083A749BE85443E942313FF
:10CC300004002305040031B56FA0D02E6FA0103082
:10CC40006FA0B0580545828005458280411106C617
:10CC5000EFA0102FB2400145410182806FA09031BA
:10CC60006FA0B0336FA0F0366FA010396FA0103BEB
:10CC70006FA0103D6FA0103F6FA010416FA0B04299
:10CC80006FA0B0448347160003460600A2075D8EDE
:10CC90006FA0F0456FA030476FA0F0496FA0B04C77
:10CCA0006FA0904F6FA090556FA0B0576FA0D05954
:10CCB0006FA0F05B6FA0105E6FA0306003430100B7
:10CCC000030E4100834E8100034FC100834F0101D9
:10CCD00083424101834381017EC816CA1ECC7AC6B5
:10CCE00076C472C21AC06FA0505F6FA050646FA06C
:10CCF00070666FA090680545828005458280054575
:10CD000082806FC0807505458280054582806FC036
:10CD1000A07BB7D602008147938606D71308F00F91
:10CD20003387F60003460700131706014183636447
:10CD3000E50063130601828003D605006365C70022
:10CD40002390E5008280850793F7F70FD1BF41114B
:10CD50009397050122C406C626C2C1872E8463D5D7
:10CD60000702EF00BFF1AA8409CD834705000547FC
:10CD700093C707086364F700EF5070382685EF000B
:10CD8000DFE32165218D21A893F7150091CFB72707
:10CD9000002083A7C7CE91C3829713451400B240E9
:10CDA000224492444101828093F7250091CBB7271A
:10CDB000002083A707CF91C3829713452400C5B7EE
:10CDC00093F7850099CBB727002083A7C7CFFC57DF
:10CDD00091C3829713458400D9B793F7450099CB47
:10CDE000B727002083A7C7CFBC5791C382971345AD
:10CDF000440075B793F7050281CFB727002083A7BA
:10CE000007D183A7070991C382971345040241BF45
:10CE100093F7050181CFB727002083A707D183A708
:10CE2000C70891C382971345040195BF93972501C5
:10CE30000145E3D607F6B7270020938787C883C646
:10CE4000770003C6670083C5570003C54700EFA0FE
:10CE5000905F096505BF411126C2B7270020B7249E
:10CE6000002013060012814522C423A407E42A846B
:10CE7000B7270020138584C806C623A607DA4AC050
:10CE80009730FE1FE780E0400145EF20200E01456E
:10CE9000EF200015B7270020A38D87A6B707D70777
:10CEA000138484C8B1075CC8B7C70C0C93870714F8
:10CEB0001CCCB7C7D707938707145CCCF17793874F
:10CEC00007142310F40281477D47232EF40C832797
:10CED000840C232CE40C5D671307F71F372900200F
:10CEE000D98F130909AD2324F40C2328F40C8347AC
:10CEF000E9000327C40CA30C0402A30AF40AA30E3E
:10CF0000F40AF977FD17231FF40E2310F410FD47E0
:10CF10002301F41093073030231DF402231EF40282
:10CF2000232AE40CEF10DFB99307C01C2319F40681
:10CF30008357490003570901A301A400A983A30E45
:10CF4000F4069306B00F938784C863F4E6001307D2
:10CF5000B00F93150701C1811386E50093163600C3
:10CF6000C206C1822395E7022397E7022396D702E0
:10CF70002398D7026D45938484C863F3A5006D4759
:10CF80002391E40293058014368763F4B6001307F7
:10CF900080142392E7022394E7020547A38FE70258
:10CFA000370703001307C71CB8C3370716000E0660
:10CFB0001307079023A207042393C702D8DBEF705F
:10CFC0007062EF309032EF70C0132244B24092444E
:10CFD000024941016F50906B397122DC37044000E7
:10CFE00026DA4ED6AE84AA899305E4FF054506DE0F
:10CFF0004AD8EF10DFB5498C131704014183218310
:10D000009317840013590401D98F23160100137953
:10D01000F90F10088A854E852317F100A306210118
:10D0200002C002C202C402C802CA02CC02CEEF7021
:10D03000A0468347E1010347D101A3818400A207F1
:10D040004207BA970347F101218023828400BA97EF
:10D05000F25062542380F40013D78700C183A38267
:10D060002401A380E4002381F4004259D254B25930
:10D0700021618280B7250020372500200111194643
:10D08000938585AE130585D606CE22CC26CA4AC81E
:10D0900091644EC69730FE1FE78080189385F4FF99
:10D0A0000145EF109FA82A84FD550145EF103FAAC6
:10D0B000A287FD147D5933F79700B366E500D5CA02
:10D0C000631425016307970A37240020130784C8D7
:10D0D0002308F70EA18393E707FC9169C164232617
:10D0E000A70EA308F70E130484C8FD19FD14CE85FE
:10D0F0000145EF109FA32A89FD550145EF103FA57B
:10D10000B3672501EDD7FD576314F500E30139FF3F
:10D1100093570501230AF40E93578501A30AF40ED1
:10D120008317040E2319A40E230B240F4205135951
:10D1300089001379F9034185A30B240F658DE58FD1
:10D140006312F5020317440F8317240E658FE58FD2
:10D15000631AF7000317640F8317440E658FE58F7A
:10D16000E307F7F8F2406244D2444249B24905610C
:10D170008280A6850145EF105F9B2A84FD550145FD
:10D18000EF10FF9CA28705BF411126C2B7240020E3
:10D1900006C622C44AC0938784C803C7E70383C76F
:10D1A000F703636AF70001442285B24022449244A7
:10D1B0000249410182802A899305102013058007C6
:10D1C0009730FE1FE78000E82A8471DD1306800790
:10D1D0008145938484C89730FE1FE780800B6315D8
:10D1E0000900C1572302F400BC48A1EFE0C4A0C865
:10D1F000E0C8232004008547238FF4028547A3025B
:10D20000F400930700F9A303F400B72700209387E5
:10D2100047DC9853DC5338C47CC4FD572309F40021
:10D22000B727002003C547AE2302A406EF70A04E27
:10D2300083472406A308A40093E737002301F406DC
:10D24000A5B7FC4880C3E0C82320040083C7E403DB
:10D2500085075DB78347A501411122C406C699071A
:10D26000A306F5003C4511472306E5002380E700AF
:10D270003C450347D5002A84A380E7008347150374
:10D28000858B91E70347050389476319F700384405
:10D290008347070093E707042300F700284493051A
:10D2A0002403194609059730FE1FE78060F72844DC
:10D2B0000356A4010C5421059730FE1FE78040F669
:10D2C000930730F9A303F400B24022444101828065
:10D2D00041114AC037290020930789C883A7C70A8C
:10D2E00006C622C426C299E3054515AAAA841309D5
:10D2F00089C8EF70A0688327C90A8297EF30A05AC7
:10D300002A847DD19C50EC442324F50803C7740083
:10D310009307A009631BF71085472300F51483C703
:10D32000F4052303F514A303F51483C7F50003C71D
:10D3300005010148A2074207BA9703C7E500154651
:10D34000F905BA9703C735FF130584136207BA9727
:10D35000232CF40883C755FF03C765FFA2074207C4
:10D36000BA9703C745FFBA97232EF40883C775FF02
:10D37000A30BF40283C795FF03C785FFA207D98FCC
:10D38000231CF40283C7B5FF03C7A5FFA207D98FEB
:10D39000231DF40283C7D5FF03C7C5FFA207D98F9A
:10D3A000231EF40283C7F5FF03C7E5FF232E0413F2
:10D3B000A207D98F231FF4028147232CF412973040
:10D3C000FE1FE780E0E5F84483473702FD8BA30AA0
:10D3D000F40203473702ED1793F7F70F158323087D
:10D3E000E4022D476368F7028357A4030567930699
:10D3F000A7C7E917C207C18363EEF6008356C403CB
:10D400009307301F63E8D7008357E403130707C867
:10D41000637EF70203558400EF3060650145B2403A
:10D42000224492440249410182808327090D1397C7
:10D430001701E35C07EEBC4403C7070083C7050080
:10D44000F98F9583858B2300F514C5B58327090BC8
:10D45000228582978327890D03558400294693F7F7
:10D46000072091E3054693050008EF50C06283272B
:10D47000090D13971701635907000355840051469E
:10D4800093050008EF5020618327C904BC4B139714
:10D490004700E35B07E403C54400A3890400494651
:10D4A00093050008EF50205F81B5B727002083C7A0
:10D4B00097C8411122C406C626C24AC02A848DEBF1
:10D4C0000347C40085476316F70E83479403034759
:10D4D0001404858B631DF70C19469305240413056A
:10D4E000A4039730FE1FE78020DFB334A00091A88B
:10D4F00083471504CDC7834775041307000493F7CA
:10D50000070C639EE708485521C513092404CA8502
:10D510001305A502EF50406A8547AA84631AF502F5
:10D52000485489472300F404834735001946CA85C7
:10D5300093E72700A300F40451059730FE1FE7800E
:10D5400020CEB24022442685024992444101828085
:10D550000347C40085476304F7048347C405918BE0
:10D560009DEF8347840385EF130504049740FE1F56
:10D57000E78060AF48D405C589472300F40483479A
:10D58000350019469305240493E72700A300F4040B
:10D5900051059730FE1FE780A0C885445DB78347DB
:10D5A0008403898B91DF5C5483C7170091FB81440E
:10D5B00049BF8347C405918B89FB8347940013F7C8
:10D5C00017000DC38346F4000D47639DE600284015
:10D5D0006C402244B2409244024941011743FE1F6D
:10D5E000670023B0898BD5DB0347F4009547E3162A
:10D5F000F7FAF1BF4111B727002022C406C693876E
:10D6000087C823880706930710F9A303F500B727F7
:10D61000002003A487DA0DC0B727002003C5B7A7F1
:10D620008545EF00BFFC930710273305F5022283E1
:10D630002244B24041010283B2402244410182802F
:10D640008347650199C7034765006314F7006FF0CE
:10D650007FFA0347550111CF834665006382E602D6
:10D660002303E500B727002003C5B7A789456F004E
:10D670009FA1F1DF0347650079FB2303F500DDB7C8
:10D68000F9D7E5BF6C45314783C7150093F7F7031A
:10D690002307F5006386E700930700083E85828034
:10D6A00083C705000D47BD8BA307F500E396E7FE92
:10D6B00041114AC01309250322C419462A84A10531
:10D6C0004A8506C626C29730FE1FE780E0C0914714
:10D6D0000DC56C4413052404194683C7050089054C
:10D6E0009987858BA300F4049730FE1FE78040B331
:10D6F0002285EFF09FDB09E9A147B2402244924422
:10D7000002493E854101828013050004830404011F
:10D71000EF308FEE62056185E3C0A4FE24449D478F
:10D720002306F4002380F40085472381F400A381BD
:10D73000F4001946CA85138544009730FE1FE78020
:10D7400020AE83C7240003C73400990793F7F70F6F
:10D75000136787002381F400A381E4003844BA975B
:10D7600003578406A381E70083C724003844834617
:10D77000D4053E97835784069206A183BD8BD58F2F
:10D780002302F70003C72400814709071377F70F27
:10D790002381E4000356A4018346C40501CA93F71C
:10D7A0000604DDEFF957998F93F7F70F93F6060408
:10D7B00095C203C63400344413660604A381C40032
:10D7C000369783461401A301D70003C72400050739
:10D7D0002381E4000356A401014719CE63EEC7007C
:10D7E00083C7240028440C548D073E959730FE1FB4
:10D7F000E78000A30347A40183C6240093F7F60340
:10D8000085073E97A306E4002381D40083471403D1
:10D81000858B91E70347040389476319F700384470
:10D820008347070093E707042300F7003C44834540
:10D83000D400A380B7000345F405930790F9A30330
:10D84000F400EF60F07A0346D4008345F4050D45FB
:10D850009740FE1FE78080C0EF704012814771BD86
:10D86000F55791B76C451307200283C7150093F74E
:10D87000F7032307F500639DE714411122C406C690
:10D8800026C283C7050015472A84BD8BA307F50070
:10D89000639CE7021946A105130525039730FE1F77
:10D8A000E78080A39147630F05106C441946130568
:10D8B000240483C7050089059987858BA300F40498
:10D8C0009730FE1FE780C0952285EFF01FBEA1476D
:10D8D00075C9B724002083A7C4B19384C4B18297CB
:10D8E0009307E5013E87D44063E4A70063E4D700D3
:10D8F0003387D7402444A1472306F40018D023805F
:10D90000F40085472381F400A381F40019469305B0
:10D910002403138544009730FE1FE780609083C77F
:10D92000240099072381F40083C7340093E727007C
:10D93000A381F4008347140481CB38448347070054
:10D9400093E707F82300F70019469305240413858D
:10D95000A4009730FE1FE780A08C83C7240099079E
:10D9600093F7F70F13F7F7030507A306E4002381E6
:10D97000F40083471403858B91E703470403894729
:10D980006319F70038448347070093E7070423002F
:10D99000F7003C448345D400A380B7000345F40559
:10D9A0009307A0F9A303F400EF6090640346D4004A
:10D9B0008345F4050D459740FE1FE78020AAEF60E0
:10D9C000F07B8147B240224492443E8541018280EF
:10D9D000930700083E85828041114AC03729002004
:10D9E0000326C9DE22C426C206C6930780077CD25E
:10D9F000B727002083A707DCB70533002A84D85750
:10DA0000719B13671700D8D798431377F7CF98C344
:10DA100098431377F7CF1367072098C33727002061
:10DA2000032707E41447CD8E14C7B7060300938677
:10DA3000862534CA5457F59A54D70347E50593769B
:10DA4000F7079843137707F8558F98C324459D47E8
:10DA50002306F50085462380F400A381040023817A
:10DA6000D4008347B5050D476385E7001947639BDD
:10DA7000E71E8547A381F400194693052403138507
:10DA800044009720FE1FE780A07983C724009907F0
:10DA90002381F4000347B40599476316F70483C74D
:10DAA00034001385A40093E72700A381F400834783
:10DAB0001403898B638507164C5483C72501638043
:10DAC00007161946D1059720FE1FE7806075384478
:10DAD0008347070093E707F82300F70083C7240074
:10DAE00099072381F40083C7340003C7240093E718
:10DAF0008700A381F4003C44BA9703578406A381AE
:10DB0000E70083C7240038448346D4053E978357F3
:10DB100084069206A183BD8BD58F2302F70003C72D
:10DB20002400814709071377F70F2381E400035688
:10DB300084018346C40509CA93F70604639307105A
:10DB4000F957998F93F7F70F93F6060495C203C61A
:10DB50003400344413660604A381C4003697834618
:10DB60001401A301D70003C7240005072381E400A3
:10DB70000356840169EA014703C624008347A405CC
:10DB80009376F603850636979A07D18FA306E400AD
:10DB90002381F40083471403858B91E70347040333
:10DBA00089476319F70038448347070093E7070460
:10DBB0002300F7003C440347D400A380E700930709
:10DBC00060F9A303F40038448327C9DEB8DFB72720
:10DBD000002083C787B281EB37F50100814513052B
:10DBE000E584EF00FFB6B72700200327C9DE93873F
:10DBF00047DCA3810700238207005C43014593E7CC
:10DC000017005CC30346D4008345F4052244B240A8
:10DC10009244024941011743FE1F67002384834752
:10DC2000940381CB38448347070093E707F8230028
:10DC3000F70019469305A4039720FE1FE780405E76
:10DC400071BDF557FDBDE3E8C7F283C72400284442
:10DC50004C508D073E959720FE1FE780605C034780
:10DC6000840119BF1387E7FF1377D70F63130710DA
:10DC700093052503A381D4001946138544009720FA
:10DC8000FE1FE780E05983C7240003C73400114614
:10DC9000990793F7F70F136787002381F400A38197
:10DCA000E4003844BA9703578406A381E70083C78A
:10DCB000240038448346D4053E9783578406920651
:10DCC000A183BD8BD58F2302F70003C724008147B2
:10DCD00009071377F70F2381E4008345B4058346D2
:10DCE000C4056399C50093F70604D1E3F957998FEA
:10DCF00093F7F70F93F6060495C283C6340093E6B4
:10DD00000604A381D4003444369783461401A3014A
:10DD1000D70003C7240005072381E4000346B405A8
:10DD2000914601476313D6020356840119CE63EE70
:10DD3000C70083C7240028444C508D073E95972088
:10DD4000FE1FE780E04D034784010346B40591467A
:10DD5000B7270020938787C86313D61883C60707A1
:10DD600093F6060F93E656002388D70631B5F5578C
:10DD7000BDBF93F7B70F0547E39FE7DEA381F4002C
:10DD8000930525031946138544009720FE1FE7805D
:10DD9000204983C7240099072381F40083C73400F6
:10DDA00093E72700A381F4008347940381CB384491
:10DDB0008347070093E707F82300F700834714031E
:10DDC0001385A400898BE5CB4C5483C72501E5C797
:10DDD0001946D1059720FE1FE780804438448347C9
:10DDE000070093E707F82300F70083C7240003C761
:10DDF00034000546990793F7F70F136787002381CF
:10DE0000F400A381E4003844BA9703578406A38141
:10DE1000E70083C7240038448346D4053E978357E0
:10DE200084069206A183BD8BD58F2302F70003C71A
:10DE30002400814709071377F70F2381E400834506
:10DE4000B4058346C4056399C50093F70604D1E77A
:10DE5000F957998F93F7F70F93F6060495C283C687
:10DE6000340093E60604A381D400344436978346F5
:10DE70001401A301D70003C7240005072381E40090
:10DE80000346B405854601476313D6020356840151
:10DE900019CE63EEC70083C7240028444C508D0779
:10DEA0003E959720FE1FE780A03703478401034675
:10DEB000B405854671BD8347940381CB38448347BD
:10DEC000070093E707F82300F70019469305A4031A
:10DED0009720FE1FE780C03409BFF5579DBF83C65A
:10DEE000070793F6060F93E66600BDBD01115AC001
:10DEF000372B002056C2930A8BC883A7CA0906CEC7
:10DF000022CC26CA4AC84EC652C4639207562A84F7
:10DF10000945EF60102F372900200326C9DE93073B
:10DF20008007B72900207CD283A709DC372A00208C
:10DF3000B7053300D857130B8BC8719B13671700B5
:10DF4000D8D798431377F7CF98C398431377F7CF71
:10DF50001367072098C303270AE41447CD8E14C71C
:10DF6000B70603009386862534CA5457F59A54D7CA
:10DF70008346640013F6F607944393F606F8D18EB1
:10DF800094C35C4393F7F7EF5CC3010001000327E0
:10DF90000AE45C4393E707105CC38347A40038445A
:10DFA000BD8B2306F4002300F7001D472444639F24
:10DFB000E73A8547A38104002381F4008345B40533
:10DFC0008D46639AD5240357840163100716A381F5
:10DFD000F400194693052403138544009720FE1F7F
:10DFE000E780002483C72400990793F7F70F238164
:10DFF000F4000347C4051377070415C303C73400AF
:10E0000013670704A381E4003844BA970347140157
:10E01000A381E70083C7240085072381F400230838
:10E020000B0683C624008347A40513F7F6030507F0
:10E030009A07D58FA306E4002381F400930740F9E3
:10E04000A303F40083471403858B91E7034704037C
:10E0500089476319F70038448347070093E70704AB
:10E060002300F7003C440347D400A380E700832645
:10E07000C9DEDC4293E71700DCC2B727002083A784
:10E0800087E4638E07380347640003A509DC37067D
:10E090000082BA9783C7070058557D16939587016C
:10E0A00093F7F703E185E607718FD98F5CD51307E6
:10E0B000A00383270AE46352B738F84F37060007F6
:10E0C000518FF8CF03A709DCB7C7898E938767ED17
:10E0D0001CC7B7575500938757555CC3B727002017
:10E0E000938747DC0947A383E700A38107002382C6
:10E0F00007003C4437F501008344040681451305BD
:10E10000E584BCDEEF00CFE40346D4006244F24075
:10E110004249B249224A924A024BA685D24401455D
:10E1200005611733FE1F67006333A147A381F40025
:10E13000835784062382F400835784060347D4055B
:10E140003444A1831207BD8BD98FA382F60003C686
:10E150002400054709061376F60F2381C40083C700
:10E160000A078326C9DE6318F708034744019307AB
:10E17000E6008E072318F4069387C708B387E702E3
:10E18000F94509452388AA06416588C6938707FB98
:10E19000C207C18393877716B3C7B70213970701E6
:10E1A000B387B70241838607BCD283C7340093E7A5
:10E1B0000701A381F4003C443E968347E40593E7BE
:10E1C0000704A301F60083C624003C44B6972382CB
:10E1D000E70083C624003C4421837D8BB6978346A9
:10E1E000F4059606558FA382E70083C724008D07A8
:10E1F0002381F4003DB5B852F94705833357F70240
:10E20000BC52E8528583FD8BAA97FCD22388BA06BC
:10E210004207418359BF19476399E50A03578401AF
:10E220004DE7A381F40013854400194693052403A8
:10E230009720FE1FE780C0FE83C724001385A4003B
:10E2400099072381F40083C7340093E72700A38153
:10E25000F40083471403898BB9C74C5483C7250145
:10E26000B9C31946D1059720FE1FE78060FB3844EB
:10E270008347070093E707F82300F70083C72400CC
:10E28000990793F7F70F2381F4000347C405137729
:10E290000704E30607D883C63400384493E606042F
:10E2A000A381D4009DB38347940381CB3844834733
:10E2B000070093E707F82300F70019469305A40326
:10E2C0009720FE1FE780C0F555BFA147A381F4004A
:10E2D000835784062382F400835784060347D405BA
:10E2E0003044A1831207BD8BD98FA302F60003C669
:10E2F0002400054709061376F60F2381C40083C75F
:10E300000A078325C9DE6313F70403474401930713
:10E31000F6008E072318F4069387C708B387E70231
:10E32000F94609452388AA06416588C5938707FBF6
:10E33000C207C18393877716B3C7D7021397070124
:10E34000B387D70241838607BCD185B5B851F94759
:10E3500005833357F702BC51E8518583FD8BAA979B
:10E36000FCD12388DA064207418381B50547639CC7
:10E37000E708B147A306F40083471403898BADC3B4
:10E380004C5483C72501A9CF1946D10513858400B4
:10E390009720FE1FE780C0E838448347070093E7D3
:10E3A00007F82300F70028441946930524030905BC
:10E3B0009720FE1FE780C0E683270B0D13971701F8
:10E3C000635D07008347A400B98B81EB3844834722
:10E3D000070093E707022300F700930720F98DB1A8
:10E3E0008347940399C783C7040093E707F8238002
:10E3F000F400284419469305A40321059720FE1F25
:10E40000E78000E24DB7035684014C501385840029
:10E410009307660093F7F703A306F400C5B78305D7
:10E42000440603A509DC3706008293F7F50313972A
:10E4300097015C557D16F18F8DB913072002635A41
:10E44000B700F84F370600F97D16718F37060005C3
:10E4500085B9370700F91306F7FFF84F6945718F43
:10E4600037060003E34EB5C43706000191B9F24008
:10E470006244D2444249B249224A924A024B05615F
:10E480008280B72700204111938787C822C4A04FFC
:10E4900006C60547834684006390E60283C70707E4
:10E4A00011476315F7002285EFF0CF9422852244AF
:10E4B000B24041016FF09FA3B240224441018280EB
:10E4C000B727002083A787CD99E33E85828003C7C5
:10E4D0004700E30CA7FE9C43C5BF011106CE22CC2A
:10E4E00026CA4AC84EC6EFF0BFFD11E90149F24005
:10E4F00062444A85D2444249B249056182808347D9
:10E500001503B72900202A84938489C889EFB72589
:10E5100000201946938585D6130524039720FE1FF6
:10E52000E78000D0A5A80547639CE70083C72400C7
:10E530004949D5DFB725002019469385E5D6E9BFBF
:10E540005C55A1EB834785032308050291EB034744
:10E55000140385472308F4028947E319F7FC45BFF4
:10E56000130585039730FE1FE780E0AA48D415C144
:10E57000EF40406B4C5483C7A50081CF89472308E7
:10E58000F4021946B105130524039720FE1FE78006
:10E5900020C9034704038947E31BF7FA83C7140024
:10E5A0009DCB8347840385CB8347F4031307000483
:10E5B0001305840393F7070C6392E70E9730FE1F51
:10E5C000E78060AA48D45C5499C783C7270181C7F4
:10E5D0008947230CF40203498400E31909F08547B5
:10E5E0002304F400A302F400B727002083C777AE0A
:10E5F000238409C88349A400939407012319F406CE
:10E6000013F7F9009947C18063F6E70403578401C3
:10E61000B726002003C5E6DC9317370037460F0006
:10E62000AA971305A00F3357A7029387970E1306D7
:10E630000624814691042607BA9737270020035500
:10E6400047B2B3A5A7023305F502EFE0C014AA94C0
:10E65000231994068357A40623160406A9C7034565
:10E6600024019307F00F6307F500EFF05EF0FD570C
:10E670002309F4000356A40693062401120637F575
:10E680000100A285130585EDEFF01ED4B727002009
:10E6900003C5B7A78545EFF01E9F91BD9730FE1FBC
:10E6A000E780609705B78547E392F9FE03452401AB
:10E6B0009307F00F6307F500EFF07EEBFD5723099A
:10E6C000F400056693062401130606804DBF411130
:10E6D00022C42A84094506C626C2EF608032EF6054
:10E6E000E029228523040400A3030400A3020400FC
:10E6F000B7240020EFE01FF0938484A703C5340003
:10E700008545EFF0FEDF03C534008945EFF05EDF9D
:10E71000034524019307F00F6307F500EFF03EE592
:10E72000FD572309F400B240224492444101828003
:10E730006C45411106C622C426C24AC083C71500D3
:10E740007D4793F7F7032307F500E91793F7F70FD2
:10E75000637BF70093040008B240224426850249F7
:10E7600092444101828083C70500BD8BA307F50059
:10E77000F51793F7D70FF9FF2A841946A10513055A
:10E7800025039720FE1FE78020B5914471D56C4486
:10E7900085472300F40483C7050019468905998736
:10E7A000858BA300F404130524049720FE1FE78043
:10E7B00020A72285EFE07FCF85472A89E31CF5F863
:10E7C0000347F4009547631EF702EF00F054B727A4
:10E7D000002083C7C7B06376F5028347C400E36BAC
:10E7E000F9F6B727002083A747AC8144829708D069
:10E7F0002285EFE0FFADE31125F72285EFF03FED35
:10E80000A1BF8347C40081C71947E395E7F4130507
:10E81000000483040401EF202FDE62056185E3CB51
:10E82000A4F22285EFE01FA38345D400034504062C
:10E830008144EF50F07B0346D400834504060D4528
:10E840009730FE1FE78080C1EF60401331B77971C8
:10E850004AD037290020930789C822D4A04F26D256
:10E8600052CC56CA37DA0200B7240020B72A00205B
:10E870004ECE5AC806D6130989C8130A8AD893847B
:10E8800044DCB7290020938A0AAD130B04018347A7
:10E8900074002D479387E70693F7F70F6363F71824
:10E8A0008A07D2979C438287114783470907E31E53
:10E8B000F7FE2285EFF04F92D9BF01469305500233
:10E8C0000145EF50707D1306500281450545973094
:10E8D000FE1FE780A0B883C73400858BBDCB68449A
:10E8E00081465A868145A38104009730FE1FE78048
:10E8F000A0AD01E52285EFF0BFE303477400930765
:10E900003009E306F7F8EF6060072285EFE05FD398
:10E91000B250225492540259F249624AD24A424BAE
:10E920004561828083C72400858B85C38347C400EB
:10E930002381040005476375F7001947E395E7FC59
:10E940009307B0F9A303F40099B783A7C9DEFC537A
:10E950009DFF2382040045BF83C72400858B638C01
:10E96000072E23810400EF606001B724002083A7F5
:10E97000449E85CFDC4395CB89472302F100834732
:10E980001404130561001946A302F1008347040132
:10E99000930524042306F1009720FE1FE78040889A
:10E9A00083A7449E4800DC4382978347340689CF7F
:10E9B000834514040345440013062404EFA01046C5
:10E9C00083473406898BB1F32285EFE0BFC289B754
:10E9D0000345F405014693055002EF50F06B834563
:10E9E000F4051306500205459730FE1FE78000A787
:10E9F00083C73400858B63850726684481465A8621
:10EA00008145A38104009730FE1FE780E09B01E56C
:10EA10002285EFE03FE5034774009307A009E30870
:10EA2000F7E6EF50B0754DB70345F4050146930581
:10EA30005002EF5070668345F405130650020545F9
:10EA40009730FE1FE78080A183C73400858B6389E0
:10EA50000720684481465A868145A3810400973087
:10EA6000FE1FE780609601E52285EFE0BFC1034706
:10EA700074009307900965B783C72400858B638C66
:10EA8000071C23810400EF50706F83470907094773
:10EA90006307F700834709070D476315F70283A64D
:10EAA000C9DE03570407BC521307C712858363FBF3
:10EAB000E700930750F9A303F400BC528583E39861
:10EAC00007DC19B703475401834764011DCF834610
:10EAD00064006300D71C6387F6002303E4002285EB
:10EAE000EFF0CFC083C7740093F7F70FE39107DA15
:10EAF0008347090709476307F700834709070D475D
:10EB0000E314F7EC930750F935BDE9DF03476400E0
:10EB100071FB2303F400E1B783C72400858B638C6A
:10EB2000071223810400834709071547BD8B639BA8
:10EB3000E700EF00701E83C7CA03E374F5EE930786
:10EB4000D0F909B5834709071947BD8BE39BE7EC6B
:10EB50009307C0F9C5BB83C72400858BE38907D21F
:10EB600023810400834709071547BD8BE389E7FC30
:10EB7000834709071947BD8BE38CE7FCEF50106012
:10EB800041BB83C73400858B8DC7EF50305FB727FB
:10EB9000002003A707DC3C57ED9B3CD723850400EE
:10EBA0003717004083578701C607C583231CF7002A
:10EBB00021BD83A7C9DEFC53E39B07CCEF50105C5B
:10EBC000B727002003A707DC3C57ED9B3CD72385E4
:10EBD00004003717004083578701C607C583231CED
:10EBE000F70023820400CDB383C72400858BA5C71B
:10EBF000228523810400EFE0FF9FB724002083A734
:10EC0000449E85CFDC4395CB89472302F10083479F
:10EC10001404130561001946A302F100834704019F
:10EC2000930524042306F1009710FE1FE780405F40
:10EC300083A7449E4800DC43829783473406858B34
:10EC4000E38807CC834514040345440013062404D9
:10EC5000EFA0D01C75B983A7C9DEFC53E39907C2A6
:10EC6000238204007DBBB7270020938747DC03C7BE
:10EC70002700058B01CF23810700EF5030502285FC
:10EC8000EFE00FE52285EFF09FA459B12382070042
:10EC900049BBE38907E4B5BD411126C2B724002072
:10ECA000938784C822C4E04706C64AC06300042292
:10ECB000034784008547631BF720B727002093870D
:10ECC00047DC03C7770095466387E60083C7770074
:10ECD0000D47631EF7002244B7270020B24092443C
:10ECE000024903C5B7A7854541016FF0CEB98356E8
:10ECF000C4011307006483C784C83347D70213894C
:10ED000084C8850793F7F70F232C89042384F4C85C
:10ED100063C6E700EFF0BEE5238404C80347A40000
:10ED20009D476318F704834754068DCF8356C40666
:10ED300063E7F6028345440093073004A309F40017
:10ED40001305300493F6F60F0146EFA0F00C228570
:10ED50002244B2409244024941016FF05F97850618
:10ED60002316D406930530020545EFF0DED9230FB4
:10ED7000A40485472308F906034744018D4763151A
:10ED8000F70AEFF0CE910D8901ED9307700223038E
:10ED9000F40093075002A30AF4009307600231A81D
:10EDA0008547631CF506930760022303F40093076D
:10EDB0005002A30AF40093077002230BF4000347E8
:10EDC000A400B727002083C4B7A785476314F70EB4
:10EDD0000356C40185452685EFF0CEC98347140349
:10EDE000898BEDC383478403F1CF4C54E1CD83C7B6
:10EDF000A500E9CB89472308F4021946B10513059C
:10EE000024039710FE1FE780A04122852244B240D0
:10EE10009244024941016FF06F8D93075002230322
:10EE2000F4009307700285BF89468347B4006319D5
:10EE3000D70213F7170011CF130750022303E40082
:10EE4000898B81CF93076002A30AF400230B04008F
:10EE5000BDB7930760022303F40093077002EDB778
:10EE60009DC313F7170001CB930750022303F4004F
:10EE7000A30A0400E1BF898B81C793076002FDB735
:10EE800093077002E5B78347540113074002636597
:10EE9000F7009307500201A8850793F7F70F1307B0
:10EEA0007002E368F7FEA30AF400834754012303CA
:10EEB000F40069BFB9450545EFF0FEC40356C4012F
:10EEC0002A9609BF85472308F40281B7B24022443D
:10EED0009244024941018280011122CCFD5706CEA5
:10EEE0002309F5008357A5062A8485C78346C506EE
:10EEF000834545009307C003A309F50001461305A8
:10EF0000C003EFA0607122856244F24005616FF09A
:10EF10000FFC8347A5000547BD8B6386E700834749
:10EF2000C505918BEDD3B727002083A707D693F7AC
:10EF3000072085C302C402C202C08148014881473C
:10EF400001478146054681451305C003EFA0E06AED
:10EF50005DBF02C08148014881470147814605469F
:10EF600081451305C003EFA0206771BFB7270020BC
:10EF700023A4A7DA8280B727002083C7B7A741114F
:10EF800006C689EB37D501001305E5D4EFF0DE9115
:10EF9000EFD07FECB727002037D70100938787C8D1
:10EFA00013078718F8CF37E701001307A74DB8D329
:10EFB00037F70100130787C9F8D3B24037E70100DC
:10EFC00013072748B8D74101828011C98327050A52
:10EFD00093E707082320F50AFD572303F5028280F3
:10EFE000B727002023A8A7DA8280B727002083A7AD
:10EFF00007CD9C5799E33E85828003D78701E30CB8
:10F00000A7FE93878705FDB7011122CC06CE2A847F
:10F01000034565029307F00F2E866309F5002EC69F
:10F02000EFF0EED43246FD572303F4028347A402E7
:10F03000035784049306640293E707062305F4024A
:10F0400083570404A285F240BA972313F404624460
:10F0500037F501001305A5FC05616FF0EEB601114F
:10F0600022CC06CE2A84034575029307F00F2E8624
:10F070006309F5002EC6EFF08ECF3246FD57A3038D
:10F08000F40293067402A2856244F240370502003E
:10F090001305E5E305616FF02EB3011122CC06CE16
:10F0A0002A84034585029307F00F2E866309F50035
:10F0B0002EC6EFF0CECB3246FD572304F402930662
:10F0C0008402A2856244F24037050200130585E6FA
:10F0D00005616FF06EAFB7270020938787C883D58F
:10F0E000270203D6E70203D7070383D66702B707D1
:10F0F0004801ED072322F5182324F5182310B5182D
:10F10000231EC516231FE5162311D5186D48AE879B
:10F110006373B800ED47939507012318F5186D4800
:10F12000C181B2876373C800ED472316F518130633
:10F130008014B6876374D600930780142319F518DA
:10F1400093068014BA8763F4E600930780142317AC
:10F15000F5182307B5048280034765148946835751
:10F160002519631ED70283568514938787E899C6AD
:10F17000B3C7E702938757FD214731A02147B3C7A3
:10F18000E702938757FDB3C7E70203570519C20784
:10F19000C18363F3E7003E872307E5048280854649
:10F1A0006316D7009387C7FB1147F1BF938707FB0F
:10F1B000E1B78357C51703578518411106C663F396
:10F1C000E7003E87931807018357A5180357E517F3
:10F1D00093D808016373F700BA8713980701835621
:10F1E0004518835705181358080163F3D700BE86E6
:10F1F000035725188357651813930601135303010A
:10F200006373F700BA8783467514C2070947C18341
:10F21000639AE6000566130606A942876370C80272
:10F22000328729A8032705109316470163CC0600EF
:10F230000566130686844287E36406FF13180701F8
:10F2400013580801834665140947639EE606035771
:10F25000A5039306204E3307D70293F6F80F9A06BC
:10F260001386F63C9386C64F634406019306C81284
:10F27000158F63D3E7003E87420705664183130677
:10F2800006A9BA876373C700B287C207C183035652
:10F29000C51813F7F80F9376F30F6316E6040356B9
:10F2A000E5186312060503560519631ED6020356B8
:10F2B0002519631AF602230E0506EFF0FFE909454A
:10F2C000B240410182800327051093164701E3C035
:10F2D00006FC056613068684BE856373F600B28558
:10F2E0009397050165B70546230EC5062316E51855
:10F2F000231705192318D5182319F518EFF0DFE5A2
:10F3000001457DBF0357251883576518411106C66F
:10F310006373F700BA87034665141397070189469C
:10F320004183631BD6068566938606A96373D7005F
:10F33000B687139707014183835725196387E70031
:10F3400085472319E518230EF5060357E51783575C
:10F35000A5186373F700BA8703467514139707015E
:10F36000894641836317D6048566938606A963732D
:10F37000D700B6871397070141838357E518638742
:10F38000E70085472317E518230EF506EFF0DFDCCD
:10F39000B240014541018280856713868784E37D01
:10F3A000E6F88326051093870780F58FD1F732871B
:10F3B00061B7856713868784E371E6FC83260510B1
:10F3C00093870780F58FD5FB328745BF0357A50488
:10F3D00095470356E503B307F7028356A50393D574
:10F3E00037406355B600118F93173700B3C7D70264
:10F3F000C207C1832314F5048280832745110D467B
:10F400009306F00F03C707000D8BA306E5006314F6
:10F41000C70083C62700A30BD50003C70700418B95
:10F420002309E50083C71700230BF500828083477B
:10F43000C500CD9B2306F500828083274511034735
:10F44000C50083C70700935637408987B58F858BE2
:10F4500099C7134787002306E500014582800545CB
:10F460008280832745110347C50083C70700935651
:10F4700027408D87B58F858B99E713474700230673
:10F48000E50001458280054582808327450E85077A
:10F490002322F50E91E78327850E85072324F50E99
:10F4A0008327850E93F7070891C785472322F50E1A
:10F4B0002324050E8347A50293F7070491CF8357B2
:10F4C000050403578504BA972313F5048327450AD7
:10F4D00093F7F7BF2322F50A82808327C50E85079D
:10F4E0002326F50E91E78327050F85072328F50EC0
:10F4F0008327050F93F7070891C785472326F50E45
:10F500002328050E8347A50213F7070409C793E7CD
:10F5100007022305F5028280B727002083A787D141
:10F520000145054791E3828083C6B7006393E600F7
:10F5300005059C43C5BF411122C426C22A849145BA
:10F540000145B724002006C6938484C8EFF0AEDBE3
:10F5500003D7840A231BA404854763FDE7040355EE
:10F5600024198357E4183727002037460F00AA973D
:10F57000035547B29387875713060624B3A5A702FE
:10F5800081463305F502EFD0002183570404035769
:10F59000E4058355840583A804091D8F3307B7024A
:10F5A0008327040905461383F5FF130E80023E9757
:10F5B00063676600B240224492444101828033086E
:10F5C000C603C687FD563A9881E7231BC404DDB7FE
:10F5D0006314F4001C40F5DB83AEC7086398BE00DB
:10F5E00083A60709B306D840B3F6B60263E4A600C3
:10F5F0009C43D9BF09066DBF411126C2B724002024
:10F60000938484C803D7840A06C622C4854763F35B
:10F61000E7042A848357E518035525193727002066
:10F6200037460F00AA97035547B2938787571306AB
:10F630000624B3A5A70281463305F502EFD0A01535
:10F640000346540583A8040985467D1613038002EA
:10F6500063E7C600B240224492444101828033876E
:10F66000660283270409FD553E97C68781E7231B61
:10F67000D404CDB76314F4001C40F5DB03AEC70817
:10F680000328C408631A0E0103A80709B305E8405C
:10F6900063640701B305074163E4A5009C43F9B720
:10F6A00085067DB7B7270020938787C883D6870A4A
:10F6B00005476371D70E411122C403A4070906C68A
:10F6C00026C2A28789EB09EC230E0500B240224432
:10F6D00092444101828003C7D7016DFB9C43DDB793
:10F6E0006314A40000406DD08347B400D5E3032722
:10F6F000C4088327C508630DF7080347C5019307AE
:10F700000008AA84631DF7048357A40319469305D0
:10F710000008231AF506231BF5068357C403231D8F
:10F72000F5048357E403231EF50403558500EF30E9
:10F7300080368547A38EF40083C7C40193F7F7078B
:10F74000238EF400130584062244B24092443146CD
:10F750009305F00F41011713FE1F670083B3835712
:10F76000A503194693050008231AF406231BF40683
:10F770008357C503231DF4048357E5030355840011
:10F78000231EF404EF3020318947A30EF4005DBF3F
:10F79000004015BF230E05008280B7270020938705
:10F7A00087C883D6870A411126C206C622C40547E8
:10F7B000AA846372D71A03278510098B630D071873
:10F7C00083A70709BE85ADED03D6041901447D5812
:10F7D0001306260205862D067D55A5EB630D041044
:10F7E0008347B4000357A403D5EB8947231CE404E3
:10F7F000A30AF40403570406835704042285BA9726
:10F80000C1071D8B998F231FF4048357C403231D45
:10F81000F4048357E403231EF404EFF0DFD18327BD
:10F82000440A93E717002322F40A8547230AF400C9
:10F830008D47A30EF400B2402244924441018280DD
:10F8400003C7D5016DFB8C41BDBF984363949700FE
:10F8500051D7BA8783A6070903A7040963E2E60222
:10F860003387E64083A6C40863F4E6003377D70203
:10F870006376A7003A856373C700BE859C43B1BF1A
:10F88000158F83A6C70863F4E6003377D702E377C2
:10F8900007FF3A88E374C7FE3E84CDB783D7A4033D
:10F8A000B3F7E702C9FB9D46994763F5E600935716
:10F8B00017008D070567231AF406130707C88A0780
:10F8C0006353F700BA87231BF4068357C403035519
:10F8D00084005D46231DF4048357E4039305000868
:10F8E000231EF404C947A30EF4002244B2409244FC
:10F8F00041016F30401AA5C103D7A40383D7A503E4
:10F90000B3F7E702A9EB8387C40163D607049D46DA
:10F91000994763F5E600935717008D070567239A0B
:10F92000F406130707C88A076353F700BA87239BB7
:10F93000F40683D7C40303D584005D46239DF404F5
:10F9400083D7E40393050008239EF404CD47A38ED8
:10F95000F400EF304014238E0400F1BDB7270020DF
:10F96000B726002023AA07DA9386C6B1B72700205E
:10F9700003D6860023A007D283576508AA850327EC
:10F980000509B387C70237460F001305F623130690
:10F990000624AA97B3D7C70237260020034676AEBF
:10F9A0003E96636EC7003306C74003A7C5083715E8
:10F9B0000020938695021305C5CA6FE0EED8DC429D
:10F9C0003E97D5B7B727002003A707DB01114AC828
:10F9D00006CE22CC26CA4EC62A8959C7BE89B72769
:10F9E000002003D707D385476310F708B72400200A
:10F9F0009387C4B183D78700035469080325050999
:10FA00009384C4B13304F402B7470F001387F7237C
:10FA1000938707243A943354F402636B8506B7271F
:10FA2000002083A747AC3304854082976365A40612
:10FA3000098C635304000144B727002003C577AE47
:10FA400083A909DB0581637B8504098C37450F0099
:10FA500013050524B335A40203D68400814633057B
:10FA6000A402EFC050538299930700FB2307F900CB
:10FA70008347990262448545F240D2444249B249E3
:10FA8000B395F500C205C181014505616FE0AEDFA8
:10FA9000DC403E9569B7DC403E9459BF0145E1B773
:10FAA000411106C6EF00306019C983278511014551
:10FAB00081E7B240410182809C430505D5BF7D5559
:10FAC000CDBFB7270020938787C803A7C709411177
:10FAD00022C426C206C62A84AE846314A70023AEBD
:10FAE00007088327041281CB035584000146930540
:10FAF0000008EF20507A8357440481CB03558400DB
:10FB00004D4693051008EF201079035584001546E3
:10FB100093051008EF203078B240230A940423059F
:10FB200004002308040022449244014541018280DC
:10FB30008347A5006383073083570508411122C41A
:10FB400006C626C285072310F5088347F500230C57
:10FB500005002A8413F7270005E703570504954796
:10FB600063E4E700014501A89305E003EFF07FF5AA
:10FB7000A305A4020945B240224492444101828077
:10FB800013F7070239CF93F7F7FDA307F500832793
:10FB9000050A0347B500A305050293E747002320A4
:10FBA000F50A8547631FF7028357A5031306204E06
:10FBB00003274509B387C702B3D7E70237270020D9
:10FBC000834667AE03477503938606053307C7026E
:10FBD000B697C207C1832312F5088607BA97231187
:10FBE000F50883471401858BF5C78357E405035750
:10FBF0000404639FE7208357C4038355C40503456A
:10FC000084022310F40683475405231FB40292058F
:10FC1000A30BF40283576405F915B7240020231CB5
:10FC2000F4028357A4059384C4B1231EF402EFE0C9
:10FC3000CECE0347B40023100408835784038356B1
:10FC40008405631C071803D78400CC40B387E70200
:10FC50001307003293870719B3D7E7020327040974
:10FC6000D1073E973A866364F7006364B7003306B2
:10FC7000B7408347D4012328C408231DD40281C779
:10FC80002285EFF07F9703D784008357A403930660
:10FC9000003223110402B387E70233D6D702B3F749
:10FCA000D7029306204E2326C408B387D702B3C7D2
:10FCB000E7022310F402835704042312F40283475B
:10FCC000F40093E70702A307F40083471401F99BAC
:10FCD000A308F40083471401898BB9C70357E412C2
:10FCE00083570404B306F7401396060163470612D0
:10FCF000631CF7028147014893048413232CF412F8
:10FD0000232E041315469305841226859700FE1FA3
:10FD1000E78000512685EF00905E83471401A3061B
:10FD2000A412F59BA308F4008347140113F70701FD
:10FD300025C78356C414035704043386E64093153D
:10FD4000060163CC050C6399E604BD9BA308F4008F
:10FD50008347A41491C7898BF9CB85472303F414F7
:10FD60008347B41491C7898BF1C78547A303F41463
:10FD70002285EFF02FD98347C40799C78327040A48
:10FD800093E707102320F40A8327040AA30504023B
:10FD900093E707202320F40A8347A40293F707047C
:10FDA000E38207DC0357640483570404E31CF7DA97
:10FDB000034704019307A0046315F7008547230850
:10FDC000F40083278410C18BE38E07D88327440A6D
:10FDD00093E707402322F40A71B385CB03D784004D
:10FDE000CC40B307F7021307003293870719B3D744
:10FDF000E702032704093E973A866364F7006364C9
:10FE0000B7003306B7402328C408231DD402A5BD7C
:10FE1000998F13970701E35F07EA93058002228514
:10FE2000EFF03FCAA305A40213058002A9B3230380
:10FE300004143DB7A303041425BF0545828005C5FE
:10FE400041119305200222C406C62A84EFF07FC721
:10FE5000FD57A305A40223080400A303F402B24043
:10FE600022444101828082800DC9411122C406C60C
:10FE70008347F5002A849305E003898B91C3A1454C
:10FE8000EFF03FC4FD57A305A40223080400230498
:10FE9000F402B24022444101828082808327050A15
:10FEA000411122C406C626C24AC02A84638007368E
:10FEB00013F7270019CBF59B2320F50A035585007E
:10FEC000194693050008EF20103D8327040A13F715
:10FED00047004DC7ED9B2320F40A8347A40293F704
:10FEE000070491CF83278410C18B99C78327440AC5
:10FEF00093E707402322F40A2285EFF02FCD034732
:10FF0000B400854703464401835624066319F74A23
:10FF10008357A4031307204EB387E702032744093E
:10FF2000B3D7E70237270020034767AE130707055B
:10FF3000BA97C207C1830347B4022312F4088607A5
:10FF40002311F4089307000819C393070004230E34
:10FF5000F40019E68347A40293E717002305F4028F
:10FF600081EA035584000D4693050008EF20B03266
:10FF700023110406230A0400A30E04008327040AA5
:10FF800013F787000DC303558400DD9B2320F40A7B
:10FF9000154693050008EF2010308347A40293E72D
:10FFA00047002305F4028327040A13F7070139C722
:10FFB000BD9B2320F40A8347D404035584002146C3
:10FFC00089C7A30604041306000393051008EF2055
:10FFD000902C8347C40489CF83278410C18B89CB9D
:10FFE0008355A40422859205C205C181EFF0CF811B
:10FFF0008347A40293E717002305F4028327040A2A
:020000022000DC
:1000000013F7070415CB0347F40493F7F7FB2320FA
:10001000F40AA14763FBE7008347B40099E783270D
:10002000440A93E707012322F40A0355840031466A
:1000300093051008EF2030268327040A13F70702E0
:1000400045CB8346B40093F7F7FD2320F40A03273A
:10005000C4108327841099EA1377070801CB03277C
:10006000440A37064000518F2322E40A93F707021F
:1000700063820738ADE28357E4170357E41863043B
:10008000F7028346741409476390E6360567130741
:1000900007A9637AF7008327440A056713070780D7
:1000A000D98F2322F40A8357241803572419630491
:1000B000F702834664140947639BE632056713071A
:1000C00007A9637AF7008327440A056713070780A7
:1000D000D98F2322F40A03558400114693050008A2
:1000E000EF20701B8347A40293E717002305F40257
:1000F0008327040A13F7071005C70355840093F7F5
:10010000F7EF2320F40A230E04061D46930500088A
:10011000EF2070188347A40293E717002305F40229
:100120008327040A13F7070809CF0355840093F7C0
:10013000F7F72320F40A1306700593051008EF2043
:1001400090158327040A13F707201DC793F7F7DFDD
:100150002320F40A2285230F0400EFE0FFFF03555C
:100160008400314693050008EF20F0128347A40273
:1001700093E717002305F4028327040A1397270146
:100180006357070079777D17F98F2320F40A8327B7
:10019000040A13970701635A0704B727002003C511
:1001A000B7C883450403EFE0BE8D8357A40313074C
:1001B000204E232AA408B387E70237270020B3D7AD
:1001C000A702034567AE61777D1713050505AA975A
:1001D0002312F4088347A40293E717002305F402CF
:1001E0008327040AF98F2320F40A8327040A858BC6
:1001F00091CF8347A40283454405228593E71700E6
:100200002305F402EFF0FF8BA305A4028347A400AB
:10021000B9C38327041299CF8347A40181EF035503
:100220008400014693050008EF20F00601E58547AC
:10023000230DF4008357440499CF8347140381EFBF
:10024000035584004D4693051008EF20D00401E5C6
:100250008547A308F4028347A402E1CB918B91CF99
:1002600003460401C165938505A02285EFE03FDFC9
:100270008347A402ED9B2305F4028347A402858BE8
:100280008DC3034574029307F00F6307F500EFE099
:100290000EAEFD57A303F4028347A402F99B230586
:1002A000F4028347A402898B91CF8355E40303456D
:1002B00084029205F915EFD05EE68347A402F59B10
:1002C0002305F4028347A402A18B85C38355E4036D
:1002D0000D4622859205F915C205C181EFE03FD890
:1002E0008347A402DD9B2305F4028347A40213F78E
:1002F000070101CF0345640293F7F7F82305F402E1
:10030000EFE0EEA6FD572303F4028347A40213F7A0
:10031000070201CF8355A4040345640293F7F7FD58
:100320002305F4029205EFD05EDF8347C40193F703
:10033000070C89CB0347B400854722856313F70C6C
:10034000EFF0AFC583570404ADC713074006B3F7FA
:10035000E702A5E3B727002083A7C7DAB724002068
:10036000938484C8898BB1C337290020130909AD50
:10037000032709031DCB83D7040183D52401254519
:10038000C207DD8D02978327090383D5E400294541
:10039000829783270903831524032D45829783279A
:1003A000090383054403314582972397040023A85A
:1003B0000400B240224492440249410182809307E2
:1003C0000004230EF40019E68347A40293E7170004
:1003D0002305F402E39006BA035584000D46930505
:1003E0000008EF20406B79B6130780145DB1130746
:1003F0008014C1B98327440A7D771307F77FF98FEB
:10040000C9B9EFF02FAA3DBF01114EC6B729002090
:10041000938789C822CC03A487094AC837290020BA
:100420009307C9B183D7870026CA8354640803257C
:10043000040906CEB384F402B7470F001387F723ED
:100440009387072452C456C25AC0938989C8130996
:10045000C9B1BA94B3D4F402636F9502372A00206D
:1004600083274AACB3049540829763EAA402898C3F
:1004700063CB040283570404A30F040085072310F1
:10048000F404834704146390071222859710FE1F1B
:10049000E780608731AA832749003E95C1B783274B
:1004A0004900BE94E9B783274AAC829703278408A2
:1004B0006366E50A198D8357E403035789008E07A5
:1004C000B387E7021307003293870719B3D7E70210
:1004D00063EBA708B74A0F00138BFA23938A0A2409
:1004E0008357040485072310F4048347041491E719
:1004F00022859710FE1FE78000812285EFF04FE3F1
:1005000063180524832604098327C40803274900A8
:10051000B6973E8563E4D70063E4E7003385E740A0
:100520008347F401835464082328A4088507A30F94
:10053000F40083578900B384F402DA94B3D45403EB
:10054000636B9504B304954083274AAC829763E8B4
:10055000A4043385A440E34505F829BF8327490057
:10056000998F3E9589BFA1452285EFF08FD5A305D0
:10057000A402B727002003A307B0630B031C624447
:10058000F240D2444249B249224A924A024B89453A
:10059000154505610283B3049740AA9475B7832774
:1005A0004900BE947DB722859710FE1FE78000802A
:1005B0002285EFF0EFD7631D051803558900835797
:1005C0006408B7460F001386F623B387A702938605
:1005D000062403270409230B0402832A4900B29747
:1005E000B3D7D7026360F718B307F7408326C40870
:1005F0002324F408014BB387E600BE8463E4D700EC
:1006000063E45701B38457418357040223289408B5
:10061000B1CB835604040357440237460F0023121C
:10062000D4023387E640B387E70203572402130658
:10063000062481468145BA97C207C1833385A70244
:100640002311F402EFC0201511CD2695B334950087
:10065000AE94AA8763149B0063645501B3075541A8
:100660002328F40883274AAC8297AA8483274AACBC
:100670008297E30D95FE83274AAC832484088297F2
:1006800063E7A40E3385A4406307050E035A89006F
:1006900083576408B7440F001387F423B3874703D5
:1006A00093840424BA97B3D79702372700200347CF
:1006B00077AEBA9763E1A70CB335950203592402CC
:1006C0005286814633059502EFC0E00CB30AA900BB
:1006D0003305490337460F0013060624814681453A
:1006E000EFC0600B05C1B337950252868146B385D2
:1006F000B4023385A402BE95EFC0E0093305A940DA
:100700002311A4023545EF40C02F23AC89080347CD
:10071000B4008547631DF700930700FD2307F4002D
:10072000B727002003A587DB8145EFE06E82B7275E
:100730000020938747DC1547A383E700B7270020F5
:1007400083A7C7DE37071000860A98C723A8570774
:10075000F2406244D2444249B249224A924A024B90
:1007600005618280B3065701B387F64041B5832700
:100770004900BE9401BF23AC090883479402854514
:100780006244F240D2444249B249224A924A024B60
:10079000B395F500C205C181014505616FD0BE8EDC
:1007A000411122C406C62A8483278411CDEB8327F6
:1007B0000412E1EB0325041109C59700FE1FE78031
:1007C000A096034574029307F00F6304F500EFD081
:1007D0001EDA034564029307F00F6304F500EFD0BF
:1007E0001ED9034584029307F00F6304F500EFD090
:1007F0001ED8034594029307F00F6307F500EFD06E
:100800001ED7FD57A304F402035584008D24B72797
:100810000020938787C803D7870A15EF3727002062
:10082000232A07DA37270020032707B223A2E70A83
:10083000B727002083A787AD99CF37240020130462
:1008400084A7085009C99700FE1FE780E08D232088
:10085000040223220402B240224441018280C843A0
:1008600009C59700FE1FE780208C8327841103D7DA
:10087000A700136707F02395E7009C43232CF4108F
:1008800025B7C84309C59700FE1FE780E089832785
:10089000041203D7A700136707F02395E7009C43D2
:1008A0002320F41229B7B727002083A787D199E323
:1008B0003E85828003D78700E30CA7FE9C43C5BF1B
:1008C000B727002083A787D237270020C16683453A
:1008D000F7ADFD16014703D6A7006309A60063071D
:1008E000D6000507C107E3D8E5FE81473E85828033
:1008F000411122C437240020130484C88327040A2A
:1009000006C626C2A1EBB72400200355E402938457
:1009100004AD83C7F4001305150215858507160578
:1009200092073E95420541819305B02097F0FD1F47
:10093000E780407105C183C6F4002320A40A8147E3
:100940001387160012072A97130640F5930520F522
:1009500063D7F600B240224492444101828099EB71
:100960002315B50058C18507C207A3040500C1833C
:100970004105F9BF2315C50023220500EDB741113C
:10098000930530261305801906C622C426C297F0A7
:10099000FD1FE780206B1306801981452A8497008C
:1009A000FE1FE780008F014505CCB7240020938708
:1009B00084C883A60709938484C895CA3687854767
:1009C000035687006304F60618437DFB2314F400E6
:1009D000B9E3228597F0FD1FE78000750355840079
:1009E000B24022449244410182803687D1BF85477C
:1009F0002314F40023A8840823AA84082394F40A67
:100A0000EFF01FEF83A7440923A00700230504008C
:100A100023070400E1B783A7440980C383D7840A6E
:100A200023AA840885072394F40AE9BF13871700D3
:100A30009317070113160701C183E35806FA81478C
:100A400071B7B7270020138787C80325070A41110C
:100A500022C406C6138487C809C597F0FD1FE78026
:100A6000A06C2320040AB24022444101828041113B
:100A700022C437240020930784C883A6070906C62A
:100A80000147B687130484C8B1CB03D68700631B24
:100A9000A60405EB98422328E4083E8597F0FD1F45
:100AA000E78080688327440923A007008357840ACE
:100AB0009DE3EFF01FF923280408B24022444101CE
:100AC0008280832644096395F600232AE408F1B75F
:100AD000944314C3D9B7FD172314F40A8357840A27
:100AE000E9FFC1BF3E879C4345B7372500207146CB
:100AF0008145130585D117F3FD1F6700837983476F
:100B000015000347250083464500A2074207BA9710
:100B100003470500FD8A0548BA970347350093054A
:100B2000000201456207BA9701473316E8007D8E3F
:100B300001C605051375F50F0507E318B7FE8147D4
:100B4000214633D7F640058B01C705051375F50F10
:100B50008507E398C7FE8280011152C656C4032A56
:100B60008513832AC51322CC26CA4AC806CE2A84F6
:100B7000A30B0512A3060512814413095002268611
:100B80005285D685EFB0703E058911C58347D412D2
:100B90008507A306F4128504E39324FFF240624420
:100BA000D2444249324AA24A0561828083466501A5
:100BB0000D47AA876384E600054582800327451117
:100BC00003464700A305C502034737006316D70253
:100BD0000347B50075F30347050193060002630759
:100BE000D7009306300201456317D7001307600250
:100BF0002388E70001458280BD466310D702034782
:100C000005019306000401451377B70FE315D7FEDE
:100C1000130750042388E7008280B946631AD7007F
:100C20008346050113070003E398E6F80547C9B7B3
:100C3000D1466317D7008346050113070005EDB7BA
:100C4000D9466318D7028346050113075005E3957B
:100C5000E6F60327050A136707202320E50A054760
:100C60002308E50003C71701136707F8A388E70007
:100C700051B7E946631BD7008346050113075006A9
:100C8000E39CE6F21307A006A5B7FD46631BD70059
:100C9000834605011307A007E390E6F2130710F857
:100CA00081BF93063002E319D7F08346050113078D
:100CB0005008E393E6F005472308E5000347A50243
:100CC000136717002305E50271BF83270511094744
:100CD000A30AE50095C32381E70003474505A381E7
:100CE000E7008347A50293E787002305F502F14754
:100CF0002308F500014582801D4582808547A30AAF
:100D0000F5008327051191CB15472381E700930751
:100D1000B0022308F50001458280054582808547A1
:100D2000A30AF5008327051191CB19472381E7001A
:100D30009307D0022308F500014582800545828093
:100D40008947A30AF5008327051181CF1D47238119
:100D5000E700832705110347D5020145A381E7007A
:100D60008280054582808547A30AF5008327051107
:100D700091CB2D472381E700930770032308F500EB
:100D80000145828005458280032705119947A30A02
:100D9000F500B1472301F700B7270020938787C8E4
:100DA00083D64701A301D70083C667012302D7007A
:100DB00083D66701A182A302D70083C687012303DC
:100DC000D70083C79701A303F7008347E50213F712
:100DD000070409CF9307A0032308F5008347E50222
:100DE00093F7F7072307F50201458280858BFDD72E
:100DF0008327050AA30505022307050293E70704D5
:100E00002320F50AE1BF8947A30AF50083270511CE
:100E100081CF35472381E700832705110347B502BA
:100E20000145A381E7008280054582808D47A30AA2
:100E3000F5008327051191CF45472381E70003473C
:100E4000C502A381E7000347B50201452382E700FD
:100E50008280054582808547A30AF5008327051116
:100E600085C349472381E7009307A0042308F500C1
:100E70008347A50293E747002305F50201458280D9
:100E8000054582808547A30AF5008327051191C790
:100E90004D472381E70001458280054582808327F5
:100EA0000511D9C32547A30AE50051472381E7006F
:100EB0000347C5178355E5178566A381E7000347F8
:100EC000D51793868684035625182382E7000347A7
:100ED0000518A383E700034715182384E7002E872E
:100EE00063F3B600368742074183A382E700856635
:100EF00021832383E70093868684328763F3C600C9
:100F0000368742074183A384E70021832385E700D6
:100F10008347A50293E747002305F50293070005E1
:100F20002308F500014582800545828003270511CD
:100F30008D47A30AF500D9472301F70083464514DE
:100F4000A301D70083475514918A2302F700035762
:100F50002519B1C69306F034814763FDE600930777
:100F600087E80357851415CB8587938757FD8D87B1
:100F7000C207C1830357051963F3E7003E87834720
:100F8000A5022307E50493E747002305F50293072D
:100F900050052308F500014582808D87F9B7858BC0
:100FA00099C7930707FB2147B3C7E702D1B7930758
:100FB000C7FB1147D5BF032705118D47A30AF500CD
:100FC000DD472301F70083474514A301F70083465B
:100FD00055142302D7000347B514F98F93F6470041
:100FE00003572519B1C69306F034814763FDE60027
:100FF000930787E80357851415CB8587938757FD9B
:101000008D87C207C1830357051963F3E7003E8745
:10101000930780052308F5008347A5022307E5040D
:1010200093E747002305F502014582808D87F9B7D4
:10103000858B99C7930707FB2147B3C7E702D1B751
:101040009307C7FB1147D5BF832605118D47A30A18
:10105000F500E5472381F6008347751403466514C0
:101060000547B317F7003317C700D98FA381F600E0
:10107000834715142382F6008347A50293E74700B0
:101080002305F502930700062308F5000145828039
:10109000411126C28324051106C622C4B547A30AFE
:1010A000F500A9C091472A842381F4009305051710
:1010B00021461385340097F0FD1FE78060161385E5
:1010C000B40011469305841797F0FD1FE780401583
:1010D000930720022308F4000145B24022449244C1
:1010E000410182800545D5BF83270511A1C7411164
:1010F00022C406C62547A30AE5002381E7002A8407
:10110000032505119305840F21460D0597F0FD1F5A
:10111000E78000118327040AA3050402014593E731
:1011200007022320F40A85472308F400B240224432
:101130004101828005458280A547A30AF5008327E7
:101140000511A9C3411122C406C639472381E7000E
:101150002A84032505119305840F21460D0597F078
:10116000FD1FE780E00B8347A402014593E747009A
:101170002305F402930700032308F400B24022443D
:101180004101828005458280E147A30AF50083275B
:101190000511D9CF411122C406C63D472381E7007E
:1011A000034745072A8493058506A381E700034783
:1011B000550731462382E70003476507A382E7000E
:1011C0000357650721832383E7000347A505A3830E
:1011D000E7000357A50521832384E7000347C505DE
:1011E000A384E7000347D5052385E7000357450699
:1011F000A385E700034765062386E70003576506D6
:101200001385E7002183A386E70097F0FD1FE780A1
:1012100020018347A402014593E747002305F40218
:10122000930700042308F400B24022444101828065
:1012300005458280E147A30AF50083270511C9CB44
:10124000411122C406C641472381E70003474507F1
:101250002A8493058506A381E70003475507314695
:101260002382E70003476507A382E700035765076A
:1012700021832383E7000347A505A383E7000357E2
:10128000A50521832384E7000347C505A384E70060
:101290000347D5052385E70003574506A385E700E7
:1012A000034765062386E700035765061385E700B5
:1012B0002183A386E70097F0FD1FE78060F6930780
:1012C00040042308F400B2402244014541018280D9
:1012D0000545828083254511411126C206C622C4D8
:1012E00083C7450003C735000568A207D98F138758
:1012F000A7FF420741839306A8C7F94463E2E60CBF
:1013000003C7650083C65500130808C82207558F18
:10131000F9446367E80A6365F70A03C6850083C674
:1013200075002206558E9306301F63EBC60883C6F0
:10133000A50083C89500A206B3E616016362D8082B
:10134000130816003308F80293983600635A1807FA
:1013500083C8B50013980801135808016384080076
:10136000636007078358A5038144639D1701631BCE
:10137000F7008358C5036397C8008354E503958C31
:1013800093B41400231DC504231AF506231BE50698
:10139000231ED5042312050783C7D50003C7C50044
:1013A0002A84A207D98F2313F5063146B905130500
:1013B000850697F0FD1FE780A0E69147A30EF40095
:1013C000B240224426859244410182808327451100
:1013D0001303000E03C6470003C737002206598EC9
:1013E000130756FE420741836367E30683C667001F
:1013F00003C757001168A206D98E138786EB4207F0
:101400004183130888146368E80403C7870083C80E
:101410007700220733671701930857FEC20893D855
:101420000801636A130383C8970083C7A700A20754
:10143000B3E71701938887EBC20893D80801636C60
:1014400018012312C5182313D5182314E5182315E2
:10145000F5186FD01FD6054582808346B500054735
:10146000AA8705456395E60C83C6670131470545A4
:10147000639FE60A03A7471183463700A38AD70470
:101480008346570003464700A206D18E239BD7040C
:101490008345770083466700A205D58D239CB7045A
:1014A00003469700834687002206558E239DC70476
:1014B0008346B7000345A700A206C98E239ED70422
:1014C0000345C7000347D7002207498F03D5A70369
:1014D000239FE7040147631BB50083D5C7036397C8
:1014E000C50003D7E703158F133717002391E706CD
:1014F00003C70701930600046304D7029306400460
:101500006315D70005472388E70003C717019546F1
:10151000A38ED700136717F8A388E70001458280E0
:1015200003C7A702136717002385E702E1BF828084
:10153000034765018947631DF7008327451183C76A
:101540003700230AF504F5472308F500014582809A
:101550001D4582808347B5002A87D9EB8346650104
:10156000B54705456397F6088346070193070002D0
:101570006391F60883274711014583C6570003C6C8
:101580004700A2064206B29603C66700B29603C69B
:1015900037006206B2962320D70C83C6970003C695
:1015A0008700A2064206B29603C6A700B29603C6FB
:1015B00077006206B296232ED70A83C6C70003C6F9
:1015C000D700A2064206B29603C6B70083C7E7005B
:1015D000B296E207B6972320F70E8347170193E7E9
:1015E0008700A308F700930730022308F7008280E2
:1015F000054582808347B5009DE303476501854724
:10160000631DF70083460501130730026397E60068
:101610009307C0022308F50081473E8582808547F5
:10162000EDBF834665010547AA870545639CE60231
:1016300003C707019306B002631AD7001307E0023D
:101640002388E700A3850702014582809306D00224
:1016500005456319D7001307E002A3850702238815
:10166000E700DDB78280034765018947631EF70401
:10167000E947A305F50283274511394783C737009A
:101680006392E7020347050193070003631EF70215
:101690008327050A93E707022320F50A85472308D5
:1016A000F50049A83D476393E70283278510034768
:1016B0000501F59B2324F510930700046316F7003A
:1016C000930760042308F500014582804947639130
:1016D000E704034705019307A004E317F7FE8547D6
:1016E0002308F5008347A50293E717002305F502B9
:1016F0008347150193E707F8A308F5008327051032
:10170000C18BF9F383278510BD9B2324F5106DBF92
:1017100051476398E7020347050193070005E31566
:10172000F7FA85472308F5008327050A93E7071092
:101730002320F50A8347150193E707F8A308F5006E
:1017400061B75947639DE7000347050193075005BB
:10175000E31CF7F68327050A93E7072035BF69479F
:10176000639FE7000347050193075006E31EF7F464
:101770008327050A056713070780D98F31BF714793
:10178000E384E7F47547639CE7000347050193078B
:101790005007E31BF7F28327050A2167F9BF1307F8
:1017A0003002E393E7F20347050193075008E31D76
:1017B000F7F085472308F5008347A50293E7170054
:1017C0002305F50285BF0347B50085476311F7027E
:1017D00003476501631BF700034705016317F70023
:1017E000930760032308F50081473E858280854783
:1017F000EDBF834665010547AA8705456393E60665
:1018000003C70701930670036315D70203C7A70236
:10181000238607049376070499C61377F7FB1367AB
:1018200007012385E702130780032388E7000145AA
:1018300082809306500305456315D7021307800382
:101840002388E70003C7A702238607040145937690
:10185000070481CA1377F7FB136707012385E702A3
:1018600082808280034765019947631EF70803273A
:10187000451183473700A307F50483475700834684
:101880004700A207D58F2318F504834777008346C6
:1018900067001307A003A207D58F8346050123190C
:1018A000F5048347E5026395E604858B99CB83278E
:1018B000050AA30505022307050293E70704232071
:1018C000F50A8347A50293E717002305F50285472C
:1018D0002308F5008347150193E707F8A308F500EF
:1018E0008347E50293F7F7FB2307F5020145828062
:1018F000E207E187E3D007FE8327450A93E7070461
:101900002322F50AC1BF0545828003476501894747
:101910006304F700054582808327451113070004FF
:1019200083C73700A305F5028347050193F6B70F78
:101930006397E600930750042308F50025A01307DA
:1019400050056393E7028327050A93E707202320C6
:10195000F50A85472308F5008347150193E707F843
:10196000A308F50001458280130750066395E70040
:101970009307A006D1B713075008639CE70085477B
:101980002308F5008347A50293E717002305F50216
:10199000E1B70347B5003DFF130700026386E70088
:1019A000130730026395E7009307600271B71307CE
:1019B000A007E391E7F6930710F8BDBF83466501E2
:1019C0000547AA8705456394E60403A787100545E4
:1019D000418B15CF03C707016318A7001307B00495
:1019E0002388E700014582801306A004631AC7001C
:1019F00003C7A7022388D700136717002385E702D0
:101A000003A7870A1367070423A4E70AE1BF8280BC
:101A1000834665010547AA8705456393E60283C6A9
:101A200007011307A0040545639CE60003C7A7024E
:101A30002388A7000145136717002385E7028280EA
:101A40008280034765018D47631FF718834715019F
:101A50008D8B91EB834605012147938706FC93F715
:101A6000F70F6361F702D9472306F5029307A00237
:101A7000A305F5028327850A93E727002324F50AA7
:101A8000014582808347B500032645116390071402
:101A9000930750056398F600D9472306F50293078C
:101AA0003002F9B7B7270020938787C883454600DF
:101AB00003C7A70383C7B703834865146D8F230546
:101AC000E51403463600F18F0546A305F5143316D9
:101AD00016016314C70023050514034875148545D2
:101AE000B39505016394B700A30505140347A51436
:101AF0008347B5145DCFD9CB93752700B1C113F6D9
:101B000027001DCE930720202315F5140347A514A5
:101B10008547B39717016314F7002305051403479E
:101B2000B5148547B39707016314F700A30505149F
:101B300085476398F608930760052308F50089B781
:101B40001376470001CA13F34700630503009307A8
:101B500040405DBF058B19C713F7170001C79307F6
:101B600010105DB7094781E5114711E205472305CC
:101B7000E51413F7270009C78947A305F51479B7BA
:101B8000918B99C39147D5BF8547C5BFB3570741CF
:101B9000858B81C72305B51495BF9377270089C727
:101BA00089472305F5149DB7118B91477DFB854728
:101BB000CDBFA9DF33D71741058B45DFA305C5147A
:101BC000B1B78327850A93E707104DBD8547639713
:101BD000F60083474600A305F514B1BF8327850AA5
:101BE00093E7072061BD05458280834665010D4767
:101BF000AA8705456394E61483C6070113075005B9
:101C00000545639DE61203C7B7006319071283C633
:101C1000471403C7571403A6471133F5E60083455D
:101C2000460019ED6396B60003453600630AE500E9
:101C300023950714130770052388E7000145828068
:101C4000ED8E2385D7140346360003C86714718FC1
:101C50000546A385E714331606016394C600238561
:101C6000071403C577148545B395A5006314B70021
:101C7000A385071483C6A71403C7B714C5CA41C7F1
:101C800093F526009DC91376270005CA1307202067
:101C90002395E71483C6A7140547331707016394F8
:101CA000E6002385071483C6B71405473317A7003A
:101CB000E392E6F8A3850714B5BF13F6460001CA00
:101CC000937847006385080013074040D1B7858AA1
:101CD00099C69376170081C61307101055BF894621
:101CE00081E5914611E285462385D7149376270036
:101CF00089C60947A385E71471BF118B19C3114722
:101D0000D5BF0547C5BF33D7A640058B01C723857F
:101D1000B71449B713F7260009C709472385E71405
:101D200095BF918A1147FDFA0547CDBF25D7B35618
:101D30000741858AC5DEA385C714A9BF8280834673
:101D4000B5000547AA870545639FE60683C6670178
:101D5000154705456399E60603C707019306500535
:101D60006306D70093068005631FD70403C7A70245
:101D700083A54711136717002385E70203C64500B3
:101D80001147636EC70083C63500636AD700130727
:101D9000F6FF1385F6FF718F758D498F11C70547C3
:101DA0002388E7000145828003C7650003C555000D
:101DB0002385C7142207498F2396E714A385D714D8
:101DC0001307A005F1BF82808347B50095E38346E2
:101DD00065010D478547639BE600034705016317CF
:101DE000F700930710062308F50081473E8582809F
:101DF0008547EDBF83270511DDC32547A30AE5000D
:101E000055472381E7000347C5178355E5178566C6
:101E1000A381E7000347D5179386868403562518C8
:101E20002382E70003470518A383E700034715183B
:101E30002384E7002E8763F3B60036874207418389
:101E4000A382E700856621832383E7009386868447
:101E5000328763F3C600368742074183A384E700D5
:101E600021832385E7008347C507A305050299C79A
:101E70008327050A93E707102320F50A8327450ADD
:101E800013974701635807007D771307F77FF98F92
:101E90002322F50A85472308F50001458280054580
:101EA00082808347B500EDE7411122C406C603478F
:101EB0006501E1472A8405456318F70C03470401CF
:101EC000930700046312F70C8325441105659306FC
:101ED000A5C703C7450083C7350022075D8F930759
:101EE000A7FFC207C18363ECF60883C7650083C6FA
:101EF0005500130505C8A207D58F6362F50863E096
:101F0000E70803C6850083C675002206558E930632
:101F1000301F63E6C60683C6A50003C89500A20667
:101F2000B3E60601636DD504130516003305E5021B
:101F3000139836006345A80403C8B50013150801BB
:101F400041816304080063ECA702231DC40423122B
:101F5000A406231AE406231BF406231ED40483C715
:101F6000D50003C7C5003146A207D98F2313F40655
:101F7000B9051305840697E0FD1FE780602A9307E3
:101F800070042308F4000145B240224441018280DC
:101F900005458280411126C206C622C40347650159
:101FA000E14785446318F704832785102A84854414
:101FB000898BA9C38347B50063919706EFF08FB172
:101FC00083470401A305A4026397970093071004B5
:101FD0002308F40039A8130700046393E70293076A
:101FE00010042308F4008347A40293E71700230595
:101FF000F4028144B2402244268592444101828009
:102000008327040A93E727002320F40A8347140157
:1020100093E707F8A308F400E9BF834715018D8B08
:1020200099CF9307A002A305F402BD472306F4024B
:102030008327840A93E727002324F40A5DBF83479C
:10204000050163979700EFF0EFA8A305A402BDBFB9
:10205000130700026390E702EFF0CFA7A305A402E5
:10206000814449F98327440A37070080D98F232206
:10207000F40A49B713070004E39EE7F6930730021A
:102080005DB7411126C206C622C48347B500854408
:10209000A5E703476501A5478544631FF704832728
:1020A000850FA18BB1CB832545112A8421468D054F
:1020B0001305051097E0FD1FE780801683270410A5
:1020C000B73678089386060DDD8E8327441013E714
:1020D00007018327840FF58F2324F4108327C40F6F
:1020E000F98F2326F41083470401639D970093071B
:1020F00010032308F4008144B24022442685924410
:10210000410182808327840A93E707012324F40A8C
:10211000DDB7411126C206C622C403476501A547A3
:102120008544631AF70603470501930700038544B6
:102130006313F706832545112A8421468D0513056F
:10214000051097E0FD1FE780A00D83270410B73628
:1021500078089386060DDD8E8327441023089400AB
:10216000A305040213E707018327840F8144F58F39
:102170002324F4108327C40FF98F2326F410832718
:10218000040A93E707022320F40A8347140193E724
:1021900007F8A308F400B240224426859244410186
:1021A00082808347B50005476395E708411122C443
:1021B00006C68346650125472A8405456390E606E1
:1021C000034704016310F7068325441121461305D4
:1021D00004108D0597E0FD1FE7808004832704101D
:1021E000B73678089386060DDD8E8327441013E7F3
:1021F00007018327840FF58F2324F4108327C40F4E
:10220000F98F2326F410930710032308F400834763
:102210001401014593E707F8A308F400B2402244F3
:10222000410182808327840A93E707012324F40A6B
:10223000F9BF054582800347B5008547631CF70455
:10224000411122C406C626C203476501A1472A845C
:102250000545631CF70283244411130584121546B7
:102260009385340097E0FD1FE78080FB83C79400CF
:1022700003C784000145A207D98F2317F4128347AF
:10228000140193E727F8A308F400B24022449244D3
:1022900041018280054582800347B5008547631070
:1022A000F716834665015D47639CE614011126CA53
:1022B0008324451122CC21462A84938534001305BA
:1022C000751506CE97E0FD1FE78080F583C7C40033
:1022D00003C7B400A207D98FA30FF414A18323006E
:1022E000F416EFB0DEBB2AC4EFB07EBB2AC62C00CA
:1022F00013050417214697E0FD1FE78060F283C7AE
:10230000F40003C7E40013058417A2074207BA9735
:1023100003C704012C001146BA9703C7D400620713
:10232000BA972324F40C83C7340103C72401A207FE
:102330004207BA9703C74401BA9703C7140162075B
:10234000BA972322F40C0347141783472417420734
:10235000A207BA9703473417BA97034704176207CF
:10236000BA972320F40C0347541783476417420796
:10237000A207BA9703477417BA970347441762072F
:10238000BA97232EF40AA247374703001307D73F13
:10239000B387E70237A72600130737ECBA973EC486
:1023A00097E0FD1FE780C0E783C7640103C774019E
:1023B000A2074207BA9703C75401BA9703C784011B
:1023C0006207BA97232EF40C0347A4178347941788
:1023D0004207A207BA9703478417BA970347B4176F
:1023E0006207BA972320F40E930710022308F40023
:1023F000F24062448147D2443E8505618280854730
:102400003E85828003476501A547631EF70441119D
:1024100022C406C683460501130700052A848547A2
:102420006397E602EFE09FFA05E98327040AA30514
:10243000040293E707102320F40A8347140193E76B
:1024400007F8A308F40085472308F4008147B24049
:1024500022443E85410182808347A40293E717000E
:102460002305F402D9BF85473E8582800347650175
:10247000A5476309F700054582800545B24022441F
:102480004101828083278510411122C406C693F73B
:1024900007022A84FDD3EFE07FF38547E30FF5FCC5
:1024A000034704016318F700930710052308F4009D
:1024B0000145E9B78327840A93E707082324F40A30
:1024C000C5BF8347C500A30A0500F19B93E717002A
:1024D0002306F500032505111335150082800145FB
:1024E0008280411106C6EFE00FBC0DC10357C50540
:1024F0008356A50503566507835545070355850093
:10250000EF70200F0145B240410182800945E5BFCF
:10251000011106CE22CCEFE00FB931CD0347B50053
:1025200085472A84631CF702B727002003A707CE3C
:10253000094515CF03460403834617048358E40373
:102540000358C4038357A403835584000345B4028E
:102550001307270432C00546EF7000088347F400D4
:10256000A3050402014593E71700A307F400F24016
:102570006244056182800945DDBF411106C6EFE076
:102580008FB219C98345051403558500EF704009C2
:102590000145B240410182800945E5BF9375F50FC1
:1025A00001112E8506CE22CC2EC6EFB07FF10DC1D3
:1025B0002A848346C506B245034535010546EF70BA
:1025C000A0050145A3090400F24062440561828030
:1025D0000945DDBF411106C6EF70C003B240014599
:1025E00041018280411106C622C4EFE0CFAB0DC984
:1025F00083467514034665142A8483558500034574
:10260000B5028506050693F6F60F1376F60FEF7002
:1026100020000145A3050402B2402244410182800A
:102620000945DDBF397106DE22DC26DA4AD8EFE043
:102630008FA769C90347B50085472A846315F70842
:10264000B727002083A407CE0945D9C483C7040453
:102650001946898BC1CBCC5483C7A500C1C7B1052E
:10266000280897E0FD1FE780A0BB83C714041389E7
:1026700024041946898BB5CFCA85081097E0FD1F41
:10268000E78000BACC5419469105281097E0FD1F49
:10269000E78000B9834704038358A40383C6140466
:1026A0000346B400835584000345B4023EC48357F7
:1026B000E4031308010238103EC28357C4033EC02E
:1026C0003C08EF6090738347F400A30504020145C2
:1026D00093E71700A307F400F2506254D254425912
:1026E000216182808145280897E0FD1FE78060BA5C
:1026F000ADBF8145081097E0FD1FE78080B91946FE
:10270000CA8561B70945C9BF411106C6EFE0AF9957
:102710000DC10357E5188356C5180356251983556F
:10272000051903558500EF60106D0145B240410168
:1027300082800945E5BF411106C622C4EFE0AF968D
:102740000DC92A840357C5058356A5050356650799
:102750008355450703558500EF6070698347140171
:10276000014593E74700A308F400B2402244410129
:1027700082800945DDBF411106C6EFE0CF920DC151
:10278000834705160346F515930575150355850012
:10279000A2075D8EEF6070650145B2404101828005
:1027A0000945E5BF411106C622C4EFE0CF8F0DC138
:1027B0002A8413060510835585000345B502EF6092
:1027C00090620145A3050402B24022444101828087
:1027D0000945DDBF411106C622C4EFE0CF8C05CD0F
:1027E0000347B50285472A846314F700A305050251
:1027F0000345B4020357C4058356A4050356840554
:1028000083558400EF60F05D0145A3050402B240EA
:102810002244410182800945DDBF01111375F50F86
:1028200006CEEFB0FFC929C9B727002083A707D676
:1028300093F707209DC302C402C202C08148014829
:10284000814701478146054681451305C003EF6076
:10285000D05A0145F24005618280834695031307F3
:10286000A50302C0814801488147054681451305FB
:10287000C003EF607056F1BF0945E9BFB7270020DC
:10288000938787C803A78708094529CB83A7870DA6
:10289000011106CE93F707208DC302C402C202C005
:1028A0008148014881470147814601468145EF60E3
:1028B000D054F240014505618280835807020358D5
:1028C000A7018357070583465707014602C0130730
:1028D000670781450945EF603050E1BF82800145BF
:1028E00082800145828001458280014582800145C8
:1028F00082800145828001458280014582804111AC
:1029000006C622C403470500930700086314F702B4
:1029100003471500DD46854763E4E606B7D70200A6
:102920000A07938707E2BA979C43035525008297CD
:102930008147B9A09306100885476313D70403475E
:102940001500CD466308D70E63E3E602A146630D8A
:10295000D708B146630DD70A95466313D7020355CE
:102960002500EFD05FF42A8415E9894711A8930662
:102970000003630FD70E63EAE600E946630FD70C46
:10298000B24022443E854101828093077005630F67
:10299000F70E930717F0B337F000DDB783278511E3
:1029A00095C7035645040506420641829C4313071A
:1029B0001600420741839DE72312C40401CA8355D0
:1029C00084000545EF603040231204040345B4023F
:1029D0000346440583558400EF60B03D2285EFD067
:1029E0003FDCB9B73A86D9B703552500EFD0BFEB26
:1029F0002A8425DD0346C504835585000345B502B9
:102A00003336C000EF60303BA305040215B7035511
:102A10002500EFD05FE92A8429D90357250583567D
:102A200005050346F504835585000345B502EF60AF
:102A3000D038D9BF03552500EFD0FFE62A8415D53D
:102A40000356450401CA835585000545EF60B0373C
:102A500023120404A3080402E1BD03552500EFD0AE
:102A60009FE4E30405F00345B502EF601036C9B5F5
:102A700003552500EFD03FE32A84E30805EE835594
:102A800085000345B502EF609034BDBF03552500B6
:102A9000EF60303471BD011122CC37E400E026CA6A
:102AA00004404AC806CEB70720002EC632C42A8981
:102AB000FD8C2320F4180F1000001145EFB00E9587
:102AC0001DC5B2452246231125012300B500A300F0
:102AD000C50023209410B72700206244F240D2445E
:102AE0004249AA8503C5B7A705616FB02EA123206F
:102AF0009410F2406244D2444249114505618280FB
:102B000041114AC037E900E026C28324090006C605
:102B100022C4B7072000FD8C2320F9180F100000F5
:102B2000EFD07FD811E9232099100945B240224403
:102B3000924402494101828083270512230D05003A
:102B40002A84A5C70347F500058B19EF03558400B8
:102B5000014693050008EFF01FF439C9B7E700E01C
:102B600023A097100145D9B7D44303C6C70083C536
:102B70008700035585008906EF60D02505E583278A
:102B8000041203D7A700A3840700136707F0239557
:102B9000E7009C432320F4128357240481C7FD17C8
:102BA0002311F40483270412D5F3231104047DB701
:102BB0008547230DF4005DB7797122D406D683C70B
:102BC00035002E8423160100A307F10083C74500BA
:102BD000100802C02307F10083C755008A8502C28E
:102BE000A306F10002C402C802CA02CC02CEEF1052
:102BF00060520347F1018347040001456310F70267
:102C00000347E1018347140001456319F7000345B9
:102C1000D101834724001D8D13351500B250225475
:102C200045618280B727002083A787D491E3828003
:102C30006384A700DC5FDDBF411122C406C6834761
:102C4000A5002A8491C79305C5006905EFA0CFB8F8
:102C50008347240191CB930544011305A402224428
:102C6000B24041016FA04FB7B2402244410182807F
:102C7000AA862E86AA8537350200130525C86FB0AF
:102C8000AEF4B7270020138787C80327070C41112C
:102C900026C206C622C4938487C811E7B2402244E4
:102CA0009244410182806304A700585FFDB78347C7
:102CB000A5002A8491C79305C5006905EFA0CFB18F
:102CC0008347240199C7930544011305A402EFA08B
:102CD000AFB022852244CC58B240924441016FF0FB
:102CE0003FF901114AC837290020930789C822CC2F
:102CF00003A4070C26CA4EC652C456C206CEAA84E6
:102D0000014A130989C893094500854A65E8930576
:102D100020251305000497D0FD1FE780A0322A84E8
:102D20001D4561C483C734001946938544001305CB
:102D30004400A301F40097D0FD1FE780604E938A02
:102D4000A40141468145568597D0FD1FE780605F0D
:102D500079E99309A401D68541464E8597D0FD1F98
:102D6000E780605C85472305F400834734009305C2
:102D7000C4004E8593E72700A305F400EFA0CFA57C
:102D80009384A40241468145268597D0FD1FE780A4
:102D9000405B49ED9307A402A6853E854146BE846B
:102DA00097D0FD1FE780205885472309F40083470B
:102DB000340093054401268593E72700A309F40016
:102DC000EFA08FA1A3000400832549032285EFF023
:102DD0003FEA63100A062320890C232E040283474E
:102DE000C90B01458507230EF90AF2406244D2441B
:102DF0004249B249224A924A05618280034734001F
:102E000083C734006305F700228A405C01B741465E
:102E1000CE851305440097D0FD1FE780E04BE315F6
:102E200055FF4945D9B72305040099BF230904007C
:102E300051BF232E8A0255B7011126CAB72400209C
:102E4000938784C822CC03A4070C4AC806CE4EC67A
:102E5000938484C87D5901ECF240624423A0040CA1
:102E6000238E040A4249D244B24905618280034557
:102E70000400EFB0CEEF8329C40323002401228590
:102E800097D0FD1FE780402A4E84F1B7B727002076
:102E9000938787C8238E070A23A0070C6FA08F9DF6
:102EA00001114EC606CE22CC26CA4AC8EFD03FAD8D
:102EB000AA893DC9EFD03F9F2A84630B050E930773
:102EC00010112315F500930700FB2307F5003729A0
:102ED000002085472308F500930709AD83D7070134
:102EE00013074010130909ADA5073E85C207C1832A
:102EF0006374F7001305401013170501418393070E
:102F000000046374F700130500044205930530259F
:102F1000418197D0FD1FE780E0122328A41009ED1E
:102F200003558400EFD0BFB4F24062444E85D244D2
:102F30004249B24905618280B727002083A787DE16
:102F4000B7240020938484C8232AF41083A7440D57
:102F500003A7040D2285232EF40E2326F41083D715
:102F6000A403232CE40E2324E4102312F414FD57AD
:102F70002310F4042313F4022314F4028347E4021D
:102F80002313041493E707FC2307F4028567938750
:102F900087BB2315F404EFC08FC903454901230102
:102FA000A414EF104077A301A41423940400ADBF30
:102FB00085499DBF01114AC837290020930789C858
:102FC00006CE22CC26CA4EC652C42A8403C5370078
:102FD00083450403372A0020A307A402EFB05EAAAA
:102FE000130ACAB103588A008357A4039306003218
:102FF000B72900203307F802232AA408130989C837
:103000003356D7023377D7029306204E2326C408BF
:1030100037460F00130606243307D702B387D702BB
:1030200033470703B3D7A7022310E402138709AD80
:1030300083446701938909ADBE94835784039384C5
:10304000C417C2048507B387D702C1808146231203
:103050009408858FB3B5070333850703EF90A073FA
:103060008327840883264A00AA9733B5A7002E95A4
:1030700001E53E8763E4D7003387D7408347740375
:103080002328E4081307204EB387E702860422852D
:10309000BE9423119408EFC00F842285EFC00FB3B4
:1030A0008355E40322859205F915C205C181EFB06D
:1030B000DFFE2285EFD05FAAB727002083A7C7DAFB
:1030C000232E8908898B91CF83A7090399CB832568
:1030D00084093545829783A709038325C4093945A7
:1030E0008297228562442317090023280900F240B1
:1030F000D2444249B249224A05616FC03F86035714
:10310000050889468357450863F3E6000947B397E6
:10311000E7002313F5086FB09EA5011122CC26CA43
:103120004AC806CE4EC683476503034735012A8445
:103130008507230BF502372900208347C500B724F4
:1031400000206313074883461501BD9B93E73700B2
:10315000130700042306F50093978601A30D0500CD
:10316000A309E500E18763D9070093F6F607A308F2
:10317000D500EFF00FB539A80327850A937727000C
:10318000BDC783270510759B2324E50A918BA9CF22
:10319000EFD0DFC90347B40185476310F7068327E3
:1031A00084110347C400DC432380E7008327841194
:1031B00003475401DC43A380E700032784118327DE
:1031C000C9DE5843B8DF83A704DCB7068000984304
:1031D000558F98C3D857719BD8D7F2406244D244D8
:1031E0004249B24905618280EFD0FFC165B793774C
:1031F00017008DC7799B2324E50A83270411034711
:10320000C4002380E7008327041103475401A380EF
:10321000E7008327C9DE032704116DB78347050143
:103220008549639137133DC79377070199C73D9B44
:103230002324E50AEFD05FEBB1BF9377070281CB80
:103240001377F7FD2324E50AEFD0DFFEA1B79377CC
:10325000070481CB1377F7FB2324E50AEFD09FC245
:1032600015BF9377070889CB1377F7F72324E50A6F
:103270002285EFE03FB839BF9377072089CB1377DA
:10328000F7DF2324E50A2285EFD0FFD221B72324DC
:10329000050AA5B78327450A6381071E13F70704AC
:1032A00001CB93F7F7FB2322F50AEFD0FFADDDB595
:1032B00013F7071001CB93F7F7EF2322F50AEFD0AE
:1032C000BFE7C9BD13F7072011CBCD8ACDE293F735
:1032D000F7DF2322F50AEFD03FEB6DBD13F7074070
:1032E00001CB93F7F7BF2322F50AEFD0DFB65DB528
:1032F00013974701635B07007D771307F77FF98F0B
:103300002322F50AEFD0BFB971B513973701635C7B
:103310000700CD8AA9EE7D777D17F98F2322F50A64
:10332000EFD0DFC085BD13971701635A070071778F
:103330007D17F98F2322F50AEFD01FD1A1BD2322DB
:10334000050A65BD8DC7130780036388E72063679F
:10335000F70C130770026386E71E6364F704754772
:103360006381E71E6367F7006D476386E71C22856C
:1033700009B5130710026385E71E13075002E3988F
:10338000E7FE83270510918B638007208D47230676
:10339000F502EFD0BFA983471401DD9BA308F40019
:1033A0009DA21307E0026384E71E636FF702130711
:1033B000A002E39EE7FAEFD07F948347D40491CB39
:1033C00041469305C40A1305C40C97D0FD1FE7803E
:1033D00020E58347C4042326040E2328040E93E724
:1033E00017002306F4047DB313071003E384E7E416
:1033F00013076003E39DE7F697D0FD1FE780A02F3A
:10340000E30A05D88547A306F4042285EFD0BF95CB
:103410008347C404F99B2306F404ADBB1307B0042F
:10342000638FE718636CF702130710046385E70CDA
:10343000E37FF7F29387B7FB93F7F70F8549E3E84C
:10344000F9F2EFF00F888327040A230834012311CF
:10345000040693E747002320F40A2DBB13076005F9
:10346000E383E7E26362F70213071005E382E7E014
:1034700013075005E39DE7EE228597D0FD1FE780F7
:103480008027E30905D0E5B513078005E386E7FE4D
:103490001307A005E39DE7EC0347A51401CF0346FE
:1034A00065148547B397C7006386E70093E6060176
:1034B000A308D5000347B41411CF8346741485477D
:1034C000B397D7006388E7008347140193E70701A8
:1034D000A308F4008347E40199CB83471401C18B0F
:1034E00099E78327040A93E707202320F40A22851B
:1034F000EFE03FFD09A88347B5028DC705476398F4
:10350000E700EFD03FD385472308F40061B183275C
:103510000510918BB5C7BD472306F4022285EFD075
:10352000FF90D5B7EFE0FFF98327040A93E7270060
:103530002320F40AC9BFEFD04FF9D947230AF40476
:1035400091B92285EFE0FFF78327040A93E717007C
:103550002320F40A2308040035B9EFE09FF6DDBF0D
:1035600083278510858B81C7EFD09FB225B1E947AE
:10357000A305F50283270510918B99C38D4769BF79
:103580002285EFD05F8841B7EFD0FF8729B5834709
:10359000C5042322050E2324050E93E727002306E6
:1035A000F504EFD0CFF783471401A3050402DD9B98
:1035B000A308F4008327040A93E7070195BFEFD01F
:1035C0007F8C23083401F9B637270020130787C8FA
:1035D0008356070185062318D70003278511E30BBF
:1035E00007BA93E707012306F5006DB679714AD053
:1035F00037290020930789C822D403A487094ECE17
:1036000052CC56CA5AC8B7290020372A0020B72AF8
:10361000002037DB020026D25EC606D662C466C230
:103620006AC0814B130989C8938449DC130ACAB163
:10363000938A0AAD130B8BDB8347E4001307000D5D
:103640006390E722372C00208327CCDE98430D8B34
:103650000DC737270020230107ACB84B1377F78F2E
:10366000B8CB98431367870098C39C438D83858BA1
:1036700089C7010001000100010097D0FD1FE7800C
:1036800060348347C404858B89C7A2850545EF0054
:10369000F06E372D002003270DDCB72C00205C577F
:1036A000F19B93E717005CD7B727002083A687E438
:1036B00083A70CE46382061403466413B29683C6A0
:1036C0000600505737050082939586017D1593F6C5
:1036D000F603E606698ED18E54D7E1859306A003E2
:1036E00063DFB610F44F37060007D18EF4CF83277F
:1036F00084091CC78327C4095CC30327CCDE5C4351
:1037000093E717005CC38355C41895470356E41824
:10371000910503457414A383F400C205930710FDBB
:103720002307F400C181930700FC2382F9DCEF102A
:10373000A01603467414854683572408035764086B
:103740006319D60E938757030326CCDE0607BA9774
:10375000544601777D17758F58C60F100000032758
:10376000CCDE37060200860710C7130600F8238256
:10377000C4007CD354C70326CCDEA3820400854753
:10378000A38004001CC28346C40483270DDC03A766
:103790000CE4858AD5C29443B705330093F6F6CF7F
:1037A00094C3944393F6F6CF93E6062094C314474C
:1037B000CD8E14C7B70603009386861734CA5457B4
:1037C000F59A54D78346641313F6F607944393F699
:1037D00006F8D18E94C35C4393F7F7EF5CC3010006
:1037E000010003A70CE45C4393E707105CC397E078
:1037F000FD1FE78020BA89B583462414D9B5930606
:10380000200263DAB600F44F370600F97D16F18E18
:1038100037060005D9BDB70600F91386F6FFF44F49
:103820006945F18E37060003E341B5EC3706000128
:103830006DBD9387970409BF9443B705330093F692
:10384000F6CF94C3944393F6F6CF93E6062094C341
:103850001447CD8E14C7B706030093868615B9BFEB
:103860001307100D639FE75683C749DC858B638080
:10387000074C83C749DCE207E18763D4070C834721
:10388000F40003CC6A0193F7070285C38357A403AE
:103890001307204EB387E70203274409B3D7E70293
:1038A00013070C05BA972312F40803554408035D67
:1038B0008A0037460F0013059504B325A5038146FA
:1038C0001306062483ACC4013305AD02EF80B06C4F
:1038D0000327C40883264A003305A7403307950110
:1038E000BA856364A7006364D700B305D740032794
:1038F00004096362B71603566408835724080D8FC2
:1039000013151600AA97B387A70337450F001308AE
:10391000F52313050524C297B3D7A7026366F70002
:10392000B387F64063F4E7002328B408420C9357AA
:103930001600135C0C0163E287132313F4082310B1
:1039400004088345C4040325441193062403130685
:103950004403858997E0FD1FE78000A78347440360
:10396000034769042383A400998F230AF40283C7C1
:103970006400858B6396072A8347A40293E7270098
:103980002305F40283C749DCE207E18763D307021A
:103990008347641313D7370093F677002297854740
:1039A000B397D7008346071393C7F7FFF58F230814
:1039B000F7128347F400898BE9C32285EFB0FFA794
:1039C0004DED8347F400A309040093E74700A307E4
:1039D000F400832784118DCF0347B40115CB03C7AF
:1039E0009700058B15E703D7A700C843136707F0B7
:1039F0002395E70097C0FD1FE780007383574404B9
:103A000085072312F404832784119C43232CF4108C
:103A10008347540181CB8347C404898B81C72285A6
:103A2000EFB0BFA68347040113072002639AE702A1
:103A30008327040AA305040293E787002320F40ADE
:103A40008347140193E78700A308F400930740021B
:103A50002308F4001DA0369779BD23138409C5B54A
:103A600013070006639BE70A85472308F400834792
:103A7000A40293E717002305F40283C76400898B2F
:103A8000E5C78347C404858BE5C383479401850755
:103A9000A30CF4008347F40013F7270029E393E70E
:103AA0002700A307F400930700F8230EF4008357C0
:103AB000A4031307204EB387E70203274409B3D7B3
:103AC000E70203C76A0113070705BA97C207C18354
:103AD0002312F40886072311F408232E09082285EF
:103AE000238209DCEFF06FE383455401034564143E
:103AF0009105EF00F04F83475401638A071E834707
:103B0000C404898B6385071EA2850145EF00501F01
:103B100063030512EF0090666DA413077006639BA4
:103B2000E702B727002003A707DC3C57ED9B3CD7F3
:103B3000238504003717004083578701C607C583D4
:103B4000231CF7008347C40093F7F7FD2306F40016
:103B50008547FDBD7147E392E7F28327040A93E7A7
:103B600017002320F40A11BF2285EFB09F8F1DF1AB
:103B7000A30C04002285EFB05F8883471401A18B5A
:103B800085CF834764018DCB83477401094793F741
:103B9000B70F6383E7029307D003230AF404930764
:103BA00070022308F4008347C404858BE38407EE86
:103BB0002285EFB09F92F9BD8347D4000D476393F0
:103BC000E70483477401130780026373F702834796
:103BD00074011D476384E702A306F4028327840A65
:103BE000228593E717002324F40AEFD06F9539A0BC
:103BF0008A07DA979C432285829771F9834764018B
:103C0000DDF349BD99CB83476401E38507E822854D
:103C100097D0FD1FE78000C1AA8BE39D0BE6F9BF9B
:103C2000834784018507230CF4008357E900850747
:103C30002317F90085B5B727002003A707DCB706CF
:103C400033001C4393F7F7CF1CC31C4393F7F7CF04
:103C500093E707201CC3B727002003A707E41C47EE
:103C6000D58F1CC7B727002003A7C7DEB7070300FF
:103C7000938787273CCBB727002083A707DCB706AD
:103C800080009843558F98C3D857719BD8D7930716
:103C900020FD2307F4008347CA00E39A07B4832773
:103CA0000412E38607B40347F400058BE30107B46D
:103CB000D44303C6C70083C5870003558400890623
:103CC000EF505011E31505B28327041203D7A70064
:103CD000136707F02395E7009C432320F4128357D2
:103CE0002404E38607B0FD172311F40409B6B727AF
:103CF000002003A707DCB70633001C4393F7F7CF78
:103D00001CC31C4393F7F7CF93E707201CC3B727C7
:103D1000002003A707E41C47D58F1CC7B727002046
:103D200003A7C7DEB707030093878725A1B7B72787
:103D3000002083A7C7DEFC53E3900790938749DCFC
:103D400023820700EF00904383C749DC2285E20706
:103D5000E18763DA071CEFF08FBA83572901035715
:103D600004048507C207C1832319F90039CB9306E0
:103D700040063377D70231E7372700200327C7DA19
:103D8000098B05CFB7240020938404AD985815C73C
:103D9000835509012545C205DD8D02979C58835541
:103DA000E900294582979C58831524032D45829765
:103DB0009C58830544033145829723170900232823
:103DC000090022852254B25092540259F249624AA3
:103DD000D24A424BB24B224C924C024D45616FB0DD
:103DE0007FBE1307200DE397E7D283C71400858BAE
:103DF000638E07128327040AA38004001397270108
:103E0000634A070E228597D0FD1FE78060AF854784
:103E10006312F50E8355C4180356E4180345741451
:103E20009105C205C181EF0030278347C404372CB8
:103E30000020B72C0020858B372D0020BDCFA28518
:103E400005452D2F03A70CDCB70633001C4393F761
:103E5000F7CF1CC31C4393F7F7CF93E707201CC38E
:103E600003270DE41C47D58F1CC70327CCDEB707FB
:103E70000300938787173CCB0327CCDE930710FD05
:103E80002307F40054478177FD17F58F5CC70F10A7
:103E900000000327CCDEB70702001CC7930700F819
:103EA0002382F40083A70CDC9C439D83858BA1C3F4
:103EB000930760197CD354C71DBA03A70CDCB7065F
:103EC00033001C4393F7F7CF1CC31C4393F7F7CF82
:103ED00093E707201CC303270DE41C47D58F1CC79D
:103EE000B70703000327CCDE9387871569B79307CD
:103EF000E01BC9B7EF0090288347940185C793F76B
:103F0000070F81CB9305D0032285EFB09FBBA3059C
:103F1000A402B727002083A707B089C795451305DA
:103F2000500882972285EFB07FF761BDB727002048
:103F300083A7C7DEFC53639107F023820400EF00E0
:103F4000F023CDB7411106C6EFB0EF82B7270020AE
:103F500037370200938787C8130707EA23A6E70AC3
:103F600037370200130747FB23A8E70AB240B737E9
:103F70000200372700209387C75E232CF7DA410120
:103F80008280011122CC37240020930784C826CADE
:103F900083A4870B4AC84EC652C456C206CE2A898D
:103FA0008149130484C8130A2500854AA9E49305AE
:103FB0007025314597C0FD1FE780C008AA840145E0
:103FC000B9CC83471900194693052900A380F40052
:103FD0001385240097C0FD1FE78080248327840B6E
:103FE000A1EB232C940A23A404008347440B8507E8
:103FF000230AF40A25A003C71400834719006305A8
:10400000F700A68984445DB71946D285138524003C
:1040100097C0FD1FE780402CE31555FF0545F24092
:104020006244D2444249B249224A924A056182809E
:10403000E38B09FA23A499007DB7011126CAB7249E
:104040000020938784C822CC03A4870B4AC84EC69D
:1040500052C456C206CEAA890149938484C8130A61
:104060002500854A19E80145F2406244D24442499C
:10407000B249224A924A056182800347140083C7ED
:1040800019006305F70022890044E9BF1946D2856B
:104090001305240097C0FD1FE7800024E31555FF9A
:1040A0001C446315090023ACF40A19A02324F90069
:1040B000228597C0FD1FE780200783C7440B054575
:1040C000FD17238AF40A4DB7411122C4372400207A
:1040D000930784C803A5870B06C626C2130484C8A9
:1040E00011E9232C040A230A040AB2402244924410
:1040F00041018280044597C0FD1FE780E0022685CC
:10410000C5B7B7270020938787C823AC070A238A3F
:10411000070A8280372700208327C7DB9306001019
:1041200094C301000100010001008327C7DB23A025
:1041300007008346150003482500A2064208C296E0
:1041400003480500C296034835006208C29694D71A
:104150008346550003486500A2064208C2960348FC
:104160004500C296034875006208C296D4D78346BC
:1041700095000348A500A2064208C29603488500A0
:10418000C2960348B5006208C29694DB8346D50008
:104190000348E500A2064208C2960348C50003454D
:1041A000F500C2966205AA96D4DB83C6150003C546
:1041B0002500A2064205AA9603C50500AA9603C5D6
:1041C00035006205AA9694CF83C6550003C56500E5
:1041D000A2064205AA9603C54500AA9603C5750026
:1041E0006205AA96D4CF83C6950003C5A500A20692
:1041F0004205AA9603C58500AA9603C5B5006205C7
:10420000AA9694D383C6D50003C5E500A20642054D
:10421000AA9603C5C50083C5F500AA96E205AE9629
:10422000D4D3D443F59AD4C3D44393E61600D4C36D
:10423000944393E6160094C3BA8783A6C7DBD8429B
:10424000058B59E7984E01452300E60003A7C7DB1D
:10425000184F2183A300E60003A7C7DB184F418353
:104260002301E60003A7C7DB184F6183A301E60023
:1042700083A7C7DBD84F2302E600D84F2183A302D0
:10428000E600D84F41832303E600D84F6183A303A0
:10429000E60098532304E60098532183A304E60024
:1042A000985341832305E60098536183A305E600F4
:1042B000D8532306E600D8532183A306E600D8533B
:1042C00041832307E600DC53E183A307F6008280E5
:1042D0000100A5B7372700208327C7DB930600100E
:1042E00094C301000100010001008327C7DB894658
:1042F00094C38346150003482500A2064208C296CF
:1043000003480500C296034835006208C29694D758
:104310008346550003486500A2064208C29603483A
:104320004500C296034875006208C296D4D78346FA
:1043300095000348A500A2064208C29603488500DE
:10434000C2960348B5006208C29694DB8346D50046
:104350000348E500A2064208C2960348C50003458B
:10436000F500C2966205AA96D4DB83C6150003C584
:104370002500A2064205AA9603C50500AA9603C514
:1043800035006205AA9694CF83C6550003C5650023
:10439000A2064205AA9603C54500AA9603C5750064
:1043A0006205AA96D4CF83C6950003C5A500A206D0
:1043B0004205AA9603C58500AA9603C5B500620505
:1043C000AA9694D383C6D50003C5E500A20642058C
:1043D000AA9603C5C50083C5F500AA96E205AE9668
:1043E000D4D3D443F59AD4C3D44393E61600D4C3AC
:1043F000944393E6160094C3BA8703A7C7DB5443DC
:10440000858AC9EA23200700184F01452300E600EA
:1044100003A7C7DB184F2183A300E60003A7C7DB70
:10442000184F41832301E60003A7C7DB184F6183C0
:10443000A301E60083A7C7DBD84F2302E600D84FCD
:104440002183A302E600D84F41832303E600D84F1F
:104450006183A303E60098532304E6009853218365
:10446000A304E600985341832305E6009853618333
:10447000A305E600D8532306E600D8532183A306FC
:10448000E600D85341832307E600DC53E183A3070A
:10449000F6008280010095B7011122CC2A843545AF
:1044A00006CE2EC632C4B12BB727002003A7C7DE25
:1044B00022853C4B93E707083CCB2246B245EFF000
:1044C0007FC5F2406244014505618280011122CC22
:1044D0002A84354506CE2EC632C42523B7270020B0
:1044E00003A7C7DE22853C4B93E707083CCB224657
:1044F000B245EFF03FDEF240624401450561828043
:10450000B727002003A7C7DE3C4B93E707083CCB47
:104510000100010001000100B727002083A7C7DBCD
:1045200003A7450E16051365050888C398CB03A796
:10453000850E0145D8CB03A7C50B98CF03A7050C63
:10454000D8CF03A7450C98D303A7850CD8D303A7CE
:10455000C50C98D703A7050DD8D703A7450D98DB41
:1045600003A7850DD8DB03A7C50D98C703A7050EC4
:10457000D8C798431367070498C38280B7270020E1
:1045800003A7C7DE3C4B93E707083CCB01000100C3
:1045900001000100B727002083A7C7DB03A7C50ED2
:1045A00016051365050888C398CB03A7050F0145B9
:1045B000D8CB03A7C50B98CF03A7050CD8CF03A76B
:1045C000450C98D303A7850CD8D303A7C50C98D75F
:1045D00003A7050DD8D703A7450D98DB03A7850DC5
:1045E000D8DB03A7C50D98C703A7050ED8C7984306
:1045F0001367070498C3B7270020938747DC130786
:1046000000F82383E7008280B727002083A707DC18
:10461000885B3D81620561858280B727002083A782
:1046200007DCB7068000B70500829843FD15558F5B
:1046300098C31307F00F98DF13070005D8DBD8578E
:10464000B7060080558FD8D737270020034747AEDD
:10465000D457131687011377F703ED8E6607558F2E
:10466000D8D76186372700209306A003032707E4E5
:1046700063DCC600744F37060007D18E74CF37074E
:1046800002001307C72099A09306200263DAC60030
:10469000744F370600F97D16F18E37060005F1BF1D
:1046A000B70600F99385F6FF744F6945ED8E6355A3
:1046B000C50037060003D1B7B7050001CD8E74CF12
:1046C000E35F06FA3707020013070721D8DF984B8C
:1046D000137707FC1367E70098CB37E700E0D14773
:1046E000A309F704B71700209387872193E71700E2
:1046F0007CD78280B727002083A707DC9C5BC60796
:1047000013D5670163D60700136505C042054181D3
:1047100042054185828093178501E18763C80706BA
:104720001377050499472DE31307A0039147636DA1
:10473000A7041307A0028D476368A704130720028C
:1047400089476363A70469478547636FA702514799
:104750008147636BA7024947FD576367A702394743
:10476000F5576363A7022947ED57636FA700194701
:10477000E157636BA7001147D9576367A700094743
:10478000B1576373A700C5573E858280A547EDBF2B
:10479000B557634DF50449578D476347E5045D57A9
:1047A00095476343E50465579D47634FE50271579D
:1047B000AD47634BE5027957BD476347E502CD47F7
:1047C00063440502D5470DC10547ED47630EE5007B
:1047D0000947930730026309E5000D479307B003CB
:1047E0006314E5009307B0023E8582808547EDBFE4
:1047F000B727002083A7879D99CB944BD04B984235
:10480000518F98C294439C479842D98F9CC2B72736
:10481000002003A707DCB7270020938747DC83C667
:10482000A7003728002085489386E6090326C8DEBE
:10483000631D150308431365050808C3484601773F
:104840007D17698F58C60F1000000327C8DE370692
:104850000200AD0510C7130600F82382C7008A05C1
:10486000B69586056CD348C7828008431375F5F763
:1048700008C3484601777D17698F58C60F1000009E
:104880000327C8DE37060200A90510C7130600F883
:104890002382C7008E05E9B7B727002083A7879D2D
:1048A00089CFD44303A8870098423367070198C291
:1048B000D447DC4B9842D98F9CC2B72700203727BA
:1048C0000020854683A707DC9505130747DC63189E
:1048D000D50294438E0593E6060894C3944F93F64D
:1048E00006C093E6A61394CF93068007A389D7004A
:1048F0009385C5030CCB19C2060610CB8280944366
:10490000920593F6F6F794C3944F93F606C093E698
:10491000261394CF9306F007A389D700D1BFB727FA
:104920000020138747DC8346870021476397E6040E
:1049300037270020034707DF411122C4138447DCD7
:10494000B727002006C6938707E1058B03C637000B
:1049500083C6270005C3C84311CD8345150009054B
:10496000EF00F07001C58547A304F400B240224473
:104970004101828081450145E5B7828037270020CB
:104980008327C7DEB44B93F6F68FB4CB944393E6FC
:10499000860094C39C438D83858B89C701000100E9
:1049A00001000100B727002083A607DC9C4293F793
:1049B000F7CF93E707109CC2B727002003A607E4B0
:1049C000B706CEFFFD161C46F58F1CC68327C7DE33
:1049D00037070300B8CBB727002083A7879D99CB63
:1049E000D44390479842518F98C2944BDC4B9842E5
:1049F000D98F9CC2B7270020938747DCA383070089
:104A00008280B727002083A7C7DE9C438D8BF9CF18
:104A10004111B7E700E04AC003A9070026C23707E3
:104A2000200006C622C4AA843379E90023A0E7182F
:104A30000F10000037240020930744DC83C7770061
:104A40000D47130444DC631AF700B727002083A73F
:104A500007E0014681454545829719476394E40480
:104A60008347940099C78347840063949700A30405
:104A700004008347740021476316F70093078010F2
:104A80002314F400B7270020238107ACEFF01FEFB9
:104A9000B2402244B7E700E023A027119244024924
:104AA000410182809D47639BF40083479400F1D3CA
:104AB000034784008D47E31EF7FA55BF8346740011
:104AC000630BD700034774006387E70083477400D4
:104AD0002147E319F7FA83479400CDF78347740021
:104AE0002304F4008547A304F40069BF8280011108
:104AF00022CC2A8411452EC632C436C206CEEFF02F
:104B00005FF0B727002083A707DCB7083300D8572A
:104B1000719B13671700D8D7372700200325C7DEFE
:104B20001307800778D198431377F7CF98C398433A
:104B30001377F7CF1367072098C337270020032781
:104B400007E4B245924603288700224633681801DD
:104B500023240701370803001308882523280505A7
:104B6000C1CD4C5713640404F5994CD71377F4075F
:104B70008043137404F8598C3747767180C3130748
:104B8000971298C7375755001307575537240020F9
:104B9000D8C3930744DC9853B685130444DC38DD4E
:104BA00023810700A3810700238207005841799BD6
:104BB00058C111470145A383E70097D0FD1FE78047
:104BC000E089B727002003A7879D11C754431847E2
:104BD0009C42D98F9CC283473400858B91CBB727E9
:104BE0000020938787C803D7870005072394E70031
:104BF000F2406244056182804C57F5994CD7137797
:104C0000F4078043137404F8598C37C7898E80C326
:104C1000130767EDBDB7B727002023ACA79C19C9C0
:104C2000584154491C43D58F1CC3184914451C4393
:104C3000D58F1CC38280011126CA4AC84EC6C164E2
:104C40003709006AB70900AC22CC52C406CE05442D
:104C5000FD141309690E9389E90C130A000205E497
:104C60009305000F4145EF901EEAB7B7006A420571
:104C7000938767CE5D8DF2406244D2444249B24987
:104C8000224A05618280A6850145EF901EEA9317AE
:104C9000850013F7071033E5270119C333E5370102
:104CA00081470147E145B356F50085073356F500C6
:104CB000858A058A6307D60005071377F70F63E433
:104CC000E504E39247FF81471306F003ED463357AF
:104CD000F5001377F70305CB6307C7028507E39851
:104CE000D7FE135785009377F50F1377F70FE394EB
:104CF000E7F8135705011377F70FE39EE7F613570D
:104D00008501E39AE7F605041374F40F89BF0111D6
:104D100022CC37240020130444DC8347740006CEE1
:104D200026CA4AC84EC652C411476305F70AB727B8
:104D3000002003A7C7DBB7C7004093870730631B7A
:104D4000F7083545EFF0FFCB372A0020052AEF1092
:104D5000F022EFF09F8C83270ADCB7290020B706EA
:104D60003300984337290020B7040300136707086E
:104D700098C398431377F7CF98C398431377F7CF27
:104D80001367072098C303A709E41C47D58F1CC7E6
:104D90008327C9DE13878455B8CBEF105043EF202B
:104DA0005017EF10F028EF10F03103270ADC1C43F6
:104DB00093F7F7CF93E707101CC383A609E43707DF
:104DC000CEFF7D179C46F98F9CC68327C9DEA4CBF6
:104DD000A3030400F2406244D2444249B249224A49
:104DE00005618280B7C700409386073037270020CF
:104DF000232ED7DA93860720372700204111232658
:104E0000D7DE37270020B7D6004022C42320D7E4BE
:104E1000938707103727002037240020130444DC31
:104E20002320F7DC8547A303F400B727002083A7DE
:104E300007AD3727002006C65CD0938707111CD02A
:104E4000B71700209387E721232EF79CEFF03FEC64
:104E5000B7E700E0A305040003C75741136707083D
:104E6000A38AE740B24037071000224423A0E7108E
:104E70003707200023A0E710410182803727002058
:104E8000030747AEB727002083A7C7DE635907048F
:104E900013074008D8CBF8C313076007D8CFF8C76B
:104EA0009306C008D4D31307E006D8D7D4DBD8DFE5
:104EB000130780072393E700F84BB7060080558F50
:104EC000F8CB5147F8CB37270020032787DEF8DFE0
:104ED0007D5798C737071F003D07D8C78280130743
:104EE000C0084DBFB72700203725002003A707E4DF
:104EF000130605DFB727002083A607DC83471600CB
:104F000013F8F707D9C55C429042137606F833666A
:104F1000060190C213F6150001CA93F50503414638
:104F20006386C506938787C150574168130808A058
:104F30001366260050D733D60703B70810FEFD18B6
:104F4000B3F707037D8A9315460170433376160144
:104F50004D8E70C31306A00FB705FCFFAA07B3D789
:104F6000C70270436D8EBA07B983D18F7CC3834764
:104F700005DF898B99CB9C4293F7F70713E707046A
:104F80009C4293F707F8D98F9CC28280938707834E
:104F900061BF5C57F59B5CD79C4293F707F8B3E77A
:104FA00007019CC2E9B74111B727002006C6238F2D
:104FB00007E0EFF0BF9CB240014541018280411102
:104FC00022C437240020130444DC8347340006C67F
:104FD000858B95C3EFF03FFDB727002003A307E0C3
:104FE000A301040023020400014681450545224433
:104FF000B24041010283B727002083A7C7DEFC53DC
:1050000089EFEFF05FFAB72700202302040003A323
:1050100007E0014681454545D9BF834774000D47E8
:105020006317F700B727002005472381E7ACB2409C
:10503000224441018280411126C2B724002022C4AB
:105040004AC006C6138444DC834724003729002065
:10505000858BEDC7B727002003A707E4938444DCC2
:10506000238104005C5737240020034504DF858337
:10507000858B130404DFB1CB504093760503C14503
:10508000930786C16394B60093070683C165938531
:1050900005A0B3D6B702370810FE7D18B3F7B702E4
:1050A000FD8A139646017443B3F60601D18E74C38C
:1050B0009306A00F3706FCFFAA07B3D7D7027443A5
:1050C000F18EBA07B983D58F7CC38345C40111859E
:1050D00001460D89EFF04FFC375502001305C51747
:1050E000EF906EE80327C9DE8177FD175447F58FEF
:1050F0005CC70F1000000327C9DEB70702001CC7FA
:10510000930700F82382F400B727002083A707DC69
:105110009C439D83858B85C39307601903230401FA
:105120007CD354C70146814505452244B240924490
:105130000249410102839307E01BCDB78327C9DEF3
:10514000FC5389EFEFF03FE6B7270020230204006D
:1051500003A307E0014681454545C1BF834774006D
:105160000D476317F700B727002005472381E7ACF9
:10517000B24022449244024941018280011122CC72
:105180003724002026CA06CE930444DC83C73400AB
:10519000858BC9CBEFF03FE1130444DC4850A301F9
:1051A0000400814581461306F1002302040097C0E4
:1051B000FD1FE780602193158501B7240020E1855C
:1051C000938404E199ED5C509306F00F03C7070048
:1051D0006309D70083C714006385D7006303F70012
:1051E0008945B7270020038707DF6347070058502A
:1051F0008346F1002300D700938707DF9C4B505074
:1052000093F5F50F0945829783C7C400898B91C731
:1052100003C504018545EF801EE7F2406244D24495
:1052200005618280B727002083A7C7DEFC5391EF7A
:10523000EFF07FD7B727002083A707E02382040081
:105240000146814549458297C9BF83C774000D4710
:10525000E315F7FCB727002005472381E7AC75BFAE
:10526000397126DA5AD05ECE06DE22DC4AD84ED616
:1052700052D456D293070008AA8BAE84328B631A9D
:10528000F602372400203D49130404DF97C0FD1FB8
:10529000E7804048E37CA9FE8347A4019607C11735
:1052A000E3E6A7FEB727002083A7C7DE1307800722
:1052B000F8D3372A002003270ADCB72A00201384FA
:1052C0000ADF5C578145B7290020F19B93E717005F
:1052D0005CD703451400EFF0FFC083270ADCB72535
:1052E00000203706330098431377F7CF98C39843CD
:1052F0001377F7CF1367072098C303A705E4144774
:10530000D18E14C783A6C9DE37060300130686258F
:10531000B0CA104490C75044D0C3DC4293E7170092
:10532000DCC25C4393F7F7EF5CC30100010003A705
:1053300005E437290020372400205C43130444DCB3
:1053400093E707105CC3130709E18347E7001309DC
:1053500009E193E727002307F7009307FBFF93F783
:10536000F70F0547636AF70A08502686DE85230093
:105370006501A3009500090597B0FD1FE78040EA8D
:10538000185083A7C9DE93950401C181B8DF2301BA
:105390000400A30104000D4723020400A303E4005A
:1053A000130700086317EB08F8537DFFB7270020A9
:1053B00083A747AC2EC6829703278900B245636353
:1053C000E506198D1C50B70480000D811387F42F5A
:1053D0006205598D88C303C50ADF11850D89EFF079
:1053E0002FC183270ADC9843458F98C3D857719BF8
:1053F000D8D783A7C9DEA3020400A300040009478D
:1054000098C3F2506254D2544259B259225A925A15
:10541000025BF24B2161828093070008E312FBF6E6
:105420008944B9BFB727002083A707B2998F3E955B
:1054300051BF03C50ADF11850D89EFF06FBB8327CC
:105440000ADCB7068000376502009843130525443F
:10545000558F98C3D857719BD8D7EF90CEB083A7FC
:10546000C9DE23060900A3020400A30004000947C3
:1054700098C38347C90093F7F70FE5DF59B70111C8
:10548000300099451305001006CEEF901E8F0DEDEC
:1054900019469305F00F280097B0FD1FE78060EADA
:1054A00085476303F50219469305F00F280097B06E
:1054B000FD1FE78000DE3000994513050010EF90D6
:1054C0009EB60545EF905EB1F240056182801C49B1
:1054D000638C0714411126C206C622C44AC0834702
:1054E0000500AA8493F7070481C75C410945F9CBFD
:1054F00037290020130600028145130509DF97B004
:10550000FD1FE78000D913060002A685130509DFF9
:1055100097B0FD1FE780C0D0930709DF83C79701CD
:10552000130409DF89E793078002A30CF400834783
:10553000A40181E7A147230DF4008347B40181E76B
:10554000C547A30DF4008347C40181E7ED57230E3F
:10555000F4008347D40181E7ED57A30EF40083C71D
:10556000040093F7070481CF5C4037B7240013078A
:10557000F7E9636FF70493075002A300F400B72420
:105580000020938704E1C843938404E109C597B0E0
:10559000FD1FE78060B9834709DF23A20400858BE4
:1055A00099CB0345D40193059004090597B0FD1FDD
:1055B000E78040A9C8C0834714000145A387F400D1
:1055C0001C44DCC8B240224492440249410182801A
:1055D000370725009306F74863EDF6003767DBFFD2
:1055E00013070793BA971307007DB3D7E702FD1798
:1055F00069B7130707496395E70093076002B5BFD2
:1056000037D725001307F777636DF7003767DBFFA0
:1056100013070793BA971307007DB3D7E702F9176B
:10562000A9BF9307700291BF0545828079714AD066
:1056300037290020930709DF9C4706D622D426D2BB
:105640004ECE52CC56CA5AC85EC662C466C26AC042
:10565000638D072037240020930744DC83C777003D
:1056600015472A8C130444DC0945630DF71A0D45D0
:10567000372B0020AE84B28BB68CEFF08FB8930737
:105680000BE183C7C700130D09DF93090BE1898B79
:105690008DC73D4A97C0FD1FE780C007E37CAAFE87
:1056A0008347AD019607C117E3E6A7FEB7270020A1
:1056B00083A7C7DE13078007F8D3B72A002003A704
:1056C0000ADC5C57F19B93E717005CD783C7C900DE
:1056D000898B99E7834709DF93F7070463920716DD
:1056E00003451D008145EFF0EFFF83A70ADCB725D6
:1056F0000020370633009843372A00201377F7CF6E
:1057000098C398431377F7CF1367072098C303A76D
:1057100005E41447D18E14C78326CADE370603007A
:1057200013068625B0CA03268D0090C70326CD0038
:10573000D0C3834709DF13F61700DC42F99BD18FF2
:10574000DCC25C4393F7F7EF5CC30100010003A7E1
:1057500005E45C4393E707105CC383C7E9002308B3
:105760007BE1A380990193E727002387F900630D6C
:105770000C0C08502686E28523007501A3009500D5
:10578000090597B0FD1FE780A0A91C500327CADEBA
:105790003CDF23010400A3010400230204008D4721
:1057A000A303F40083C7C900898B8DCB7C53FDFF15
:1057B000B727002083A747AC829703A78900636AB5
:1057C000E508198D1C50890493F4F40FA380970009
:1057D0000D81A69723800700A380A700034509DF5A
:1057E000A68511850D89EFF0AF80834709DF858B92
:1057F000A5CB3755020013056503EF80DEF683A7BE
:105800000ADCB706800001459843558F98C3D857E6
:10581000719BD8D78327CADEA3020400A30004002B
:10582000094798C3B250225492540259F249624A2D
:10583000D24A424BB24B224C924C024D456182807F
:10584000894503254D0045B51C50814423A07701AF
:105850002DBFB727002083A707B2998F3E959DB72C
:10586000375502001305E5FB49BF054565BF397192
:10587000B7E700E04ED683A907003707200006DE11
:1058800022DC26DA4AD852D456D25AD05ECE62CC26
:10589000B3F9E90023A0E7180F1000003729002012
:1058A000130709DF184705E323A037110545F25018
:1058B0006254D2544259B259225A925A025BF24B64
:1058C000624C2161828037270020032747D209C715
:1058D00023A037110945E1BF834709DF328C930AC2
:1058E00009DF858BB68B2E86AA84A9CF37240020AA
:1058F000930704E1DC43130404E189EF03C5DA01F3
:105900002EC693059004090597A0FD1FE7808073BC
:10591000324648C05C4099E7B7E700E023A0371162
:105920000D4571B7034724002380E7005C40B9C8E8
:1059300031CAA380C7004840A685090597B0FD1F5E
:10594000E780008E372B002093074BDC83C777005E
:10595000154793044BDC630AF70083C7840019479B
:105960006385E7000D476392E70283C7940089E7E8
:10597000930780102394F400B7E700E023A03711C9
:10598000014535B7A380070075BF372A002083275C
:10599000CADE98430D8B0DC737270020230107ACC3
:1059A000B84B1377F78FB8CB98431367870098C32A
:1059B0009C438D83858B89C7010001000100010094
:1059C0008327CADE370702003724002023A20706F8
:1059D00098C723820400930704E183C7C700130418
:1059E00004E1918B99E7834509DF93F70504639000
:1059F000071003C51A008145EFF0CFCE034509DF3C
:105A000083C5CA01014611850D89EFE0FFE83727FC
:105A10000020832707DC83A68A0094C783A6CA00D8
:105A2000D4C3834709DF8326CADE3A8913F61700F9
:105A3000DC42F99BD18FDCC25C40A30184012301CD
:105A40007401BCDE8347E40093E747002307F400BA
:105A5000930700042302FBDC23820400A147A383F5
:105A6000F400B727002083A787AF81CB034504014B
:105A700013060064C145EF80EEFF8327CADEDC43D6
:105A8000858BADCF37650200130565D6EF80BECD9F
:105A9000032709DCB7260020370633001C4393F7A1
:105AA000F7CF1CC31C4393F7F7CF93E707201CC322
:105AB00083A706E49847518F0326CADE98C73707A5
:105AC00003001307871538CAA3820400A3800400CB
:105AD000054718C2D8431377F7EFD8C30100010078
:105AE00003A706E45C4393E707105CC371B593F525
:105AF000050393E5150003A54A00FDBD37650200C7
:105B0000130565B061B7797122D43724002006D619
:105B100026D24AD04ECE130744DC83471700858B2C
:105B2000638E071E130444DCB7240020A307010082
:105B300083294402A3000400EFF0EFC6938704E139
:105B400083C7C700938404E137290020918B6383C6
:105B5000071683C71900CE9703C7070093070008ED
:105B60006318F700834709DF93E787002308F9DE0E
:105B70005C4C0D476373F70EF1175CCC5C4C98449A
:105B800063E3E70E3387E74083C7190083C6C40089
:105B9000CE9783C71700E206E1868E0763D4060E10
:105BA00063F9E70C1D8F9306000263E8E600584C8A
:105BB0006364F70CB307F7409CC403C5040189452F
:105BC000EF806ECC834709DFA18BE5C3B7270020A8
:105BD00083A6C7DE9307800C1307F00FFCD21C507E
:105BE00037063300014598C323010400B72700207E
:105BF000A301040003A707DC23020400A30204009E
:105C00001C4393F7F7CF1CC31C4393F7F7CF93E7DD
:105C100007201CC3B727002003A707E4834509DF3B
:105C20001C4791858D89D18F1CC7B70703009387C7
:105C30008725BCCA054697C0FD1FE78020828347A1
:105C400009DF83C6240003C63400DD9B2308F9DE88
:105C500081450145EFF0BFC15DA83727002003272C
:105C600007B2BA9711BFB726002083A606B2B6972F
:105C700011BF3387E74005BFB726002083A606B2D1
:105C800036970DBF584C636CF700B307F7409CC4C0
:105C900083C7C40093E707082386F40039BFB726FB
:105CA000002083A606B23697CDB783C71900F9172F
:105CB000A380F9004850814681451306F10097B052
:105CC000FD1FE78060705C50931585019306F00F0F
:105CD00003C70700E185630AD70083C734006386E2
:105CE000D7006304F70093E52500830709DF63C746
:105CF000070089E58347F1002380F900130909DFD4
:105D000083270901505093F5F50F0D458297B25046
:105D1000225492540259F24945618280B7270020EB
:105D200083A7C7DEFC538DE7EFF0EFA7B72700206E
:105D300083A707B089C78545130510088297B72741
:105D40000020938707E183C6270003C6370009B701
:105D5000834777002147E31CF7FAB7270020054760
:105D60002381E7AC6DB7797122D4372400208347B3
:105D700044DC06D626D24AD04ECE52CC858B638BDD
:105D80000722930744DC83A9470281461306F100EA
:105D900081454E85230204DCA307010097B0FD1F57
:105DA000E7808062131A8501B7240020135A8A41C4
:105DB000130444DC938404E163100A0283C73400B3
:105DC0009306F00F638AD700585003470700630516
:105DD000D7006303F700094A37290020830709DF4A
:105DE00063CB0712631B0A128347F1002380F9007B
:105DF00083C7C400918BBDCF5C4C0D476370F71611
:105E0000F1175CCC5C4C984463E0E7163387E740BD
:105E100083C7190083C6C400CE9783C71700E20664
:105E2000E1868E0763D1061663F6E7141D8F93068D
:105E3000000263E8E600584C6361F714B307F740CB
:105E40009CC403C504018945EF80EEA383C71900F4
:105E50003387F90083460700130700086398E614A8
:105E60001C501307F00F98C3834709DF93E787009F
:105E70002308F9DEB727002003A707E45C578583D2
:105E8000858BB1C3930709DFDC43C165938505A00A
:105E9000B3D6B702370510FE7D15B3F7B702FD8AFA
:105EA000139646017443E98ED18E74C39306A00FF6
:105EB0003706FCFFAA07B3D7D7027443F18EBA079F
:105EC000B983D58F7CC3DC40034509DF83C5170048
:105ED00011850D89EFE0DF9137650200130545005C
:105EE000EF807E88B727002083A707DCB7068000F5
:105EF0009843558F98C3D857719BD8D7834709DFEC
:105F0000A18BA9E7130909DF8327090150508145B7
:105F10000D45829725A8E30D0AECEFE03FA6130993
:105F200009DF5050832709010D459375FA0F8297B9
:105F3000C84083C6240003C6340009C58345150044
:105F4000090519A081450145EFF07F92B250225416
:105F500092540259F249624A4561828037270020F3
:105F6000032707B2BA9769BDB726002083A606B2F9
:105F7000B69769BD3387E7405DBDB726002083A68D
:105F800006B2369765BD584C636CF700B307F7400F
:105F90009CC483C7C40093E707082386F40055B563
:105FA000B726002083A606B23697CDB7F917A3808F
:105FB000F900C9B5B727002083A7C7DEFC5395E7D2
:105FC000EFE07FFEB727002083A707B089C7894588
:105FD000130510088297B7270020938707E1C8436D
:105FE00003C6370083C6270089BF130444DC8347F8
:105FF00074002147E31CF7F4B727002005472381ED
:10600000E7ACA9B74111B727002006C622C4938781
:1060100047DC03C71700058B1DC7A3800700EFE00F
:106020009FF8B727002003C707DF3E84218B39E3A1
:10603000938707DF03A307010146814511452244E9
:10604000B24041010283372700200327C7DE78537F
:1060500029EF23820700B727002003C707DF3E840C
:10606000218B09EB938707DF03A3070101468145D5
:106070005145F1B7B7270020938707E1C84303C60E
:10608000370083C6270019CD834515000905EFF0B9
:106090000FFE834704DFDD9B2308F4DEB240224479
:1060A0004101828081450145DDB7B72700200547C2
:1060B0002381E7ACE5B74111B7E700E026C284438E
:1060C0003707200006C622C4F98C23A0E7180F105A
:1060D000000037240020930704E1C843238707000A
:1060E000130404E109C597A0FD1FE780E003B7276B
:1060F0000020138747DC034797002322040093877F
:1061000047DC01CB83C6870021476394E600A38464
:10611000070003C7770099466387E60003C7770047
:106120009D466399E60003C777002384E70005478F
:10613000A384E700EFE09F8403450401B727002014
:10614000C145238107ACEF80AEBBB2402244B7E724
:1061500000E023A097100145924441018280411143
:1061600026C2B724002006C622C44AC0EFF0BFF4FE
:10617000138904E18347F90037240020130404DF66
:10618000A300F4000345090183274901A145938435
:1061900004E11CC4EF80CEB6034509019145EF80B0
:1061A0002EB68347C900898B95C31C48014681459B
:1061B000130520028297224423860400B2409244B1
:1061C00002498945014541016F808ED883C7C400CB
:1061D000918BF5D31C480146814513054002D9BF78
:1061E000797126D2B724002006D622D44AD04ECECA
:1061F00052CC56CA5AC85EC662C4138704E18347AC
:10620000C700898B638F071037240020930744DC75
:1062100083C777008D46130444DC6392F60203457E
:10622000070191452254B25092540259F249624AF0
:10623000D24A424BB24B224C45616F70DEE4354589
:10624000017A938404E1EFE0CFFBA149372B0020D2
:10625000372900207D1AB70B02001306000881457C
:106260000145856AEFE0DFFF130C00F8938A2AF9F5
:1062700083472400858B8DE78327C9DEFC53EDFB24
:10628000FD19E39C09FC2254B25092540259F24980
:10629000624AD24A424BB24B224C45616FF03FEC0E
:1062A00003450BDF01469305F00F11850D8923018E
:1062B0000400EFE06FDE83450BDF1306F00F0545AA
:1062C00091858D8997B0FD1FE78040198347340081
:1062D000858B99CFA3010400EFE0FFCC83C7C400F6
:1062E000854503C5040193E707082386F4001DBF15
:1062F000EFE07FCB8327C9DED847B3764701D4C709
:106300000F1000008327C9DE23A477012302840134
:1063100023A25707D8C78327C9DEFC53B1DF01008A
:10632000DDBFB250225492540259F249624AD24A15
:10633000424BB24B224C45618280411122C406C6B9
:1063400093F715002E84A9C7B7270020938707E18C
:1063500003C7C700098B1DC703C7C70003C50701D3
:106360001306000593178701E18763DA0700B72753
:10637000002003C697E09307000A3306F602914512
:10638000EF705EEF13451400B24022444101828059
:1063900093F72500A1C7B7270020938707E103C71C
:1063A000C700118B0DCB03C7C70003C50701130638
:1063B000000A93178701E18763DC0700B7270020F5
:1063C00003C697E09307000A3306F6021306860217
:1063D000A145EF703EEA134524007DB793F74500D1
:1063E00091C7EFF0FFDF1345440079BF93F78500B5
:1063F00091CFB7270020938707E183C7C700918B10
:1064000099C3EFF0DFD513458400BDBF93F70501B5
:106410000145BDDBEF80AEF5B7270020938747DC51
:1064200083C777002147631BF700B727002003C508
:1064300007E213060064C145EF70DEE31345040173
:10644000A1B7011126CAB7240020938444DC83C776
:1064500024004AC806CE3729002022CC4EC6858BA0
:10646000130909E1638A0718B729002003C509DF6A
:1064700001469305000211850D8923810400EFE098
:10648000AFC183C509DF1306F00F054591858D89DE
:1064900097B0FD1FE78080FC83C73400858B638D38
:1064A0000714C850A3810400814601468145238119
:1064B000040097B0FD1FE78020F1631F0512C05054
:1064C0009547034724006319F712B72500201946A2
:1064D000938585AE1305940097A0FD1FE780C0DF6C
:1064E0008547631BF5109C501947814598C303C528
:1064F00009DF11850D89EFE0AFAF83C509DF0146E4
:106500000D4591858D8997B0FD1FE78020F583C7E4
:106510002400858BF5C3B727002083A747AC2381D0
:10652000040082972324A900EFF0FFB883473401C9
:10653000138709DFA3000700A30CF700834744017A
:10654000A30609008145230DF70083475401938971
:1065500009DF13050002A30DF700834604018347FA
:10656000F400A206DD8E83471401C207DD8E834747
:106570002401E207D58F1CC7834674018347640159
:10658000A206DD8E83478401C207DD8E8347940116
:10659000A3080900E207D58F5CCB8146014733D6BB
:1065A000D700058A09C605071377F70F85458506C5
:1065B000E397A6FE99C1A308E9008347A401372504
:1065C000002093053400238CF900194689471305F0
:1065D000C5E22306F90097A0FD1FE78060C462446E
:1065E00003450901F240D2444249B24913068002F0
:1065F000914505616F701EC8EFE04FB8F2406244EC
:10660000FD572306F900D2444249B2490561828010
:10661000B7270020938607E103C7C600938707E1E9
:106620001377F70F45EF83C6C60037260020130700
:1066300006DF93F6F60FD1EA834606DF93F60604EB
:10664000C9C6B7B7240048C39387F7E963E3A70235
:1066500093075002A300F700B7270020938747DC79
:1066600083C777000D4789456303F70085456FE0D1
:106670007F87B70725009386F74863EDA600B767C5
:10668000DBFF93870793AA979306007DB3D7D702C2
:10669000FD17C9B7938707496315F5009307600293
:1066A00055BFB7D725009387F77763EDA700B76786
:1066B000DBFF93870793AA979306007DB3D7D70292
:1066C000F91749BF9307700271B79376F50FA300CE
:1066D000D700A387D7008145368551BF8280B72771
:1066E0000020938707E183C7C70093F7F70FB1E353
:1066F000B727002003C607DF0547137606041DCA27
:10670000411106C6938707DFC8C3A380B700B72728
:106710000020938747DC83C777000D4789456303D3
:10672000F7008545EFE00FFCB24001473A85410193
:10673000828005473A858280411106C622C4EFE077
:106740006FEA37240020130504E113064002814557
:1067500097A0FD1FE780E0B337650200FD571305E2
:10676000A5332328F4E0EF802E94130404E12308DA
:10677000A400B2402244014541018280B727002095
:1067800083A707E413070048B70600F998D7D85F36
:10679000FD16758FB7060002558FD8DFD85FB70694
:1067A00000400E070D83558FD8DFF84BC576FD16D8
:1067B000419B13679700F8CBD85F758F9566558F0F
:1067C000D8DF985B9D661367077098DB985B558FE1
:1067D00098DB985BB7060700558F98DB985BB70688
:1067E0000090FD16758FB7060010558F98DBF8479F
:1067F000B706F9FFFD16619BF8C7F84F758FF8CF04
:10680000F84FB70690FFFD16758FF8CF3727002099
:10681000034747AE1377070C19C7B847B706008080
:10682000558FB8C78280B84706070583DDBF8280D1
:1068300037270020832707E441767D16B44BF18E7D
:10684000B4CB944737062000D18E94C7D44793E643
:106850000601D4C7D447BD9AD4C701000100010086
:106860000100832607E40566DC4693E70701DCC6E2
:10687000DC42D18FDCC2B727002003A6C7DE930716
:1068800040067CD27C5291C783A7C609A183858B21
:10689000F5DB0100010001000100832707E44166E8
:1068A00003A7C709B44BD18EB4CB9376F701B84B8D
:1068B000019B558FB8CB9847B706E0FFFD16758F43
:1068C00098C78280B727002083A707E441777D1708
:1068D000B44F4166F98EB4CF9447D18E94C7D44754
:1068E00093F6F6EFD4C7D443758FD8C3D44793E655
:1068F0000610D4C7D843518FD8C38280AA8735C920
:1069000083460500194705456396E60603C617004A
:1069100083C6270083C53700372700202300C79E82
:1069200037270020A300D79E372700202302B7E493
:1069300083C5470037270020230AB7E283C55700E5
:1069400037270020A302B7E403C76700B72700205A
:10695000238EE7E23727002011CA89CAB7573412BD
:1069600093878767232CF7E201458280232C07E277
:10697000E5BF0545828031C999472300F500B72757
:10698000002083C7079EA300F500B727002083C718
:10699000179E2301F500B727002083C747E4A30112
:1069A000F500B727002083C747E32302F500B72788
:1069B000002083C757E4A302F500B727002083C750
:1069C000C7E32303F50001458280054582805D71A0
:1069D000A2C437240020832704E4A6C24EDE86C664
:1069E000CAC052DC56DA5AD85ED662D466D26AD0B1
:1069F0006ECED843FD76FD161377F7EFD8C39857C0
:106A0000B72500209385159E758F98D7D857B70660
:106A10000200B72400203D9BD8D798479384049E5A
:106A2000B7290020558F98C7D843B7260020136791
:106A30000701D8C303A686E33757341213078767C5
:106A40002EC6E304E64CD84301791309F90F799B6C
:106A5000D8C3985FB166938606F033772701558FC8
:106A600098DFD84313671700D8C397B0FD1FE7809E
:106A7000E0D4832704E4B24603A707091377F7039A
:106A80002380E40003A7470929831377F7072380AE
:106A9000E600D843B96693860670799BD8C3985FA1
:106AA00033772701558F98DFD84313671700D8C372
:106AB00097B0FD1FE78080D0832704E4B72600202D
:106AC00003A707091377F703A382E6E403A747099F
:106AD000B726002029831377F707238EE6E2D843F1
:106AE000B56693860630799BD8C3985F33772701C4
:106AF000558F98DFD84313671700D8C397B0FD1F91
:106B0000E780C0CB032704E48327070993F7F70343
:106B10002382F9E48327470937270020A98393F7C5
:106B2000F707230AF7E283C749E483C604007D7EA2
:106B30003EC42247832704E4130EFE0F998E03A759
:106B4000070A13F6F60013054002419B518F23A05C
:106B5000E70A130760023387E6021306700283A573
:106B6000070A45737D1393F5F5F013043002B70857
:106B7000F1FFFD18130820023347C702930E1002DD
:106B80007D4FF94FF542F1436D4D514CC944C54B12
:106B90003D49B949B14A2D4B354A3D8B12074D8FBE
:106BA0009305500223A0E70A3387B60283A5070A9C
:106BB000B3F5C5013347C7023D8B22074D8F23A094
:106BC000E70A3387A60283A5070A370500F17D157A
:106BD000B3F565003347C7023D8B32074D8F23A0C5
:106BE000E70A3387860283A5070A6144B3F51501D6
:106BF0003347C7023D8B42074D8F23A0E70A3387F7
:106C0000060383A5070A370810FF7D18B3F50501B1
:106C10003347C7023D8B52074D8F23A0E70A3387C6
:106C2000D60383A5070AB70E0010FD1EE98D334772
:106C3000C7023D8B62074D8F23A0E70A13975600CA
:106C40003347C7029315C70103A7070A3377D70154
:106C50004D8F23A0E70A3387E6035D4F3347C70212
:106C60009375F70003A7470A419B4D8F23A2E70ABC
:106C70003387F60383A5470AD94F93F5F5F03347D9
:106C8000C7023D8B12074D8F23A2E70A33875602B6
:106C900083A5470AD542B3F5C5013347C7023D8BEB
:106CA00022074D8F23A2E70A3387760283A5470A7E
:106CB000CD43B3F565003347C7023D8B32074D8F97
:106CC00023A2E70A3387A60383A5470A294DB3F514
:106CD00015013347C7023D8B42074D8F23A2E70AB8
:106CE00069473387E60283A5470AB3F505013347B1
:106CF000C7023D8B52074D8FE54523A2E70A338734
:106D0000B60283A5470AE98D3347C7023D8B620768
:106D10004D8F23A2E70A338786020D443347C7020B
:106D20009315C70103A7470A3377D7014D8FB38562
:106D3000E60323A2E70A03A7870A254F419BB3C5B1
:106D4000C502BD894D8F23A4E70A3387F60383A5C7
:106D5000870A9D4F93F5F5F03347C7023D8B120725
:106D60004D8F23A4E70A3387560283A5870A9942E9
:106D7000B3F5C5013347C7023D8B22074D8F23A4CE
:106D8000E70A3387860383A5870AB3F5650033478F
:106D9000C7023D8B32074D8F23A4E70A3387760263
:106DA00083A5870A9543B3F515013347C7023D8B89
:106DB00042074D8F23A4E70A3387960283A5870AEB
:106DC000B3F505013347C7023D8B52074D8F23A40E
:106DD000E70A3387760383A5870AE98D3347C7021D
:106DE0003D8B62074D8F93954600B3C5C50223A422
:106DF000E70A03A7870A3377D701F2054D8FB385DA
:106E0000260323A4E70A03A7C70A419BB3C5C5020B
:106E1000BD894D8F23A6E70A3387360383A5C70AAA
:106E200093F5F5F03347C7023D8B12074D8FB3C57D
:106E3000860223A6E70A03A7C70A3377C701BD89DD
:106E4000A2054D8F23A6E70A3387560383A5C70AF9
:106E5000B3F565003347C7023D8B32074D8F23A63C
:106E6000E70A3387660383A5C70AB3F515013347DD
:106E7000C7023D8B42074D8F23A6E70A3387A6033F
:106E800083A5C70AB3F505013347C7023D8B5207F7
:106E90004D8F23A6E70A3387E60383A5C70AE98D4A
:106EA0003347C7023D8B62074D8F93953600B3C5BC
:106EB000C50223A6E70A03A7C70A3377D701F2055D
:106EC0004D8FB385F60323A6E70A03A7070B419B63
:106ED000B3C5C502BD894D8F23A8E70A3387560283
:106EE00083A5070B93F5F5F03347C7023D8B1207D7
:106EF0004D8F23A8E70A3387760283A5070BB3F5E6
:106F0000C5013347C7023D8B22074D8F23A8E70AEF
:106F1000139726003347C70283A5070BB3F5650017
:106F20003D8B32074D8FB3C5460323A8E70A03A75D
:106F3000070B33771701BD89C2054D8F23A8E70AD8
:106F4000139716003347C70283A5070BB3F5050156
:106F50003D8B52074D8FB3C5C60223A8E70A03A78E
:106F6000070B698FBD89E2054D8F23A8E70A03A7A8
:106F7000070B930580023377D70123A8E70A372749
:106F80000020A24C034757E43387EC40B34DB702CF
:106F900083AC470B93FC0CFF334C870393FDFD0040
:106FA000B3ECBC0123AA970B83AC470BF14D93FCC8
:106FB000FCF0137CFC00120C33EC8C0123AA870B31
:106FC000330C870283AC470BB3FCCC01334CBC02BF
:106FD000137CFC00220C33EC8C01B34CA70323AAD6
:106FE000870B03AC470B337C6C0093FCFC00B20CAA
:106FF000336C9C0123AA870B214C334C870383AC51
:10700000470BB3FC1C01137CFC00420C33EC8C01DD
:1070100023AA870B330C570283AC470BB3FC0C013C
:10702000334CBC02137CFC00520C33EC8C0123AAC1
:10703000870B330CF70383AC470BB3FCAC00334C2A
:10704000BC02137CFC00620C33EC8C01B34C770265
:1070500023AA870B03AC470B337CDC01F20C336CA7
:107060009C01B30CE70323AA870B03AC870B137CAB
:107070000CFFB3CCBC02330B670393FCFC00336CF6
:107080009C0123AC870B114C83AC870B93FCFCF069
:10709000334C8703B30A5703137CFC00120C33EC08
:1070A0008C0123AC870B03AC870BF54C337CCC01F4
:1070B000334BBB02330A4703137BFB00220B336BBA
:1070C0006C0123AC670B03AB870B4D4C337B6B0020
:1070D000B3CABA02B309370393FAFA00B20AB36A21
:1070E0005B0123AC570B83AA870B594BB3FA1A01E8
:1070F000334ABA0233092703137AFA00420A33EA01
:107100004A0123AC470B03AA870BDD4A337A0A01F5
:10711000B3C9B9023349B90293F9F900D209B36985
:107120003A0123AC370B83A9870B614AB3F9A90055
:10713000B30B77031379F900620933E92901931935
:10714000470023AC270B03A9870B3379D901B3C9B7
:10715000B902B3049702F2093369390123AC270B52
:1071600003A9C70BE549137909FFB3CBBB02B3C42D
:10717000B40293FBFB00B36B790123AE770B03A939
:10718000C70BD54B1379F9F0BD889204B36499000D
:1071900023AE970AB304870303A9C70B794C33794D
:1071A000C901B3C4B402BD88A204B364990023AE7C
:1071B000970A8944B344970203A9C70B337969003E
:1071C000BD88B204B364990023AE970AB304770371
:1071D00003A9C70BFD4B33791901B3C4B402BD88B1
:1071E000C204B364990023AE970AB304670303A9EA
:1071F000C70B130B100233790901B3C4B402BD8865
:10720000D204B364990023AE970AB304570303A9C9
:10721000C70B930A20023379A900B3C4B402BD8816
:10722000E204B364990023AE970AB304470303A9A9
:10723000C70B130A30023379D901B3C4B402F20484
:10724000B364990023AE970AB304370303A9070C6C
:1072500093094002137909FFB3C4B402BD88B36433
:107260009900694923A0970CB304270303A9070CCD
:107270001379F9F0B3C4B402BD889204B3649900E1
:1072800023A0970CED44B304970203A9070C3379AC
:10729000C901B3C4B402BD88A204B364990023A099
:1072A000970CB304B70303A9070C33796900B3C47F
:1072B000B402BD88B204B364990023A0970CB30450
:1072C000970303A9070C33791901B3C4B402BD882D
:1072D000C204B364990023A0970CB304870303A9E5
:1072E000070C33790901B3C4B402BD88D204B36476
:1072F000990023A0970CB304770303A9070C3379F3
:10730000A900B3C4B402BD88E204B364990023A009
:10731000970C93145700B3C4B4021399C40183A407
:10732000070C3306C702B3F4D401B3E4240123A04D
:10733000970C03A9470C137909FFB3046703B3C47F
:10734000B402BD88B364990023A2970CB304570319
:1073500003A9470C1379F9F0B3C4B402BD889204B1
:10736000B364990023A2970CB304470303A9470C05
:107370003379C901B3C4B402BD88A204B3649900CF
:1073800023A2970CB304370303A9470C3379690090
:10739000B3C4B402BD88B204B364990013095002A7
:1073A00023A2970CB304270303A9470C33791901CF
:1073B000B3C4B402BD88C204B364990023A2970C7D
:1073C00093046002B304970203A9470C33790901BF
:1073D000B3C4B4023346B602BD88D204B364990084
:1073E00023A2970C83A4470CE98C3D8A6206458E44
:1073F00023A2C70C03A6470C9314C7013376D6010A
:10740000458E23A2C70C130690023306C70283A43D
:10741000870CC1983346B6023D8A458E23A4C70C1B
:107420001306A0023306C702B345B60203A6870CB3
:107430001376F6F0BD899205D18D23A4B70C3726BB
:107440000020834546E3372600200346C6E303A910
:10745000870C3386C540B304A6033379C901B3C48E
:10746000E40293E48400BD88A204B364990023A4D9
:10747000970CB304E60303A9870C33796900B3C4FE
:10748000E40293E48400BD88B204B364990023A4A9
:10749000970C93143600B3C4E40203A9870C337924
:1074A000190193E48400BD88C204B364990023A445
:1074B000970CB304F60303A9870C33790901B3C40D
:1074C000E40293E48400BD88D204B364990023A449
:1074D000970CB304560203A9870C3379A900B3C4EF
:1074E000E40293E48400BD88E204B364990023A419
:1074F000970CB304760203A9870C3379D901B3C47E
:10750000E40293E48400F204B364990023A4970C8A
:1075100093142600B3C4E40203A9C70C137909FF2E
:1075200093E48400BD88B364990023A6970CB30448
:10753000860203A9C70C1379F9F0B3C4E40293E4FB
:107540008400BD889204B364990023A6970C931419
:107550001600B3C4E40203A9C70C3379C901334749
:10756000E60293E48400BD88A204B364990023A6D4
:10757000970C03A6C70C33766600136787003D8B14
:107580003207518F23A6E70C03A7C70C33771701E7
:1075900023A6E70C3247034707000D8F3346D70277
:1075A00093F5F507E2053D8A9314460103A6C70C3F
:1075B0003304870233760601458E23A6C70C1316C3
:1075C000170083A4C70CE98C3346D6023D8A6206B5
:1075D000458E23A6C70C03A6C70C3344D402B37E42
:1075E000D60113162700B3037702720433E48E002A
:1075F00023A6870C3346D602B3025702937EF600C9
:1076000003A6070D419A3366D60123A8C70C03A62B
:10761000070DB3C3D3021376F6F0B3C2D20293F3CD
:10762000F3009203B363760023A8770C03A6070D3B
:10763000337EC601B30FF70393F2F200A202B362E6
:107640005E0023A8570C03A6070D337366001316BC
:107650003700B3CFDF02330FE70393FFFF00B20F12
:10766000B36FF30123A8F70D03A3070DB37813013C
:107670003346D602330DA7033D8A420633E6C800DF
:1076800023A8C70C03A6070D33780601334FDF028A
:10769000B346DD02137FFF00520F336FE80123A8CA
:1076A000E70D03A7070D798DBD8AE206C98E23A8D1
:1076B000D70CD84385663D9BD8C3D843799BD8C3A4
:1076C0009857558F98D7D85713670701D8D72247AF
:1076D0009376F703985F137707FC558F98DF985FD1
:1076E000B7060081FD16758FD98D8CDFB640264414
:1076F00096440649F259625AD25A425BB25B225C06
:10770000925C025DF24D6161828023AC06E26FF013
:107710008FC1B727002003A707E45C4393E7071056
:107720005CC38280411106C6EF00F0029305604001
:10773000EF103069B2400145410182806F0070074F
:1077400019C591C509C68357060001459DE301117E
:107750000565C9471306F100130555C3854506CED7
:10776000A307F100EF10B065F2400345F100056199
:107770008280828001111305910006CEEF00F00592
:107780002304A1000565300025059D45EF103063F9
:10779000F240034581000561828001119305F100EB
:1077A00006CE22CC2A84EF0090052306A1000565B1
:1077B000A3068100700021801305554091452307E1
:1077C0008100EF10D05FF24062440345C1000561C3
:1077D000828001111305D10006CEEF00700423064C
:1077E000A1000965700009059145EF10505DF24058
:1077F0000345C10005618280011106CEEF00B0048F
:10780000A307A10009651306F10015058545EF10D2
:10781000105BF2400345F10005618280011106CE44
:10782000EF00700DA307A10009651306F1002905FB
:107830008545EF10D058F2400345F1000561828084
:10784000011106CEEF007064A307A10009651306BD
:10785000F10041058545EF109056F2400345F100D7
:1078600005618280011106CEEF00303BA307A10025
:1078700009651306F10045058545EF105054F240A7
:107880000345F10005618280411106C622C4EF0064
:1078900030418965CD052A84EF10B0522285B2406F
:1078A000224441018280011106CEEF009063A307BC
:1078B000A10009651306F10051058545EF10305010
:1078C000F2400345F100056182800111130551006A
:1078D00006CEEF00B0672302A100096550006105E4
:1078E000A545EF10D04DF240014505618280411160
:1078F00006C6EF0010698965E505EF10904CB240AF
:10790000014541018280011106CE22CC2A84EF007C
:10791000707C2306A1000965A30681007000218008
:1079200069058D4523078100EF107049F2406244DC
:10793000014505618280011106CE22CC2A84EF1018
:10794000200C2306A1000965A30681007000218098
:107950006D058D4523078100EF107046F2406244AB
:10796000014505618280011106CE22CC2A84EF00F8
:1079700050082306A1000965A3068100700021803C
:10798000130505028D4523078100EF105043F24097
:107990006244014505618280011106CE22CC2A8411
:1079A000EF00101A2306A1000965A30681007000EC
:1079B0002180130515028D4523078100EF1030400B
:1079C000F2406244014505618280011106CE22CC5D
:1079D0002A84EF00F01A2306A1000965A30681009E
:1079E00070002180130525028D4523078100EF10CB
:1079F000103DF2406244014505618280011106CECE
:107A0000EF100005A307A10009651306F100130597
:107A100075028545EF10B03AF2400345F10005616B
:107A20008280011106CEEF10400DA307A100096569
:107A30001306F100130595028545EF105038F2400A
:107A40000345F10005618280011106CEEF10800F21
:107A5000A307A10009651306F1001305D5028545AA
:107A6000EF10F035F2400345F1000561828001110D
:107A700006CEEF108012A307A10009651306F100DE
:107A80001305E5028545EF109033F2400345F10000
:107A900005618280011106CEEF10C014A307A1007A
:107AA00009651306F100130515038545EF10303104
:107AB000F2400345F10005618280411106C622C4EF
:107AC000EF1040168965938525032A84EF10702FE7
:107AD0002285B24022444101828039711303D102D0
:107AE0001ACE0343810506DE1ACC034341051ACAA8
:107AF000034301051AC80343C1041AC603438104A2
:107B00001AC4030341041AC2034301041AC0EF104C
:107B1000E0182306A1020965701013056503894565
:107B2000EF10F029F2500345C1022161828001115A
:107B300006CEEF108043A307A10009651306F100EC
:107B4000130575038545EF109027F2400345F100BA
:107B500005618280011106CEEF10C059A307A10074
:107B600009651306F100130585038545EF103025DF
:107B7000F2400345F10005618280011106CEEF104D
:107B80002073A307A10009651306F10013059503EF
:107B90008545EF10D022F2400345F1000561828057
:107BA00037270020930787C883D7A700130787C804
:107BB00089E79307F01F2315F7008357A700214695
:107BC000014593F607108607C207B3D6C640C183A6
:107BD000558D93D5574093D69740AD8E858A7D16A7
:107BE0001375F50FD58F71FE2315F70082803727A7
:107BF0000020930787C883D7C700130787C891E77A
:107C0000E17793C7F7FF2316F7008357C70039467C
:107C1000014591689945B3F617018607C207B3D6A7
:107C2000C640C183558D93D6E74013D8F700858AA7
:107C3000B3C606017D161375F50FD58FE31DB6FC8F
:107C40002316F7008280011126CA4AC84EC656C2C2
:107C5000B727002006CE22CC52C45AC0AE89328942
:107C6000B68A83A447DE35C9AD472A8463EEA702EE
:107C70001304F5FF1374F40F631D0906268A338B72
:107C8000990063124B071379F9009386FAFF228556
:107C900023802401A380340193F6F60F4E86854598
:107CA000EFC0FFE4014505A0B147630BF502930760
:107CB000600263E5A7001304E5FF6DBF9307700240
:107CC0004945E30BF4FAF2406244D2444249B249D6
:107CD000224A924A024B056182801304500269BF16
:107CE0001304600251BFEFF0BFEB2301AA00050AA5
:107CF00049BF8547631CF9004E869305000F138525
:107D000024009780FD1FE780C058B5BF89476316E0
:107D1000F9004E869305A00ADDB78D47631DF90073
:107D2000268A338B9900E3004BF7EFF05FEC2301D9
:107D3000AA00050ACDBF91476316F9004E86930548
:107D4000F00F75BF95476315F9004E86814545BF15
:107D500099476315F9004E86BD4555B79D4749457E
:107D6000E313F9F64E869305500551BF411122C425
:107D70002A84354506C6EFC0DFC8B72700209387A1
:107D800087C811C803D787002300E40003D7870002
:107D90002183A300E40023940700B727002083A7D2
:107DA00007E4984B9316E70063DE060037170114CB
:107DB0001307F78F98CB37071104F8CF096713071C
:107DC000879F98C7B24022440145410182809307B2
:107DD000F00363E4A70CB72700202382A7AEB727E0
:107DE000002083A707E49306C008B7050082B847C0
:107DF000FD1506070583B8C737270020032607DCD3
:107E0000370702001307C72058DE37270020032753
:107E1000C7DE54CB54D354DB74C354561377F503E5
:107E200013189701ED8EB3E6060154D69306A0030E
:107E300063F7A602F44F37060007D18EF4CF944BB8
:107E400001451396E600635B060493168700984B82
:107E500071761306F60F718F558F98CB82801318A9
:107E60008501930620021358884163FAA600F44F57
:107E7000370600F97D16F18E370600057DBFB7067F
:107E800000F91386F6FFF44FE945F18E370600033B
:107E9000E3C505FB370600014DB749458280411116
:107EA00022C42A84354506C6EFC0BFB559CCAD47BC
:107EB00063EB87067D141374F40FB727002083A7A4
:107EC00007E4B70600C1FD16984B1374F40362046F
:107ED000758F598C80CB37270020034747AE7176CA
:107EE0001306F60F1377F70393168700984B014597
:107EF000718F558F98CBF84FB706F9FFFD161367B2
:107F00004700F8CF984B758FB7060200558F98CB76
:107F10009386864F94C7B7270020938747DC314765
:107F2000A383E70039A8B1476304F4029307600212
:107F300063E48700791441B7930770024945E30E63
:107F4000F4F6B24022444101828013045002B5B7D6
:107F5000130460029DB7011106CE9317450163D447
:107F60000702EF708F88894719C9834605001147BA
:107F7000B1476396E60095472300F500C947F240F4
:107F80003E85056182802EC6EF80FF91C94765D985
:107F90000347A500418B65D7B2458347B500230A47
:107FA000B50491E7E9472308F5008147C9BFED47CC
:107FB000DDBF011106CE22CC2EC6EF80DF8E01CDB3
:107FC000B2452A84EF70FFAFA305A4020145F24039
:107FD0006244056182804945DDBFB7270020938751
:107FE00087C80147994683C5070E3306E500050794
:107FF0002300B6008507E318D7FE014582800111F2
:1080000006CE2EC6EF803F8A11C983074503B245CD
:1080100001452380F500F240056182800945E5BFF6
:10802000B7270020938707AD03D707012300E5009A
:1080300003D707012183A300E50083C7F7002301CD
:10804000F5000145828019E149458280B72700206B
:10805000138787C87847411122C406C62A849387AC
:1080600087C809C703478700314531EFF85B09C767
:1080700003477700314521EB03A7870809C703476A
:108080007700314529E33725002005471946A285A9
:108090001305E5D62381E7009780FD1FE780401890
:1080A000834754001307000C93F7070C6391E70212
:1080B000372500201946A285130545D79780FD1F57
:1080C000E78000160145B24022444101828081EBE5
:1080D000372500201946A2851305A5D7C5B7130774
:1080E00000044945E391E7FE372500201946A285A3
:1080F000130505D8E1B7411126C2B72400209387A4
:1081000084C822C4E04706C6938484C811C43C488E
:1081100013974700634B070CFC4C99E74945B24065
:10812000224492444101828009ED1305000FEF6063
:108130002FB96DD583478500F5D3EF604FD9014541
:10814000F9BF0547E31CE5FC15EC014582972A843D
:1081500059CD856793870780231EF500930700702C
:108160002315F500B72500208D47230AF500A30845
:1081700005021946938585D6130525039780FD1FB3
:10818000E780000A034784008547E309F7F883473F
:10819000A400B98B95C30347A40085476317F70272
:1081A0008947231EF400224403A30406B2409244EC
:1081B0001305000F41010283EF700FB6B7270020AF
:1081C00083C7C7B0E319F5FC91BF8357C40111679A
:1081D0006375F700231EE400F9B7930600023E879B
:1081E000E3FAD7FE13070002F5B731450DBF1D4571
:1081F0003DB7011126CA4AC84EC652C456C25AC01B
:108200002E89368BBA89BE8A06CE22CCB284428AA7
:10821000EF806FE91307A9FF4207856741839386C3
:10822000A7C763EDE610938707C82A84494563E72B
:10823000970A63E5240B1307301F6361670B63EF35
:10824000370993071B00B38797021397390063D749
:10825000E70849C48347140113F747003DC7ED9B66
:10826000A308F4008347B400231A2407231B9406B1
:10827000D5EF03578406C167FD17630BF706631933
:1082800099068357A403231BE404231CF404B72793
:10829000002083D707D38D46114763E5F600850795
:1082A00013F7F70FA30AE4042285EF70CFA88357D2
:1082B0000404A907231FF4048327440A93E7170043
:1082C0002322F40AC547A30EF400231C5407231DE0
:1082D0004407231D6405231E34050145F240624412
:1082E000D2444249B249224A924A024B05618280F5
:1082F0008357440691CFB3D4F4024A87B3879702D9
:10830000C207C1836373F9003E87231CE40441B7AD
:10831000B305990085814A85EF603E81231CA40442
:10832000930584052685EF40DF9E95B78327840A51
:1083300093E707022324F40AC14771B7494579BF7F
:1083400001112EC606CEEF800FD6B24509E549458C
:10835000F2400561828083471501A305B50213F73A
:10836000470075D7ED9BA308F500BD472306F5022E
:108370008327850A93E727002324F50A0145C9BF0F
:10838000011106CE2EC632C4EF80EFD1032785102F
:108390001377070249C3B2459306000EAA871387D5
:1083A00055FE42074183494563E4E60622461167CC
:1083B00013078714930686EBC206C182636AD7044B
:1083C00003D7071901456305B70437270020930633
:1083D00087C883D6A602A38EB706239FC70693F548
:1083E000F50F130787C863F3D500AE860357C7029E
:1083F0002390D7186373E60032872391E71803A709
:10840000470A856693860680558F23A2E70A0145B1
:10841000F240056182804545E5BFB72700201387FC
:1084200087C87847938787C801CB8346870089C66A
:1084300083469700494785EEF85B09CB8346770072
:1084400091C68346C7004947858A95E203A78708F6
:1084500001CB8346770089C68346D700494781EA26
:1084600003C7470B83C7570B6365F7001D473A8562
:1084700082800111A304A10019461305A10006CEB4
:108480009780FD1FE780C0D92800EFB09FAF8547D8
:108490001D476313F5000147F2403A85056182806C
:1084A000797126D24AD04ECE06D622D42E89B289F0
:1084B00036C63AC43EC242C0EF80EFBEC94455C979
:1084C0009305A9FFC20505662A84C1811305A6C7C5
:1084D000C9446360B50A130606C8636C360963EACB
:1084E0002909B2469305301F63E5D5082247636228
:1084F000E608138616003306260393153700635AE1
:10850000B60603461401B144058A25E60326440A4B
:108510001376162039EE92470248231EE4040347DF
:10852000B400231CF406231A2407231B3407231D3D
:108530000407231DD4048347D401814459EF95EBEC
:1085400083270410898B95CF31469305F00F1305CF
:1085500084069780FD1FE780C0D38327440A231435
:10856000040693E707202322F40AC947A30EF40068
:108570008144B2502254268502599254F2494561F1
:10858000828063093905B385290185814A85EF60B9
:10859000CED9231CA404930584054E85EF406FF7C4
:1085A000B727002083D707D38D46114763E5F60030
:1085B000850713F7F70FA30AE4042285EF60BFF7DE
:1085C00083570404A907231FF4048327440A93E76D
:1085D000170051BF231C2405E1B7C1FF8327841076
:1085E000898B95C731469305F00F13058406978054
:1085F000FD1FE78000CA8327440A2314040693E77B
:1086000007202322F40ACD47A30EF4009DB7E944C6
:108610008DB737270020930787C8FC47130787C803
:1086200081CB83C6870089C683C69700C947A1EE60
:108630007C5B89CB83C6770091C683C6C700C947D8
:10864000858AB1E28327870881CB03C7770009C7F2
:1086500003C7D700C94705EB0111A304A1001946C0
:108660001305A10006CE9780FD1FE78060BB2800A0
:10867000EFB0BF9C0547B1476313E5008147F24067
:108680003E85056182803E858280B7270020138762
:1086900087C87847938787C801CB8346870089C6F8
:1086A0000347970049450DEFF85B09CB83467700F8
:1086B00091C60347C7004945058B1DE383A787087B
:1086C00081CB03C7770009C783C7D700494589EB2A
:1086D000411106C6EFB05F9FB24001454101828063
:1086E00082803DC1411122C426C206C6B7270020A0
:1086F00083A487D1834745002A84FD8B2302F5009C
:108700008DE037250020A285130565D81546978092
:10871000FD1FE780E0B0B240224492440145410190
:10872000828083C7B40099EF83A7440A1546A285C7
:1087300093E7270023A2F40A138584129780FD1F74
:10874000E78000AE84406DBF49458280411122C45C
:1087500026C24AC006C62A890144A1449305F00FE7
:108760000545EF604EBAB30789002380A7000504D2
:10877000E31694FEB240224492440249014541016D
:108780008280011122CC4AC806CE26CA2EC6328962
:108790003684EF804F91630D05128347B500AA849C
:1087A000B2450945DDEB2146138574159780FD1F01
:1087B000E78000A7A38F241513598900238024176D
:1087C0008347E4000346D4008345F4008346C40095
:1087D000A207420603C5C404B297AE97E20603A7F8
:1087E000440AB69749C123A6F40A8347A4008346E6
:1087F000940013670702A207C206B6978346B40027
:10880000B69783468400E206B69723A8F40A834706
:10881000640083465400A207C206B69783467400DC
:10882000B69783464400E206B69723AAF40A834724
:10883000240083461400A207C206B697834634007C
:10884000B69783460400E206B69723ACF40A854740
:10885000A386F40423A2E40A0145F2406244D24410
:1088600042490561828023A6F40C8347A400834615
:10887000940013678700A207C206B6978346B40028
:10888000B69783468400E206B69723A8F40C834784
:10889000640083465400A207C206B697834674005C
:1088A000B69783464400E206B69723AAF40C8347A2
:1088B000240083461400A207C206B69783463400FC
:1088C000B69783460400E206B69723ACF40C59B77A
:1088D000094561B7011106CE2EC6EF70DFFC630FAC
:1088E00005108346B5000547AA87B2450545639143
:1088F000E60A83C60701130740020145639AE608AA
:1089000003C7E50083C6D5002207C206369783C693
:10891000F500369783C6C500E206369783C6D704AE
:10892000BDCA23A6E70A03C7A50083C69500220790
:10893000C206369783C6B500369783C68500E20621
:10894000369723A8E70A03C7650083C655002207A8
:10895000C206369783C67500369783C64500E20681
:10896000369723AAE70A03C7250083C61500220706
:10897000C206369783C63500369783C60500E206E1
:10898000369723ACE70A1307A0022388E7000145C6
:10899000F2400561828023A6E70C03C7A50083C6C9
:1089A00095002207C206369783C6B500369783C660
:1089B0008500E206369723A8E70C03C7650083C647
:1089C00055002207C206369783C67500369783C6C0
:1089D0004500E206369723AAE70C03C7250083C6A5
:1089E00015002207C206369783C63500369783C620
:1089F0000500E206369723ACE70C71B7054549BF81
:108A0000411106C6EF703FEA31C18346B500054704
:108A1000AA8709456399E60283C607011307400246
:108A20006393E6020D472386E7021947A385E70211
:108A3000130750022388E70003C7A7020145136705
:108A400017002385E702B240410182800945E5BF56
:108A5000B72700202A87138587C803481500938706
:108A600087C863080802684511C503488500314579
:108A700063140808E85B11C5034875003145631DA0
:108A8000080603A5870811C503487500314563151D
:108A9000080683C8C70B03C8D70B1D4563FE08052E
:108AA00083A7070D494593F70704B9C75D71A6C2AF
:108AB0002800B284194686C6A2C4A303E100368406
:108AC0009770FD1FE780C075A6851305E10241463A
:108AD0009770FD1FE780C074A2851305E101414630
:108AE0009770FD1FE780C0734800EFA08F9FB640CE
:108AF00026449644616182808280B72700201387D4
:108B000087C88346170095C67847938787C809C7E3
:108B100003478700494515E7F85B09C70347770016
:108B2000494505E383A7870889C783C77700494577
:108B300089EB411106C6EFA02FB0B24001454101BB
:108B400082808280B7270020138787C8834617005A
:108B5000938787C885C6784709C7834687004947F2
:108B600085EAF85B09C783467700494795E203A782
:108B7000870809C783467700494799EAA380A70079
:108B800003A7870D01C91367076023ACE70C0147F2
:108B90003A8582801377F79FCDBF130700643305B2
:108BA000E502B72700204111938687C822C403A499
:108BB000060C26C24AC006C6938487C8C8DA1309C1
:108BC000F00F01E8B24022449244024901454101BC
:108BD00082800345040063052501CC58EF50EED395
:108BE000405CC5B7B7270020138787C8A30CA7022E
:108BF00013771500938787C811EB03C7C7036D8FE1
:108C00006304B70049458280238DE702137725006E
:108C1000014501EB03C7D703718FE315C7FEA38D91
:108C2000C7028280011106CE2EC632C436C23AC0B7
:108C3000EF707FC735C1B2450247924693F71500E2
:108C400099EB22468D4763F6C7004545F240056122
:108C500082802302C514898991E58D47E3E7D7FE19
:108C6000A302D51401CFB727002083D7A7CC7D8FCF
:108C70000D8B8547631FF7002314E5148547230FE9
:108C8000F5008327450A0567D98F2322F50A014598
:108C900075BF23140514DDB749454DBF5D714EDE28
:108CA000B7290020138389C80323C304CAC062D430
:108CB00086C6A2C4A6C252DC56DA5AD85ED666D29E
:108CC0006AD06ECE030C4105834E8105034901062F
:108CD000938989C863090300032E030531431314E4
:108CE0005E00634D04000D4E49436369FE0093FC32
:108CF000050163850C02054E6387CE07B640264406
:108D000096440649F259625AD25A425BB25B225CDF
:108D1000925C025DF24D1A856161828013FF35001D
:108D20004943E30DCFFD13FF8500E3190FFC639367
:108D3000CE0303CEC9033143137E4E00E3000EFC85
:108D40006303D90309436310690203CEC903137E89
:108D50002E0039A0E318C9FF03CEC903137E4E00CD
:108D60003143E30D0EF8468BC28B3EC6BA8A368D70
:108D7000B28DAE842A8AEF50AFF42A8411E983A71A
:108D8000C905054582972A841D432DD92302450133
:108D9000930700026311FD028D47631CF90403561B
:108DA00084019307900F13035004E3E9C7F40356BB
:108DB000A401E3E5C7F493F5F40F230EB40463862E
:108DC0000C12BD889547639EF402930710F82305A3
:108DD000F4004543E364BDF3FD474543E3F0B7F3D7
:108DE0009167E3EDA7F1EA9D93DD1D00231EB40119
:108DF00015A08547E311F9FC035684019307D02E93
:108E00005DB7B5476399F40C85472305F40089479E
:108E1000231EF400A3055401639C0A108547230A0E
:108E2000F40093F5050281E5B247A308F402194660
:108E300081455A859770FD1FE780A050631B051080
:108E40008547230CF402A30C74031946DA85130535
:108E5000A4039770FD1FE780A03C83470105A3048E
:108E6000F4009307F0076319FC0EB727002083C7AF
:108E700047AE36572300F70003051401EFB05F91AA
:108E80002302A406EFB03F89B657A308A4002380AD
:108E9000A7008347C10523000406A300F406834707
:108EA000C405C18B91EB7D191379F90F89474943AB
:108EB000E3E627E5A30F24058347410637070008AB
:108EC0000143A30EF40483478106A301F4063C4842
:108ED000D98F3CC825B589476394F4009947C5BD2F
:108EE000E38704EE23050400EDB59D472305F40058
:108EF00013F6150093F7450011CA114691C30546B4
:108F0000A30DC4048547230DF404E1B513F6250031
:108F100001CA094691C31546A30DC4048947E5B7A4
:108F20000D4691C31946A30DC404230D040455B581
:108F3000230A040081470D46B3D6FA40858A91C6BC
:108F4000834644018506230AD4008507E396C7FEBD
:108F5000C9BD230C040211B7994763C58701A30853
:108F6000840119BFA308F40001BF01114EC6B7293F
:108F70000020938789C8FC4706CE22CC26CA4AC85F
:108F800052C4938989C891C7BC4B13965700634E4E
:108F900006003A8AB6842E89EF508FD22A8419EDC2
:108FA00083A7C9041305200491C33145F2406244EC
:108FB000D2444249B249224A056182800347A50052
:108FC000854701453D8BE303F7FE0347C405418B0D
:108FD00045C78D476304F9004945C9BFFD47E3ED27
:108FE00097FE231C04008D476312F90EE1C88357D6
:108FF000840103D729071D45B3869700E348D7FAB4
:109000000347840015C78356C40113070002639108
:10901000E6020347F4058D466318D70C1307900F3B
:1090200013055004E364F7F88357A401E360F7F8ED
:109030008D471D45E31CF9F637E900E08329090057
:10904000B70720002320F918B3F9F9000F1000002A
:109050009305800C0545EF501EAB8357840612051F
:10906000232244038507BD8BC98F2314F406231CD8
:1090700094002320391189A81377D90FE303F7F659
:1090800011476315E904384893167700E3C606F4E0
:1090900003478400E312F7F48357840195DF8DFCC6
:1090A0009305800C0545EF501EA6835784061205D4
:1090B0008507BD8BC98F2314F40639A03C483707B8
:1090C00000FF7D17F98F3CC80145CDB59307D9FF47
:1090D00093F7F70F0547E37CF7F0E38F04EE834740
:1090E0008400E396E7F0D1B58546E313D7F4130780
:1090F000D02E3DB701114EC6B7290020938789C8ED
:10910000FC4706CE22CC26CA4AC852C4938989C8D5
:1091100091C7BC4B13965700634E06003A8AB6843B
:109120002E89EF50EFB92A8419ED83A7C9041305DE
:10913000200491C33145F2406244D2444249B249CD
:10914000224A056182800347A500854701453D8B82
:10915000E303F7FE0347C405418B79CB8D476304D6
:10916000F9004945C9BFFD47E3ED97FE231D040003
:109170008D476319F910638F040E8357A40103D739
:1091800029071D45B3869700E347D7FA03478400B4
:1091900015C78356C401130700026391E602034713
:1091A000F4058D46631ED70E835684011307900F76
:1091B00013055004E361D7F8E36FF7F68D471D45BB
:1091C000E31BF9F61C548DC783472406898B8DC396
:1091D000485419CD8347A50081CFEF909FAA4C54E6
:1091E000194613052403B1059770FD1FE78040035E
:1091F00037E900E083290900B70720002320F91888
:10920000B3F9F9000F1000009305800C0545EF50ED
:109210009E8F835784061205232444038507BD8B44
:10922000C98F2314F406231D94002320391189A823
:109230001377D90FE30CF7F211476315E9043848A7
:1092400093166700E3CF06F003478400E31BF7F0B3
:109250008357A40199D791F49305800C0545EF50ED
:109260009E8A8357840612058507BD8BC98F2314F8
:10927000F40639A03C48370700FE7D17F98F3CC83B
:10928000014555BD9307D9FF93F7F70F0547E376DF
:10929000F7EEE38804EC83478400E390E7EE59BDE2
:1092A0008546E31DD7F0835684011307D02E09B7F6
:1092B0005D71A6C2B7240020938784C803A8C704A1
:1092C00086C6A2C4CAC04EDE52DC56DA5AD85ED672
:1092D00062D466D26AD06ECE938484C863080802D2
:1092E0008327080513945700635204023145B640A2
:1092F000264496440649F259625AD25A425BB25BFE
:10930000225C925C025DF24D616182803AC632C499
:1093100093771500B68989C7639205104945C1BF87
:1093200091E9A04819E00145D9B72285EF502FBA3D
:109330000040CDBFE30908FE4285EF504FB9E5B7C5
:109340003849B70700037D8F55F30347B50563041C
:1093500087016315970103D7AA0149DB03C71A03E5
:109360006301270903C7AA00631927011317140013
:109370004E9703570700E3E3EDFAB8507D141374DA
:10938000F40F5DC793161A00B69903D70900B247C8
:109390009305800C2395EA063E9A03470A0005458B
:1093A00023960A06A382EA06EF50EEF503D78A0653
:1093B0001205264405073D8B498F2394EA0603A333
:1093C000040603C50B00B64096440649F259625A9A
:1093D000D25A425BB25B225C925C025DF24D6161EB
:1093E0000283138B4A05194681455A859770FD1FE4
:1093F000E78020F5631A250119469305EDD65A85B5
:109400009770FD1FE780C0E1194681455A85977026
:10941000FD1FE78000F3E31725F509B7FD1513F4E9
:10942000F50F094C954C0549372D0020930D000888
:109430009307F00FE304F4EEA247228AB38B870070
:1094400003C50B00EF50CF87AA8AE31B05EEFC444F
:1094500013052004E39C07E859BDB72700201387B4
:1094600087C80347170015CB938787C8F84719CBE0
:109470000347870001CB494582804945F240624459
:1094800005618280F85B01C7034777006DF783A70A
:10949000870881C783C77700F9FF011122CCA30495
:1094A000A10032841305A100194606CE9770FD1F56
:1094B000E78000D728009780FD1FE780C0B555DD05
:1094C000A300850001455DBF01114AC84EC652C4C4
:1094D00006CE22CC26CAAE89328A3689EF70AFBC5E
:1094E00079C5B72700209387279E631E0A0005478A
:1094F0002380E7000145F2406244D2444249B24928
:10950000224A0561828083C6070005472A84639545
:10951000E600238007008949B7E700E08443370766
:10952000200023A0E718F98C0F10000041651305F7
:1095300045F5EF70EFB821CD8347A5002315F50061
:1095400083278411A9E3232CA410232EA4109307AE
:1095500010F879192320050023164501A304F5000E
:1095600023043501232225018347940285450145C3
:10957000B395F500C205C181EF40FEB0B7E700E04A
:1095800023A0971085BF8327C41188C37DBFB72749
:10959000002083A707B091C795659385555505456C
:1095A0008297B7E700E023A097101D45A9B70945AA
:1095B00099B76F30AF9B6F30EF9F6F30AFA46F30B4
:1095C0000FAA6F30EFAF6F30AFBC6F30EFB36F30BB
:1095D0008FB782806F300FC0034301001AC06F2025
:1095E0003FBD6F209FC96F205FCF6F207FD56F2059
:1095F0007FDB6F203FE16F201FE503530100035E17
:109600004100834E81001AC072C276C46F20BFE948
:109610006F20FFFB6F302F816F308F846F30CF89C9
:109620006F304F9079719397050126D206D622D4D8
:109630004AD04ECEC187AE8463DA0718B72900201E
:1096400003C5D9EAEF408EE32A8415C50347050018
:109650009307000D631EF70003472500914763E55C
:10966000E7028D466375D71031CF89476308F70845
:109670002285EF408ED42165258DB250225492541C
:109680000259F249456182809307D7FE93F7F70F9D
:109690008546E3EFF6FCB726002083A746E803469D
:1096A000150093F7F7F0631006124D46631AC710C2
:1096B00093E7070123A2F6E883A746E837050001F0
:1096C0005D8D59A88347150037290020639C071C2E
:1096D00093053500372500201946130545EC977092
:1096E000FD1FE780E0B385472322F9E8854503C5E0
:1096F000D9EAEF405E99032549E8B9A883461500E9
:10970000834735009DEE6393E702372700208327C8
:1097100047E88145014593F7F7F093E707022322D5
:10972000F7E8EF807EC0A300A40099B70547814504
:1097300001456395E700EF803EAEF5B7EF80DE9C14
:10974000DDB7E387E7F2B727002003A547E8419993
:109750001365650023A2A7E8B727002083A7479ECB
:10976000E38807F09C43E38507F0829711B7372918
:109770000020832749E803461500C19B1DEE6315B1
:10978000D70293E72700372700202322F9E88347F1
:1097900047E693968701E186E3DF06F493F7F70740
:1097A0002302F7E68945A1B737270020230007E603
:1097B00093E737002322F9E83DBF93E76700DDBF59
:1097C00093E70702C5BD93E70703EDB593F71500CF
:1097D000C9C7B727002083C707E6ADCFB72700204A
:1097E00083C727E6B7250020938585E62302F1008D
:1097F000B727002083C787E8130561001946A30235
:10980000F1009770FD1FE780A0A1B727002083C754
:1098100017E64C002306F100B727002083C707ECAA
:10982000A306F100B727002003C5D7EAEF80CEC713
:1098300015C1B727002003A547E8419913656500C6
:1098400023A2A7E8B727002083A7479E81C79C4390
:1098500091C3829713C514000DB593F725000145F8
:10986000E38D07E0B727002083C747E6858B85CBCC
:10987000B727002003C5D7EAEF800EF40DC1B72744
:10988000002003A547E81375F5F023A2A7E8B72742
:10989000002083A7479E81C79C4391C3829713C52D
:1098A0002400E1BB994739B7B727002083A747E8D1
:1098B00085E709C5B727002023A2A79EB72500206A
:1098C0003725002083C5C5EA0345D5EA814701470E
:1098D000814601466F906EF345458280B727002090
:1098E00023A2A79E8280411126C2B724002022C451
:1098F00003C4D4EA06C69307F00F6308F400614579
:10990000B2402244924441018280379502001305FF
:109910004562EF407EF9A386A4EAE30285FEB727FD
:10992000002023A2079EB727002023A207E80547AF
:10993000B72700202386E7EAB72700200D472381B9
:10994000E7E6B7270020238407E81D47B727002054
:10995000A380E7E6B7270020238007ECEF700ED145
:10996000014579BF1307050383570500110593C708
:10997000F7FF231EF5FE8347E5FF93C7F7FF230F8D
:10998000F5FEE313E5FE8280411119469305F00FC1
:1099900006C622C42A849770FD1FE780808F1305B6
:1099A000640019469305F00F9770FD1FE780608EE5
:1099B000B240231604002328040023070400224495
:1099C0004101828099473305F50279717000D145D4
:1099D00006D613050520EF504EBA11E50345810167
:1099E000B250456182800145E5BF011122CC26CAF3
:1099F0004AC84EC652C406CE8144014437290020CD
:109A0000B7290020514A8347C99E636BF400F24096
:109A1000624426854249D244B249224A0561828085
:109A20003305440383A789E519469305F00F3E9556
:109A30009770FD1FE780E09001E5850493F4F40F33
:109A400005041374F40FC1B7011122CC26CA4AC809
:109A50004EC606CE0144B724002037290020D14944
:109A600083C7C49E636BF4003E842285F240624447
:109A7000D2444249B24905618280330534038327C9
:109A800089E519469305F00F3E959770FD1FE78015
:109A9000408B61FD05041374F40FD9B7411122C442
:109AA00037240020130484A0084006C609C5EF40EF
:109AB000CE9023200400B727002003C7C79EB240E2
:109AC0002244B72700202385E79E41018280B727E3
:109AD000002083C7A79E1971A2DC86DEA6DACAD849
:109AE000CED6D2D42A846392A702B72400209384CE
:109AF000D49E03C504008545EF406EDD03C5040018
:109B00008945EF40CEDCEFF07FF993140401C1806A
:109B10001949338924030A86D145930909204E85C2
:109B2000EF50AEA519C901442285F6506654D654AB
:109B30004659B659265A0961828019469305F00F95
:109B40000A859760FD1FE780C07F71FDD147330410
:109B5000F402372A002003258AE52295EFF0DFE2A0
:109B6000480871469305F00F9760FD1FE78060720B
:109B70000818130600039305F00F9760FD1FE78098
:109B8000407103268AE5D1454E852296EF50AEC935
:109B900050082A84F14513051920EF50CEC850080B
:109BA000498CF14513052920EF50EEC71374F40FCB
:109BB0005008498CC14513053920EF50CEC61374A7
:109BC000F40F5008498CC14513054920EF50AEC52C
:109BD0001374F40F5008498C914513055920EF5028
:109BE0008EC41374F40F498C1D651018930500037F
:109BF0002695EF504EC3B72700201374F40F498CFD
:109C000003C547941374F40FEF500EBD31BF4111DB
:109C100022C426C206C601450144B724002083C7DA
:109C2000C49E6373F40011C5B240224492444101C2
:109C3000828022850504EFF09FE91374F40FC5B705
:109C4000011122CC26CA4EC652C406CE4AC80144CF
:109C5000EF300F82B7290020514AB724002083C774
:109C6000C99E636AF400F2406244D2444249B24958
:109C7000224A056182803309440303A584E519461D
:109C80009305F00F4A959760FD1FE780806B01E90F
:109C900083A584E5CA9503C5F500EF20BFFD050443
:109CA0001374F40F6DBF397122DC26DA4ED652D40C
:109CB00056D206DE4AD80144EF201FFFB729002004
:109CC000514AB7240020994A83C7C99E636BF400A8
:109CD000F2506254D2544259B259225A925A2161D6
:109CE00082803309440303A584E519469305F00FE8
:109CF0004A959760FD1FE780C0641DE53305540356
:109D00000A86C14513053520EF502E871008C1453E
:109D10000945EF508E8683A584E514080A86CA9506
:109D200003C5F500EF201FF805041374F40F69BF95
:109D3000011106CEEFF07FCB0547A9476373A7005B
:109D400089471306F10085451545A307F100EF90FB
:109D50004E8FF24005618280011122CC26CA4EC688
:109D600052C456C206CE4AC80144B7290020514AFF
:109D7000B7240020994A83C7C99E636AF402B727B3
:109D8000002083C7979E99C3EFF09FEBB727002071
:109D900083C7879E99C3EFF01FF16244F240D2441B
:109DA0004249B249224A924A05616FF07FF833096D
:109DB000440303A684E5D145330554034A961305AD
:109DC0000520EF409EFB11C503A584E54A95EFF001
:109DD000BFBB05041374F40F79BFB727002083C5F8
:109DE000D79E035525006FA0FED49947B385F50291
:109DF000397122DC26DA4AD806DEA147AA843289E4
:109E0000138425206384F600138415207146814550
:109E100048083AC69760FD1FE780A0475008F14503
:109E20002285EF409EF50DE18347E102A5463247CA
:109E3000E51793F7F70F63E9F600BA8650089375B4
:109E400019002685EF60FEF0F2506254D254425958
:109E500021618280797122D426D24AD0AE842A89A7
:109E600032848145130600020A8506D69760FD1FDD
:109E7000E7802042B727002083C797942310210151
:109E8000230EF100835781015DC837270020034767
:109E9000979FF99BB72500202302E1003727002078
:109EA0000347B79F4146938585A5A302E100372765
:109EB00000200347A79F1305610093761700D58FF5
:109EC000F59B93762700D58FED9B93764700D58F32
:109ED0009316470093F6061093F7F7EFD58F931676
:109EE000470093F6062093F7F7DFD58F1207137715
:109EF000074093F7F7BFD98F231CF1009760FD1F30
:109F0000E7800032B727002083C7879F13F7170029
:109F100001CB99C40357810113672700231CE1007B
:109F200003476101A2850A85D98F230BF100EF60F9
:109F30001ED4B25022549254025945618280372770
:109F400000200347079FF99BB72500202302E1006B
:109F5000372700200347279F4146938585A4A30206
:109F6000E100372700200347179F13056100937610
:109F70001700D58FF59B93762700D58FED9B9376B1
:109F80004700D58F9316470093F6061093F7F7EF27
:109F9000D58F9316470093F6062093F7F7DFD58FFA
:109FA00012071377074093F7F7BFD98F231CF100EF
:109FB0009760FD1FE780C026B727002083C7F79E64
:109FC000B1B7011122CC26CA4AC84EC652C406CE29
:109FD0002A890144B7240020B7290020514A83C7A9
:109FE000C49E636CF4003E842285F2406244D244F5
:109FF0004249B249224A056182803305440383A75E
:10A0000089E51946CA853E959760FD1FE780C02CFB
:10A0100061FD05041374F40FD9B71D71A2CC372468
:10A020000020832784A0DAC05EDE86CEA6CACAC816
:10A03000CEC6D2C4D6C262DC66DA6AD82A8BAE8BB0
:10A04000130484A09DE719E1054595A2F5DDEFF025
:10A050005FF7B7270020B724002083C7C79E9384EB
:10A06000A49E2380A4006366F500EFF0FF9D23808B
:10A07000A400B7240020372A002003C5A49E8347EC
:10A08000CA9E9384A49E130ACA9EE37FF5FA1C40DD
:10A09000639D07128149FD5A0149514D372C00201B
:10A0A0002DA86389E902B38CA90303258CE5194621
:10A0B0009305F00F66959760FD1FE780802819E9EA
:10A0C00083278CE5E6979C4B6373F9003E8963F325
:10A0D0005701BE8A850993F9F90F83470A0003C720
:10A0E0000400E3E0F9FCB30A594163D90A04814949
:10A0F0000149D14CB72A002025A86388E902338C96
:10A10000990303A58AE519469305F00F62959760B8
:10A11000FD1FE780002311E983A78AE5E2979C4BA6
:10A1200063C507006373F9003E89850993F9F90F48
:10A1300083470A0003C70400E3E1F9FC03C50400F8
:10A14000994705093305F5025A86D14523282B0185
:10A1500013050520EF403EED130600039305F00FB5
:10A160000A859760FD1FE780C01203C504009D6744
:10A170000A86930500033E95EF40FEEA83C704007C
:10A18000514537270020B387A702032587E55146AD
:10A19000DA853E959760FD1FE780800823207401D3
:10A1A000B727002003C54794EF401EE30145F64062
:10A1B0006644D6444649B649264A964A064BF25B5F
:10A1C000625CD25C425D256182809047814709CE06
:10A1D00099473305F502F14513051520EF40BEE41C
:10A1E0001C4023A4070085471840104B19CE03C517
:10A1F00004009947F1453305F50213052520EF408A
:10A200009EE21C4023A8070085471840504B19CEFA
:10A2100003C504009947C1453305F50213053520F0
:10A22000EF407EE01C4023AA0700854718405047B6
:10A230001DCA03C504001949C1453305250313058B
:10A240004520EF405EDE03C504001C409145330508
:10A250002503D047410613055520EF40DEDC1C40A6
:10A2600023A6070035BF8DFFB727002083C7979E21
:10A2700099C3EFF0FF9CB727002083C7879E99C33F
:10A28000EFF07FA2EFF0DFAAC1B3B727002083C7AA
:10A29000C79E797122D406D626D209446376F50288
:10A2A00085C599473305F502AE847000D145130585
:10A2B0000520EF409EAC2A8401E919466C002685F2
:10A2C0009760FD1FE780C0F52285B250225492545A
:10A2D00045618280011122CC06CE2A842EC632C46A
:10A2E000EFE0EEEC1DC90347C500A1472246B24589
:10A2F0006310F702B727002083A7C7A099CF03A355
:10A300004700630C030022856244F240056102832A
:10A31000B727002083A707A1D5B7F24062440561A3
:10A320008280797122D419443304850226D27000C8
:10A33000AE84D14506D6130404202285EF40FEA347
:10A3400001C98144B25022542685925445618280CD
:10A3500019469305F00F68009760FD1FE78060FEC7
:10A360006DF1035781019377D70F89C49377F70F66
:10A3700093E72700C207C1838544E305F7FC70001B
:10A38000D1452285231CF100EF40FEC9B7270020EC
:10A3900003C54794EF405EC475B71D71A2CC2A84F3
:10A3A00019453305A402A6CACAC8B2842E89700012
:10A3B000D14586CE13050520EF403E9C01C90145DD
:10A3C000F6406644D6444649256182801946930585
:10A3D000F00F68009760FD1FE780A0F66DF19D67A4
:10A3E0003E941010930500032285EF401E9919C179
:10A3F0000545F9B70810EFF0EFD663180904130606
:10A400000003814508109760FD1FE78080F36DF120
:10A4100013060003814508109760FD1FE78060E781
:10A42000B7270020054708102380E7A0EFF08FD35F
:10A430001010930500032285EF40FEBEB7270020D1
:10A4400003C54794EF405EB965B71C109008BE86FF
:10A4500083D506003687638125039106E31AD6FE6D
:10A460000145B9DC83D607003E8789C69107E31B07
:10A47000F6FEB1B72390270183472700E38A97F6BA
:10A4800023019700D1FC2310070059BF011126CAF0
:10A49000B72700207D57B724002022CC4EC606CE19
:10A4A0004AC852C4A386E79E938704AD03C5E7005C
:10A4B000D147372400203305F502B7290020930542
:10A4C00020042306049E23AC09E41304C49E976071
:10A4D000FD1FE78020B723ACA9E40DC5138904ADA7
:10A4E0008347E9008144514A2300F4008347040074
:10A4F00063E6F41203278900B7270020630B0712D5
:10A50000238E07E403470400B72700200544238572
:10A51000E79EB727002023A407A0B72700202385A4
:10A52000879437250020B7270020A38C079E41463B
:10A53000B72700208145130585A5A38D079E976049
:10A54000FD1FE78000D5B727002093047007238CF8
:10A55000079EB7270020238D979EB727002023AEA4
:10A56000079EB7270020A3838794B7270020A387DF
:10A57000079E37250020B72700202388079E4146E5
:10A58000B72700208145130585A42389079E97607E
:10A59000FD1FE78000D0B7270020A388979EB7272C
:10A5A000002023AA079EB72700202387079E154770
:10A5B000B7270020A382E794B72700204147A38450
:10A5C000E794B7270020238007A00947B72700207A
:10A5D0002383E794B727002023A807A0B7270020EC
:10A5E00023A607A0B7270020A384079EB727002033
:10A5F000A385079EB727002023828794B7270020D2
:10A60000A3858794B727002023848794F24062446F
:10A61000D2444249B249224A05618280B387440349
:10A6200003A589E5850493F4F40F3E95EFF0CFB5CB
:10A6300075BD130700F8238EE7E4E9B51971A2DCB4
:10A64000CAD8D6D2DAD0DECEE2CCE6CA86DEA6DA28
:10A65000CED6D2D40144B72A0020514B372900204E
:10A66000994B1D6CB72C002083C7CA9E6363F4020C
:10A67000F6506654372700202305F79ED6544659D6
:10A68000B659265A965A065BF64B664CD64C09616B
:10A690008280330A6403032589E59319040193D961
:10A6A000090105041374F40FB38479035295EFF094
:10A6B000AFAD71469305F00F48009760FD1FE7802E
:10A6C00040BD130600039305F00F08109760FD1FAF
:10A6D000E78020BC032689E5D145138504205296E6
:10A6E000EF407E945000F14513851420EF40BE9357
:10A6F0005000F14513852420EF40FE925000C145E3
:10A7000013853420EF403E925000C145138544200C
:10A71000EF407E915000914513855420EF40BE904C
:10A7200010109305000333858901EF40DE8F03C5C8
:10A730004C94EF407E8A0DBF930705C04111C207BC
:10A7400022C406C6C183130720022E846369F71250
:10A7500037D702008A07130787E9BA979C43828795
:10A76000B727002083C7A7942300F4001DA8B727AC
:10A77000002083C7879F89873DA8B727002083C70C
:10A78000979FDDB7B727002083C7B79FF1BFB725D5
:10A7900000204146938585A522859760FD1FE780AF
:10A7A00020A88147B24022443E8541018280B727DC
:10A7B000002083C7879F858B45BFB727002083C7AD
:10A7C000A79F5DB7B727002083A7C79F1CC0D1BF35
:10A7D000B727002083C7779441BFB727002083C7DE
:10A7E000F79E51BFB727002083C7079FB5BFB72784
:10A7F000002083C7279F8DBFB72500204146938542
:10A8000085A459BFB727002083C7F79E6DB7B72728
:10A81000002083C7179F89BFB727002083A7479FC2
:10A8200075B7B727002083C7E79E3DBFB727002035
:10A8300083C7579415BFB727002083C797942DB7B8
:10A84000B727002083C7979E05B7B727002083C787
:10A85000879E19BFEFF06F992300A40099B7B7271F
:10A86000002083C7879409B7B727002083C7879F35
:10A870008D8791B7B727002083C7F79ED5BF1307F1
:10A8800000048947E360A7F2EF600ED72310A4000D
:10A8900009BF011106CE22CC26CA4AC84EC652C4F0
:10A8A00056C2EF603EA135E9B72400209384B49EE0
:10A8B00003C70400854701446301F704B72900205A
:10A8C000514AB7240020854A83C7C99E637BF4029E
:10A8D0003309440303A784E54A978347E700639A53
:10A8E00057012285EFF0AF9E83A784E5CA9723879F
:10A8F000070005041374F40FC1BFEFF04FB12380BC
:10A900000400EF40FE9A6244F240D2444249B24908
:10A91000224A924A05616FF02FC4F2406244D24449
:10A920004249B249224A924A05618280797126D20F
:10A930004AD04ECEB724002006D622D452CC56CAD6
:10A940008947AE8932899384C49E630BF50663619F
:10A95000F5028D476306F50C03C404002285B2504E
:10A96000225492540259F249624AD24A4561828085
:10A970002E85EFF00FE583C704002A84E370F5FE0F
:10A98000E30E09FC1946CE854A859760FD1FE780D6
:10A990002089E9B73305540383278AE51946CE8514
:10A9A0003E9519059760FD1FE780009339ED05047A
:10A9B0001374F40F83C70400E36EF4FC3E8479BF84
:10A9C0000144372A0020D14AF5B705041374F40F67
:10A9D00083C70400E374F4FE330544030A86C145CB
:10A9E0001305352042054181EF402EB979FD4146DE
:10A9F0009305F00F0A859760FD1FE780809471F53D
:10AA0000CE850A85EF602EC769F183C70400E3771E
:10AA1000F4F4E30509F4CA852285EFF01F873DBFF2
:10AA20000144194A75B779714AD006D622D426D284
:10AA30002A8902CC231E0100EFD07EF731C1B72452
:10AA400000209384749403C704008947630AF702C3
:10AA5000930565002A84034555003008EFF01FED8B
:10AA6000B727002083C7C79E6372F5022AC6EFE0AE
:10AA70007FF5B2452A860547A1464A85EFF0EFB635
:10AA8000B2502254925402594561828083C7040017
:10AA900091E795454A85EF604EFFDDB70547E391A5
:10AAA000E7FE8345540001464A85EFF0AFBAC9BFBF
:10AAB0000111C1674AC806CE22CC26CA4EC6FD1770
:10AAC0002E89630CF506EFD09EEE2A84D14431CD59
:10AAD00093056500034555000146D544EFF01FE599
:10AAE000B727002083C7C79E6376F500CA85EFF0BD
:10AAF0005F838144630B09022285EFF00FAE35A01E
:10AB0000CA852285EFF0FF8111C1814405041374C9
:10AB1000F40F83C7C99EE365F4FE6308090037A5F7
:10AB200002001305A5DDEFE06E91F2406244268538
:10AB30004249D244B249056182800144D544B729D3
:10AB40000020C1BF0111C1674AC84EC606CE22CC43
:10AB500026CA52C4FD172E89B2896301F506EFD0CB
:10AB60001EE5D14439C193056500034555000146F2
:10AB7000D544EFF0BFDBB727002083C7C79E6376BD
:10AB8000F5024E86CA85EFF05F81814439A84E8672
:10AB9000CA852285EFF07F8011C1814405041374BA
:10ABA000F40F8347CA9EE364F4FEF24062442685B4
:10ABB0004249D244B249224A056182800144D544C7
:10ABC000372A0020F9BF411122C437240020130482
:10ABD000D49E83450400B727002023A8A7A0614581
:10ABE00006C6EF600EF7034504002244B24041015F
:10ABF0006FB0BEB9411106C622C426C29DE9AA851E
:10AC0000AA8437450F00130505243375A602EF60AB
:10AC1000AEA02A8409C99307E00F6306F5008545B5
:10AC20002685EF608EE62285B2402244924441019F
:10AC30008280EF608EE50144FDB7411106C699E9B7
:10AC4000B287B6852A863E85EFE0FEF6B240014522
:10AC500041018280EF606EE3D5BFB7270020938764
:10AC6000A79403C70700136707F82380E700B727F7
:10AC7000002083C5879F6F600ED65971A6D2B2841B
:10AC80005000CAD0D2CC86D6A2D4CECE2A89368A5B
:10AC900002C223140100EFF07FC9B727002083C749
:10ACA000C79E6372F5102A84EFE0DFD19147AA892D
:10ACB0006312FA0EB727002003C7A79491467917AD
:10ACC00013371700A2854204418019493309240330
:10ACD0004E862685EFF06F9151468145680097506A
:10ACE000FD1FE780005B7000C1454209135909014F
:10ACF0001305492042054181EF402E8805E9414670
:10AD00009305F00F68009750FD1FE780806319EDF1
:10AD1000130559204205700891454181EF40EE85A9
:10AD2000700093F519002685EF608ECF1D65229582
:10AD300042051010930500034181EF400E8415E198
:10AD40000810EFE03FC2001013090105835504000D
:10AD500091C5034624002685EFA00EDB1104E317FE
:10AD600089FE93F9290063890900B727002083C56C
:10AD7000D79E2685EF901EDC9147631AFA04B72709
:10AD8000002003C7A79489476313F7042685EFF0D3
:10AD9000DFEC35A8B727002003C77794D286791750
:10ADA0001337170005B7A147E318FAFCB7270020AF
:10ADB00003C777948947631CF7000146CA85268537
:10ADC000EFF04F89014681452685EFF0AFD0B650B0
:10ADD000265496540659F649664A014565618280B3
:10ADE000B727002023A6A7E48280011106CE2AC639
:10ADF000EFF0CFE93245F240B7270020A386A79EA7
:10AE000005616FE07FF51D7186CEA2CCA6CACAC8C7
:10AE1000CEC6D2C4D6C2DAC0EF101FE9B7270020D1
:10AE200083C7B79481CF0144372A0020D14A3729FC
:10AE30000020194B8347CA9E636CF400F6406644B9
:10AE4000D6444649B649264A964A064B2561828031
:10AE5000B3095403032589E519469305F00F4E9570
:10AE60009750FD1FE780E04D21E9B30464035010C3
:10AE7000F1451385142042054181EF301EF00DEDA0
:10AE80000347F1039307F00F6318F702138534208B
:10AE900042055000C1454181EF303EEE5008C145AA
:10AEA0000945EF309EED832589E554085000CE9585
:10AEB00003C5F500EF101FDF05041374F40F9DBFE9
:10AEC000930705C05D71C207A6C2CAC086C6A2C4E8
:10AED0004EDE52DC56DA5AD8C183130720022A8983
:10AEE000B2846361F75A37D702008A07130747F223
:10AEF000BA979C43828785476384F500614419A80B
:10AF0000834706000947E36BF7FE37270020230538
:10AF1000F79401442285B640264496440649F259E6
:10AF2000625AD25A425B616182808547E398F5FCA0
:10AF300083460600E3E4D5FC372700201307879FEC
:10AF400083470700E5C293E747002300F700D1B726
:10AF50008547E395F5FA834706001147E360F7FA62
:10AF600037270020A30CF79E6DB78547E398F5F8C7
:10AF700083470600E3E4F5F837270020A30DF79E8A
:10AF800049BFC147E39CF5F6372500204146A68519
:10AF9000130585A59750FD1FE78080289DBF854735
:10AFA000E39EF5F483460600E3EAD5F43727002054
:10AFB0001307879F83470700F9C693E7170071B708
:10AFC0008547E39DF5F203470600B7270020238D50
:10AFD000E79E81B79147E393F5F21842B7470F0018
:10AFE0009387F723E3ECE7F0B727002023AEE79E33
:10AFF0000DB78547E394F5F0834706000947E36FF3
:10B00000F7EE37270020A303F79421B78547E3978E
:10B01000F5EE83460600E3E3D5EE3727002013075D
:10B02000F79E39BFED9B15B78547E399F5EC83474C
:10B0300006001147E364F7EC372700202308F79E4A
:10B04000C9BD8547E39CF5EA83470600E3E8F5EAD6
:10B05000372700202309F79E6DBDC147E390F5EA2D
:10B06000372500204146A685130585A425B78547C9
:10B07000E396F5E883460600E3E2D5E837270020AB
:10B080001307F79E05BFF99BC9B58547E398F5E619
:10B0900003470600B7270020A388E79E9DBD914780
:10B0A000E39EF5E41842B7470F009387F723E3E7E1
:10B0B000E7E4B727002023AAE79EA1BDE39005E4BB
:10B0C000EF604E9F01E9EFE09FB4EF406E9EEFE02E
:10B0D000BFC881B5B72700200547A385E79E15BDEA
:10B0E0009D47E39DF5E0938514001946680097504D
:10B0F000FD1FE780E01203C5040050086C00EFF06C
:10B10000FF82B727002083C7C79EAA840944E37340
:10B11000F5E04808EFD09E9209E52685EFE03F9BD9
:10B120006DB75147B384E402B727002083A787E5B2
:10B130005944BE9485472387F400E9BB9D47639B30
:10B14000F50A19469385140068009750FD1FE780A3
:10B15000200D03C5040001466C00EFF02FFDB7275A
:10B16000002083C7C79E6379F5049944B304950210
:10B170005008F14593841420C204C1802685EF3025
:10B18000DEBF2A8405E91307A04185476304E9006F
:10B190009307F00F5008F1452685A307F102EF3021
:10B1A0009EE8B727002003C54794EF30FEE2EFF09A
:10B1B0009FC58DB30944E5BFB727002083C7C7E506
:10B1C0000944E38907D4372700209306A041834729
:10B1D000D7E5631DD90093E7170037250020A30E9C
:10B1E000F7E41D46A685130505E56DB3F99BA30E8F
:10B1F000F7E405B38547E393F5D03727002093069E
:10B20000A0418347D7E56315D50093E72700C5B76D
:10B21000F59BF1BFB7270020A3850794EFF0BFBED1
:10B22000CDB9B72700200547A385E7940144372906
:10B2300000209949130AF00FFD5A372B002083474D
:10B24000C99EE37DF4FCB30434035008F1459384B4
:10B2500014202685EF307EB205E18347F102638D2D
:10B2600047015008F1452685A3075103EF30BEDBA7
:10B2700003454B94EF305ED605041374F40FC1B749
:10B280008547E39DF5C683470600E3E9F5C6372702
:10B2900000202307F79EB5B98547E391F5C683479C
:10B2A00006002547E36CF7C437270020A302F79474
:10B2B0008DB18547E394F5C403470600A54693077F
:10B2C00097FF93F7F70FE3EBF6C2B7270020A384AD
:10B2D000E79481B18547E393F5C2B72700209387B0
:10B2E000979E0347060083C6070001442380E700BA
:10B2F000E39206C2E310B7C2EFE01FA621B985476B
:10B30000E39EF5BEB72700209386879E03C70400FF
:10B3100003C606001384879E2380E60009E66314B3
:10B32000B700EFE07FA303450400EF103F98D5B6C8
:10B330008547E395F5BC834706000D47E360F7BCFE
:10B34000372700202303F794E9B68547E398F5BA39
:10B3500003470600B72700202382E7945DBE05451A
:10B36000EF309EC77DB68547E39AF5B803470600E0
:10B37000B72700202384E79469BE93074002E39F28
:10B38000F5B603C51400014693852400EFF00FDAEB
:10B39000B727002083C7C79EE372F5B6194433046C
:10B3A000850203C70400A1471374F40F6312F70466
:10B3B00009041374F40F420441805008F1452285BA
:10B3C000EF30BE9BE31C05B29385840048086D46B0
:10B3D0009750FD1FE780C0E45008F1452285EF300B
:10B3E0009EC4B727002003C54794EF30FEBE39B690
:10B3F0000504C1B7B727002003D707AE9307400461
:10B400006D44E3F9E7B08547E39AF5AE834706005C
:10B41000E3E6F5AE8DC3B727002083A7C7E4554404
:10B42000E38A07AEB72700209387879F03C70700EB
:10B430001367870001A8B72700209387879F03C75A
:10B4400007005D9B2380E700E9B4B727002003D7FE
:10B4500007AE930740046D44E3FEE7AA8547E39FE8
:10B46000F5A883470600E3EBF5A8F1D7B72700203E
:10B4700083A7C7E45544E38F07A8B7270020938725
:10B48000F79E6DB7930700040944E3E527A9E3930A
:10B4900085A883D504004A85EF50BEEB2A849DBC65
:10B4A0001D7186CEA2CCA6CACAC8CEC6D2C4D6C288
:10B4B000DAC05EDE62DC66DA834725005147E917B1
:10B4C00093F7F70F636AF70237D702008A0713076B
:10B4D00007FBBA979C432A8482878354A5000346BE
:10B4E000C5008346D500268532C636C4EFD02ECCA3
:10B4F000AA87A246324619E185448DAA03C7C70030
:10B50000A14713053400631CF702B727002083A767
:10B51000C7A0A68589C79C4399C38297F1BFB72767
:10B52000002003A5479FEF503E8F79D59307E00F8A
:10B53000E304F5FC85452685EF503ED575BFB7275A
:10B54000002083A707A1A68599C39C43F9F7B727D5
:10B55000002003A5C79FC1BF8355A5002E852EC41B
:10B56000EFD0EEC4AA8749D903C7C700A147130586
:10B5700034001306C4009306C401A245631BF70000
:10B58000B727002083A7C7A0A5DB9C47B5D7829724
:10B59000A5B7B727002083A707A1FDB7034915006A
:10B5A0006310091E83476500858B638C071CB727D2
:10B5B000002083A787A06396071C81455146680831
:10B5C0009750FD1FE780E0CC4C48DDCD83C7650177
:10B5D0001946C105A305F10268089750FD1FE780D1
:10B5E00020C4834764000357810268088987858BDC
:10B5F000D98F2314F102B7240020EFE09F9C83C76A
:10B60000C49EB72900202385A99E9384C49E938954
:10B61000A99E6366F500EFE02FC32380A90003CA4B
:10B62000040083C7090063E44703B727002083C7EA
:10B63000879491C705476397E706EFF02F80B727F8
:10B64000002083A707B081C7854521458297A28541
:10B650006808EFE09F9CAA84554963140512B72738
:10B66000002003C5D79E8945EF20FEA1F640664421
:10B6700026854649D644B649264A964A064BF25B89
:10B68000625CD25C25618280035544008544EFD022
:10B690000EB269DD83475500194693056500A30581
:10B6A000F1021DBF0947E39CE7F881497D5B814AB0
:10B6B000D14CB72B002025A8338C990303A58BE52B
:10B6C00019469305F00F62959750FD1FE78060C7FC
:10B6D00001ED83A78BE5E2979C4B63F3FA00BE8AEA
:10B6E00063F467013E8B4E8A850993F9F90F83C78E
:10B6F0000400E3E3F9FCB38A6A4163D70A04FD5905
:10B70000D14BB72A0020370C00801DA8330B7903DA
:10B7100003A58AE519469305F00F5A959750FD1F2A
:10B72000E78020C219E983A78AE5DA979C4B637604
:10B73000FC0063F43701BE894A8A05091379F90FC1
:10B7400083C70400E364F9FC83C70400E379FAEEDD
:10B75000D144B3049A0237290020032589E52695B0
:10B76000EFD0CEAD19E55285EFE06FB6EFE0CFDE5A
:10B77000F9B5832789E5BE9485472387F400C1B5D1
:10B78000014903461400035544008545EFE09FB48A
:10B79000E30409D64A868D4503554400EFE09FB384
:10B7A000A1BB034715009947631CF70203554500E9
:10B7B000EFD0EE9FAA840DC5B727002083C76794FA
:10B7C00009476389E7020D476380E70205476399EC
:10B7D000E70083455500035544000146EFE08FE73D
:10B7E0000346140089454DBF0146814513050041BC
:10B7F000EFF00FED8355440003C504001546EF50EC
:10B80000BEABF9BF93054500034535000146EFF097
:10B81000EF91B727002083C7C79EE37FF5CC9947F8
:10B820003305F5021306C400914513055520420562
:10B830004181EF304EFFB727002003C54794EF301A
:10B84000AEF95DB9B727002083C7E79E03554500D1
:10B8500091C7B727002083C55794F9B9B7270020AF
:10B8600083C7A79499E39545C1B9EFD04E94AA84B4
:10B87000E30405C88347A400858B95CB0345550099
:10B88000854763F6A7028357C40093F7072085E333
:10B89000700893856400EFF06F89B727002083C795
:10B8A000C79E6396A7008D450355440071B183C5BB
:10B8B00054000355440013068400EFE0AFD901465D
:10B8C0008145D9BD03554500EFF0EF9535B10355DE
:10B8D0004500EFE01FFCB72700209387A79403C71C
:10B8E00007001377F7072380E70039B17971939741
:10B8F000050122D406D626D24AD04ECE52CCC187DC
:10B900002E8463D7070AB727002003C5D79EEF20F0
:10B91000EEB6AA8431C5834705001307100B638C6C
:10B92000E7041307000D6387E7021307000B639614
:10B93000E70203474500F9476317F7000355250061
:10B940008145EFF0EF9683C5440013858400EF80B6
:10B95000AEB021A0EFF0DFB401C52685EF20EEA543
:10B96000A164A18CB2502254268502599254F24906
:10B97000624A4561828083474500E5F303568500AE
:10B98000835565000355250037290020130909A0B8
:10B9900023000900EFF00F9B83470900DDDFB72785
:10B9A000002003C5479423000900EF30EEE275B78D
:10B9B00093F725009DC381450145EFE00FE6B727CA
:10B9C0000020934424009387D79E854511E1894543
:10B9D00003C50700EF202EEB71B793F715006381C5
:10B9E000070EB729002083A789A0B72400209389D8
:10B9F00089A003DA470083A744A0938444A085E389
:10BA00003727002037D60200C165130747A18946B2
:10BA100013060621FD150545EF901EB788C08C4022
:10BA2000134414008DED83A709000146854503D515
:10BA3000470093140401C180EFE0DF8983A7090068
:10BA400001468D4503D54700EFE0DF88B72700208A
:10BA500003C54794EF304ED8EFE04F8421B7372924
:10BA60000020035649A19308F00F094881471307A6
:10BA7000E10074005285EFA0CE87130949A111EDB2
:10BA80000346D1008347C10022065D8E19C69C4043
:10BA9000528583D5A700EFF0EF8A8840035609004E
:10BAA000C1658146FD15EF90BEF888C0931404016E
:10BAB000C18035D9B7270020854503C5D79E19BF5A
:10BAC00093F745008144E38F07E893C4450059BDCF
:10BAD00083462500D14763E4D72837D702009397E0
:10BAE000260013074700BA979C43011122CC06CECB
:10BAF00026CA4AC84EC62A8482878347150037293A
:10BB00000020C5EBB7250020B724002041469385CF
:10BB100005EB1385C4E89740FD1FE780E07BB7295C
:10BB200000203DE91386C4E8C1450945EF30AECF9A
:10BB30001386C9E9C1450D45EF30EECEB727002089
:10BB400003C54794EF304EC93725002093053400D4
:10BB5000130545EC19469740FD1FE780606C85474B
:10BB60002322F9E8B727002003C5D7EA8545EF204F
:10BB70008ED1032549E8B727002083A787A1B5C741
:10BB800003A3070063030306A2856244F240D24484
:10BB90004249B24905610283B72500204146938599
:10BBA00005E71385C9E99740FD1FE780E0723DD99D
:10BBB00061BF99472322F9E86DBF0347150083470A
:10BBC000350031E709476399E702372700208327CB
:10BBD00047E88145014593F7F7F093E707022322F1
:10BBE000F7E8EF606EF4A300A400F2406244D24490
:10BBF0004249B24905618280054781450145639507
:10BC0000E700EF606EE1C5B7EF600ED0E9BF09470E
:10BC1000E38DE7FCB727002003A547E841991365AA
:10BC2000650023A2A7E881BF83471500B724002041
:10BC3000BDEB8D47639AF60437270020834747E61C
:10BC400093968701E18663DD060093F7F7072302E9
:10BC5000F7E6B727002003C5D7EA8945EF20AEC233
:10BC600083A744E8914613F7F7006318D700C19BF8
:10BC700093E7570023A2F4E8B5A08946E307D7F677
:10BC8000C19B93E72700FDB703A744E8B72700202F
:10BC9000238007E69546937707FF3D8B631FD70404
:10BCA00093E74700C1BF83A744E8C19B93E76700C0
:10BCB000D1B7B724002083A744E803471500C19BF0
:10BCC0000DE793E7470023A2F4E80356A500930588
:10BCD0004500034535009146EFE03FFAB7270020C5
:10BCE000238007E603A544E879B593061003E31F14
:10BCF000D7FA37270020230007E693E737009DBFD8
:10BD0000EFF00FFA37270020832747E8954613F610
:10BD1000F700C19B13E537006314D60013E5270035
:10BD20002322A7E889BD37270020832747E8034659
:10BD3000150093F7F7F00DE24D46639CC60093E7BC
:10BD400007012322F7E8832747E8370500015D8DC7
:10BD50001DB593E70702F5B793E70703DDB78280C8
:10BD600003470500930610096307D7009307000DEA
:10BD70006306F70482808346150039476392E60420
:10BD800083564500056713075740639BE602184535
:10BD90009307F007830537006384F502B727002077
:10BDA00083A787A191CF03A34700630B03008347B9
:10BDB000270003451700A2075D8D02836FF05FD156
:10BDC000828001119397050126CA06CE22CCC18735
:10BDD000AE8463DB070CB727002003C5D7EAEF105A
:10BDE000FEE92A8419C9B727002083C737E689EFFF
:10BDF000EFF01FF72285EF105EDC2165258DF24004
:10BE00006244D24405618280834705001307000D18
:10BE10006390E7068347250081E7EFF07FF409A8E8
:10BE20001547639FE7000347C500A147E392E7FC7E
:10BE3000B727002003C5A7ECA285EF103EEC75BF25
:10BE40002147E38CE7FC99466395D700834775004B
:10BE5000F1BF1D47E39EE7F803554500EFC03EB52F
:10BE600051D90347C500A1472285E313F7F8C9B7A5
:10BE70001307200AE38EE7F613071009E39FE7F89C
:10BE800003471500B947E31AF7F8035745008567DC
:10BE900093875740E313F7F8184583472700034576
:10BEA0001700A2075D8D5DBF9397150163D207024E
:10BEB000372600201306C6A191451145EF30AE96F6
:10BEC000B727002003C54794EF300E9111653DB7A9
:10BED00093F71500D5C3B727002083C707E6B5C37E
:10BEE000EFC0BEDBB727002083C7C7B0636EF50481
:10BEF0008D472302F100B727002083C717E64C00C7
:10BF00002306F100B727002083C707ECA306F10042
:10BF1000B727002003C5D7EAEF501ED91DC1B727A8
:10BF2000002003A547E841991365650023A2A7E80F
:10BF3000B727002083A787A189C79C4399C3814560
:10BF4000829713C5140065BDB727002083C727E675
:10BF5000B725002019462302F100B727002083C728
:10BF600087E8938585E613056100A302F1009740F9
:10BF7000FD1FE780E02A41B793F725000145E380E4
:10BF800007E8B727002083C747E6858B8DCBB72707
:10BF9000002003C5D7EAEF602E8215C1B727002025
:10BFA00003A547E81375F5F023A2A7E8B7270020FB
:10BFB00083A787A189C79C4399C38145829713C5ED
:10BFC000240035BD397122DC06DE2A842ECE32CC27
:10BFD00036CA3AC83EC6EFC09E9D05C9F2456246C4
:10BFE000B247D24642472314B1022315C1022C1096
:10BFF0003E8622852316D1022317E102EFC03E8B35
:10C000000145F2506254216182805145DDBF01112A
:10C01000B727002006CEA38EA7C691C52E8532C6AF
:10C02000EFE07FBA3246B727002083A747E8B1E3A5
:10C0300009C6B727002023ACC7A037260020B725A4
:10C04000002037250020F240034666E683C5C5EA96
:10C050000345D5EAB727002037270020B726002060
:10C060009387C7A11307C7E99386C6E805616F6088
:10C07000DEF9F240454505618280B727002083C77D
:10C08000C7B091EB614582806145B2402244924441
:10C09000024941018280411126C2B724002022C4F6
:10C0A00003C4D4EA06C64AC09307F00FE31EF4FCAB
:10C0B00037C50200130525DCEF200EFFA386A4EA96
:10C0C000E30485FCB727002023AC07A0B727002096
:10C0D000114723A207E8B72700202386E7EAB72401
:10C0E0000020EF40BED8414681451385C4E8974003
:10C0F000FD1FE780001A37240020414681451305C3
:10C10000C4E99740FD1FE780C018B72700202381AE
:10C1100007E6B72700201D47238407E8B72700203C
:10C12000A380E7E637290020B72700201386C4E85C
:10C13000C1450945238007EC232E09A0EF20FEC34B
:10C140001306C4E9C1450D45EF203EC33725002045
:10C1500041469385C4E8130505EB9740FD1FE78032
:10C16000200C3725002041469305C4E9130505E757
:10C170009740FD1FE780C00A1306C9A191451145EC
:10C18000EF20BEBF014511B7FD5737270020A3069A
:10C19000F7EA37270020130787C7A302F700230316
:10C1A000F700372700208546230607EA37270020B7
:10C1B0002300D7E6372700209946232E07A03727EC
:10C1C00000202310D7E80567130707C8B72600200B
:10C1D0002395E6E837270020230307E637270020CA
:10C1E000A30107E6372700202305F7EC37250020B9
:10C1F0008D4737270020A302F7E61946372700208E
:10C200008145130585E62307F7E61743FD1F670001
:10C210004308930705D04111C20722C406C6C18353
:10C2200051472E84636AF70E37D702008A07130737
:10C230008705BA979C438287B727002083C7C7EA40
:10C240002300F4003DA0B725002041469385C5E8B2
:10C2500022859740FD1FE780A0FC21A8B72500207C
:10C2600041469385C5E9EDB7B727002083A7C7A14D
:10C270009CC18147B24022443E8541018280B7255E
:10C2800000201946938545ECE1B7B727002083C706
:10C2900007E67DB72E85EF602E96E1BF2E85EF6015
:10C2A0002E98C1BFB727002083C727E651BFB72705
:10C2B000002083C787E869B7B72500201946938512
:10C2C00085E679B7B727002083C717E695BFB7275C
:10C2D000002083C707ECADB7B727002083A747E846
:10C2E00085B7B727002083C767E699BFB727002027
:10C2F00083D707E82310F400ADBFB727002083D70A
:10C30000A7E8CDBFB727002083C757E615BFB727DB
:10C31000002083C7E7E62DB7130700048947E36BC6
:10C32000A7F4EF407EAD2310A400A1B79307F5CF8B
:10C33000C207C1834D472E88636DF722B7D602002E
:10C340008A079386C60AB6979C43411106C6B285F2
:10C350008287C146E1476310D80437250020414653
:10C360001305C5E89740FD1FE78080EB25A0C14677
:10C37000E1476312D8023725002041461305C5E97D
:10C38000D5B79146E1476318D8001842B727002077
:10C3900023AEE7A08147B2403E85410182808546B9
:10C3A000E147E31AD8FEB727002083C6050003C67D
:10C3B00007E62380D7E6814705C6F1FE3727002030
:10C3C000032747E889463D8B6305D7009546E3146C
:10C3D000D7FCB727002003C5D7EAEF507EA45DBF86
:10C3E000DDDAB726002083A646E863860601BD8A0B
:10C3F000F516E362D8FAB727002003C5D7EA8545CA
:10C40000EF107EC841BF9307C01C63E00717630E9F
:10C410000614B240428541016F501ECF9307C01CE5
:10C4200063E5071563030614B240428541016F506E
:10C43000BEDE8546E147E310D8F603470600A9466D
:10C44000E3EBE6F4B72700202381E7E6A1B78546B2
:10C45000E147E312D8F4034706008D46E3EDE6F228
:10C46000B72700202384E7E835B79946E147E3146E
:10C47000D8F2372500201946130585E6E5B585462F
:10C48000E147E31AD8F0034706009D46E3E5E6F0EE
:10C49000B7270020A380E7E6F5BD8546E147E31C0A
:10C4A000D8EE034706008D46E3E7E6EEB727002007
:10C4B0002380E7ECC5B58546E147E31ED8EC03478A
:10C4C0000600B72700202383E7E6E9B58946E14760
:10C4D000E313D8EC0356060005671307A7C79306B6
:10C4E000A6FFC206C182E368D7EAB72700202390DF
:10C4F000C7E84DB58946E147E31FD8E80356060073
:10C5000005671307A7C79306A6FFC206C182E364A7
:10C51000D7E8B72700202395C7E8ADBD83450600BF
:10C52000B7270020A382B7E6B727002003C6E7E6B7
:10C530000145EF002FF8B9BD03460600B7270020DC
:10C540002387C7E6B727002083C557E6D5B79307EB
:10C55000000463EEA70009478947E31EE8E2B24002
:10C560008355060041016F40DEDEE1472DB5894766
:10C570001DB59307000463E9A7000947894763963F
:10C58000E50083550600C5B789473E8582806F0068
:10C590002FED6F00CFF6014881476F00EFED0111DD
:10C5A00006CE2AC6EFC0AEC009C9B245F240034567
:10C5B00005004D4605616F403ED0F240494505619A
:10C5C00082806F006FEF6F00CFF36F002FEB6F0073
:10C5D0008FF36F008FF3411106C6EF20DF99377597
:10C5E00001001305C549EF202EACEFA03ED2371550
:10C5F00001001305C541EF202EABEF405EDC37454F
:10C600000100130565CAEF202EAAEF70AEE637A52C
:10C610000100130585EEEF202EA9EFD0DEA037C56F
:10C6200002001305C58EEF202EA8EFE00FFC377532
:10C63000010013056598EF202EA7EFA0EEB0B240E1
:10C6400041016FD04FAA411106C6EF70BF8F3775F9
:10C6500001001305C549EF202EA5EFA03ECB3715ED
:10C6600001001305C541EF202EA4EF405ED53745EC
:10C670000100130565CAEF202EA3EF70AEDF37A5CA
:10C680000100130585EEEF202EA2EFD0DE9937C50D
:10C6900002001305C58EEF202EA1EFE00FF53775D0
:10C6A000010013056598EF202EA0EFA0EEA9B2407F
:10C6B00041016FF09F9C41113707002006C6B70764
:10C6C00000201307E74C98C3371700201307A71261
:10C6D000D8C3371700201307C77F37260020B705B8
:10C6E0000020316598C713068683938505041305DA
:10C6F000052B9740FD1FE780E09137260020B725E6
:10C70000002037D50200130606959385858313050F
:10C7100045239740FD1FE780E08FB240410117435A
:10C72000FD1F670043909781FD1F9381A18D17A185
:10C73000FD1F1301210D1705FEFF1305A5B4974535
:10C74000FD1F9385258D1746FD1F1306A68F63FCDD
:10C75000C5008322050023A0550011059105E3EAD9
:10C76000C5FEEFF05FF57300203011CE9307000295
:10C77000918F635BF0003355C500B397F50033D656
:10C78000C5005D8DB2858280130506FE014633D556
:10C79000A500B285CDBFB687B2882A832E88639D57
:10C7A000061463F9C50A4167636EE61AB70700010C
:10C7B0006363F63493568601E147171700001307A9
:10C7C0002794369703470700BA97130700021D8F77
:10C7D00019CB3398E500B357F500B318E60033E8FA
:10C7E00007013313E50013D608013355C8029396A9
:10C7F0000801C182935703013377C802B385A602AB
:10C8000042073368F700637AB80046989307F5FF4C
:10C81000636418016367B8303E853308B840335706
:10C82000C8024203135303013378C802B386E602F9
:10C83000420833686800637BD80046989307F7FF87
:10C840006365180179176363D8003E874205598DE7
:10C850008145828001E60547B358C702416763EA14
:10C86000E80EB707000163ECF82893D68801E1478A
:10C87000171700001307C788369783460700BE9630
:10C8800093070002958FE5EB939E080133871541CE
:10C8900013DF080193DE0E018545935703013355DD
:10C8A000E7033377E703B306D5034207D98F63FA6B
:10C8B000D700C6971307F5FF63E4170163E6D72691
:10C8C0003A85958F33D7E703420313530301B3F738
:10C8D000E703B30ED703C207B3E7670063FBD701D3
:10C8E000C6979306F7FF63E51701791763E3D7014E
:10C8F00036874205598D828063E2D504C16763E2C1
:10C90000F604B707000163E4F61E13D786016148F9
:10C91000970700009387C77EBA9703C70700130ED7
:10C9200000024297330EEE40631A0E0C63EDB61C04
:10C930003335C50013451500814582808145014589
:10C9400082809307F00F63F3D71C13D7860021482A
:10C95000C1B71307F00FC686E37C17F193D68800A2
:10C96000A14739B71307F00FB286E378C7E49356AF
:10C970008600A14799B5B398F80033D6D50013DFE8
:10C980000801335EE6033397F500B356D500558FA3
:10C99000939E080193DE0E013313F50093550701B2
:10C9A000B376E603B387CE03C206CD8E63FBF600F3
:10C9B000C6961306FEFF63E4161763F2F616791E99
:10C9C000C6969D8E33D6E60393170701C183B3F64F
:10C9D000E6033385CE02139706015D8F637BA700C4
:10C9E00046979307F6FF636817136376A7127916C5
:10C9F000469793150E01098FD18D45B5B357E600C3
:10CA0000B396C601DD8E33D3E50013DF0601B357BD
:10CA1000E303939E060193DE0E013398C50133575D
:10CA2000E50033680701935808013316C6013373D4
:10CA3000E303B385FE024203B368130163FBB8004E
:10CA4000B6981387F7FF63EAD80C63F8B80CF917A8
:10CA5000B698B388B84033D7E803420813580801A2
:10CA6000B3F8E8033383EE02C208B3E5080163FBC1
:10CA70006500B6951308F7FF63EDD50863FB6508FD
:10CA80007917B695C207416FD98F1307FFFFB3F629
:10CA9000E70093D80701718F4182B38EE602B38518
:10CAA0006540B386C60213D80E013387E802BA96F2
:10CAB000C2963386C80263F3E6007A9693D80601DD
:10CAC000469663E2C5026385C5003E858145828046
:10CAD00041677D17F98EC206B3FEEE003315C5011E
:10CAE000F696E374D5FE1385F7FF8145828013D750
:10CAF0000601414831BD93560601C1477DB993D621
:10CB00000801C147B5B38145054582803687014894
:10CB100001B5428785BF3E86E9BDBA871DBF328E0B
:10CB20004DB579154698D5B97915C69759BBB3C790
:10CB3000A5008D8B3307C50081E78D4763EEC700E5
:10CB4000AA876370E50A83C6050085078505A38F5C
:10CB5000D7FEE3EAE7FE828093763500AA8791CA82
:10CB600083C6050085078505A38FD7FE93F637009A
:10CB7000FDB79376C7FF138606FE63F0C70683A34F
:10CB8000050083A2450083AF850003AFC50083AED7
:10CB9000050103AE450103A3850183A8C501938563
:10CBA000450223A0770003A8C5FF23A2570023A4B2
:10CBB000F70123A6E70123A8D70123AAC70123ACC5
:10CBC000670023AE17019387470223AE07FF75B7AF
:10CBD00090419107910523AEC7FEE3EBD7FEE3E456
:10CBE000E7F68280F401FA00960064004B00320000
:10CBF0001E001400FB349B5F8000008000100000CA
:10CC000000000000662E0100E02E0100582F0100F8
:10CC1000582F0100F42E0100582F0100102F0100A1
:10CC20002E2F0100582F0100442F0100DCFB0000D3
:10CC30005648010016FC0000E656010092FC000078
:10CC4000B25601004CFD00007E560100E8FD0000D8
:10CC5000FA61010036FE0000FA61010090FE00005A
:10CC60004C6101004CFD00001E56010024FF000035
:10CC70006E59010000000000000000006EFF00007F
:10CC8000FA590100E0FF0000DA480100589701005E
:10CC9000589701007E970100969701009E9701002A
:10CCA000A6970100AE970100B6970100BE9701005C
:10CCB000C6970100CE970100089801001098010066
:10CCC000D6970100010102010201010201020404E0
:10CCD0000601040101010101040402010400000035
:10CCE0000101020102010102010104040601040123
:10CCF0000101010104010201010000001AA6010066
:10CD000026A6010068A601008EA7010098A70100D1
:10CD1000DCA701001EA801005CA8010094A8010086
:10CD20002EA70100C8A8010054A90100B8B5010050
:10CD300096B50100B8B8010014B9010020BC01008B
:10CD40003ABA010080BA0100C4BA0100FCBA01007D
:10CD500040BB010096B5010084BB0100FABB010095
:10CD6000000000000000000000000000000000873C
:10CD7000070B0D1113171D1F25292B2F353B3D4385
:10CD800047494F535961FF0024E9010058E9010068
:10CD900078EA0100A8E8010018EB010082EB01002D
:10CDA00056EB0100E8EB010066EC0100BAE8010077
:10CDB00028EA0100D0E901005A14020036220200DC
:10CDC000301502009822020054150200F4150200EA
:10CDD0002216020066160200A221020012210200A1
:10CDE000C6170200F2170200641802000A190200B6
:10CDF00082200200941F0200A21E0200AC0B02005F
:10CE0000BC190200101A02006C2402000424020063
:10CE1000421A0200EA1B02003E1D0200C81D020069
:10CE2000002B020010250200DE240200D42702009D
:10CE3000A4270200762702003627020008270200F6
:10CE4000E6280200EA28020024260200EE2802005A
:10CE5000E4250200F2280200F6280200FA28020067
:10CE6000DE280200D42502009C250200E2280200F0
:10CE70007A2502007C2802001A280200E22402001F
:10CE800043483539785F424C455F4C49425F5631E3
:10CE90002E342E340000000060A702006EA70200AE
:10CEA0007AA7020084A702008EA70200AEA70200A4
:10CEB000BAA70200C4A70200D0A70200DAA70200A6
:10CEC000E4A70200EEA70200F8A7020004A80200EF
:10CED0000EA8020018A802007EA8020022A80200E4
:10CEE0002CA8020036A8020040A8020054A80200A4
:10CEF0007EA802007EA802007EA802007EA8020092
:10CF00007EA802007EA802007EA802007EA8020081
:10CF10005EA802004AA802007EA8020068A80200DB
:10CF200074A80200F6AE02002AAF020050AF020061
:10CF30006AAF020082AF02009EAF0200C0AF0200E3
:10CF4000D4AF0200F2AF02000CB0020028B0020021
:10CF500042B002005AB002006EB002008AB0020075
:10CF60009EB00200BCB0020080B2020098B2020083
:10CF7000B2B20200D4B2020084B4020030B30200A4
:10CF8000E0B002004AB302005EB302003CB102000E
:10CF90003CB1020014B2020022B2020066B30200E9
:10CFA000FEB202007AB30200F4B302004AB40200F7
:10CFB000CEB80200F8B40200F8B4020004B80200CF
:10CFC0009CB50200DAB40200C4B80200F8B4020052
:10CFD000A2B7020044B80200F8B40200F8B402009C
:10CFE000F8B40200F8B40200F8B40200F8B4020089
:10CFF000F8B40200F8B40200F8B40200F8B4020079
:10D0000058B50200FABA0200EABB0200BABB02003D
:10D0100028BC020028BC0200B2BC020000BD020015
:10D02000EABB0200EABB0200EABB0200EABB020064
:10D03000EABB0200EABB0200EABB0200EABB020054
:10D04000EABB0200EABB0200EABB0200EABB020044
:10D0500026BD020026BD020038C2020046C2020000
:10D060005CC2020068C202007EC202008AC20200E4
:10D0700094C202009CC20200A4C20200AEC202001E
:10D08000B8C20200C4C20200CEC20200D8C202006E
:10D09000E2C2020018C3020018C30200ECC2020080
:10D0A000FAC2020004C302000EC3020052C302000F
:10D0B0006EC3020082C302004EC502009EC302007E
:10D0C00006C402001CC4020032C402004EC40200A6
:10D0D0006AC402007EC402009AC402004EC5020067
:10D0E000B6C402004EC502004EC50200CCC4020008
:10D0F000F4C402001CC5020038C50200000102028F
:10D1000003030303040404040404040405050505DF
:10D1100005050505050505050505050506060606BB
:10D12000060606060606060606060606060606069F
:10D13000060606060606060606060606070707078B
:10D14000070707070707070707070707070707076F
:10D15000070707070707070707070707070707075F
:10D16000070707070707070707070707070707074F
:10D17000070707070707070707070707080808083B
:10D18000080808080808080808080808080808081F
:10D19000080808080808080808080808080808080F
:10D1A00008080808080808080808080808080808FF
:10D1B00008080808080808080808080808080808EF
:10D1C00008080808080808080808080808080808DF
:10D1D00008080808080808080808080808080808CF
:10D1E00008080808080808080808080808080808BF
:0CD1F000080808080808080808080808D3
:08D1FC000200000018D202003D
:02D20400012AFD
:02D20800A62A54
:02D20C000328F5
:02D210000229F1
:02D21400002AEE
:02D218000018FC
:02D21C000118F7
:02D220000228E2
:02D22400042ADA
:02D228000028DC
:02D22C000128D7
:02D23000052ACD
:10D234000200000028D2020001000000FCD102001C
:10D24400020000000CD20200010000002719002097
:10D254000200000014D202000100000000000000DF
:10D26400020000000CD2020001000000241900207A
:10D274000200000004D202000100000098190020FE
:10D28400020000000CD20200010000002819002056
:10D294000200000024D20200010000002C1900202A
:10D2A400020000000CD20200010000002619002038
:10D2B4000200000008D2020001000000251900202D
:10D2C400F42901004A2B01000000000002000000C4
:10D2D40028D20200010000003819002002000000DA
:10D2E4000CD20200010000004319002002000000DB
:10D2F40030D2020000000000000000000200000024
:10D3040010D2020003000000000000000000000032
:10D31400964A010000000000C3812F0102010202AD
:10D32400020000005000A0000000E803FFFFFF001F
:10D33400020000001CD202000100FF2001050201CE
:08D344000110010100000000CE
:040000030000C00039
:00000001FF
