:020000024000BC
:100000006FC062520000000000180118002801288B
:100010000228032800290129022903290429052986
:10002000062907290829002A012A022A032A042A64
:10003000052AA62A58CD06006E1F0400D40200200F
:100040003E030020C00200208E0200201C0200207F
:10005000562104009E21040044230400D0250400FE
:10006000BC260400CC1D04008A1C04004C1D0400A6
:10007000DC1C0400AC2C0400CE0400202C21040065
:10008000782904001A6B0600126D06008A6D0600BE
:10009000A81B0600DC1B0600D26905007C5D05007C
:1000A000AA640600AE290400A026060096E3040018
:1000B00024E404007CE404004C350400983504007A
:1000C000023404008E9F0400489A04002CA9040006
:1000D000FCAC0400A8B00400648C0400028C040092
:1000E000EC8F0400B08C0400D88B04005C8C0400FE
:1000F0008A8B0400348D04008C8D04003C8D040038
:10010000408D0400DA8D0400948D0400C68D040037
:10011000E8920400F0920400308D0400388D040051
:10012000D88D0400EC920400888E04005E940400D4
:10013000F0BE04006EBF0400ACBF0400F2A10400D6
:100140000AA2040046A20400BC850400DA8604006A
:10015000508704004A540400F04E0400C67A04009C
:100160006E4F0400F2750400F8A8060042A10600D4
:100170002CA606005CBF060022BE0600A6C2060032
:100180005EC206009EC206004EC306000C8F06002B
:10019000DEC2060084B50600AAB50600D2B5060088
:1001A000BEC306001EBC0600D4BB06002EC406005B
:1001B000A8910600449206006C9206000E9206007A
:1001C000724806003C320600DC3506009A33060011
:1001D000243E06007A65060048640600408F06004B
:1001E0004A2E0400181D0600802606007827060007
:1001F000EC5A06007E5B0600325D0600F6A50400A0
:100200004A470600CC3E060002300600B041060018
:10021000EC310600DE060020041E0600CAC20600FD
:1002200062C206009AC2060096C206005C2504005F
:1002300044A30400D2C2060068490600364A0600FC
:10024000B04A060092A60600CEC20600D6C206003C
:10025000085D0500DAC2060016120020DC1100203D
:1002600072A6060018A80600184806000000000044
:10027000000000000000000000000000000000007E
:100280006373B60082801C419105110523AEF5FE13
:10029000C5BFB7270020372700209387879F130704
:1002A00007FC6373F700828023A007009107D5BF86
:1002B0004111B7E700E022C480433707200006C69B
:1002C000798C23A0E7180F10000011C199E5B7E75A
:1002D00000E023A08710014545A893073500C20719
:1002E000C183F19BC207C183130740036366F70212
:1002F00037270020032547B3372700208326C7B2BE
:100300006391A60237270020032747BC69D3C207A1
:10031000DD8D0545029765BF37270020032507B30C
:10032000E1BF035765002DE7035745006362F706F9
:10033000B72600203306F74021489386C6B363787A
:10034000C8028328050003D86600138687001D8F26
:100350002A9661172312E6002320160123130600B4
:1003600010C12312F500130788FF2393E60023131F
:10037000B50083D566002105B387F5402393F600C9
:10038000B7E700E023A08710B240224441018280F9
:100390000841BDB7B7E700E003A807003707200012
:1003A00023A0E7183378E8000F10000001E523A030
:1003B00007118280B727002003AE47B3B72700207C
:1003C00003A3C7B28146F28763FC670A83A80700CC
:1003D000636BF50A63E9A80A138787006362E50A7D
:1003E00003D66700216705076319E600372600205A
:1003F000034786A805072304E6A83726002013052F
:10040000C6B383D54700035765002393070013063F
:10041000C6B32E97420741832313E5006387C703C2
:1004200037250020032505B36301F50203D56600D7
:1004300009ED83D7460023A016012107BE95A1052B
:100440002392B6002313E600B6879843630A670237
:10045000B726002083A606B36304D702835667003D
:1004600085E283D64700835547001843A106AE9620
:100470002392D70098C383576600A1072313F60081
:10048000B7E700E02DB7BE86C6873DBFB7E700E0FF
:100490009843B706200023A0D718758F0F100000CF
:1004A00001C599C1814711E6B7E700E023A0E71035
:1004B0008280B386F50003C80600B306F500850701
:1004C00023800601E317F6FEC5B737E700E01C43BB
:1004D000B70620002320D718F58F0F10000019C190
:1004E00091C111E637E700E02320F71082809105E3
:1004F00003A7C5FF11057D16232EE5FEDDB737E7FF
:1005000000E01C43B70620002320D718F58F0F10FA
:10051000000001C53307C50011E637E700E02320DE
:10052000F71082800505A30FB5FEE31DE5FEF5B7C4
:1005300081473307F5000307070019E33E858280F2
:100540008507C5BF37E700E01C43B706200023201E
:10055000D718F58F0F10000001C599C1014711EAA6
:1005600037E700E02320F710054582800507E309FF
:10057000E6FE3308E500B386E5000348080083C6BD
:100580000600E305D8FE37E700E02320F710014519
:1005900082809307F6FFBE952A966313C50082807A
:1005A000FD1583C715000505A30FF5FEFDB7AA8746
:1005B000014581CF09CE3E96850703C7F7FF631734
:1005C000B700E39BC7FE054582808280014582809B
:1005D00079714AD03729002022D4032409B906D6DC
:1005E00026D24ECE52CC56CA5AC85EC662C45DC42C
:1005F000372A0020B7290020B7240020814BB72AD2
:10060000002037CBC901130A4AB99389C9B393842F
:1006100004BE8357240099EF5C44639A0B0023289F
:10062000F9B8032CC4002285B5336284A9A823A697
:10063000FB00C5BF83A78AB882971C443307F540E7
:100640006375F500D8401D8F2A979306FB3763EB3F
:10065000E60623A8090083552400034504009720DB
:1006600004E0E78080D65C405844A9C70C44D040E1
:10067000AE97BE8663E4B70063E4C700B386C740A5
:1006800014C4A28B3A8451F4B72700209387C7B3D0
:10069000984B894663FBE606791798CBB2502254F3
:1006A00092540259F249624AD24A424BB24B224C0E
:1006B0004561828063950B002328E9B89DB723A686
:1006C000EB0085B703274A021DCB63EDA7023385F4
:1006D000A7408347040091EF03477A01D44059179C
:1006E000B307A7003E8563E4E70063E4D7003385E2
:1006F000D74083A709016374F50023A8A900A28B42
:10070000404451B7D840BA97D9B723A8070079B762
:10071000B727002003A787BD411122C406C63E8427
:1007200011C30297B727002083C767B893F7F70F65
:1007300099E3232C04BCB240224441018280011180
:100740004EC6B729002083A789B606CE22CC26CA7A
:100750004AC852C456C281C7829723A409B6B72497
:100760000020938784EB83C75700372400209384AD
:1007700084EB858B130484B681CF83C7740019473B
:100780006316F70EA3820400EF0050765C44829754
:100790001C4491C3829737240020372900209307F7
:1007A000C4B30327C9B803C61700130AC4B38347E9
:1007B000C4B393961700BA9683D60600F9C283474E
:1007C000C4B363E8C70C83A789B6230E04B263944D
:1007D0000712B727002083A787B8638E0710B727B3
:1007E000002083A747BE2328FA00DD3383C7B40067
:1007F0006393071083C7940081CF83C7740093F776
:10080000F70F99E7A3840400972006E0E78060BC17
:10081000B727002083A787BBF9CF83270A01E1CF41
:1008200083C7740015476368F70CB72700209387C8
:1008300047F083C7C700918BDDEFB727002083C740
:1008400067B893F7F70FC5EB83461A000326C9B8BC
:1008500063CCD70A6244F240D2444249B249224AA8
:10086000924A0561172304E06700831483C774006C
:100870001D47E31FF7F0A3820400EF0030671C4818
:1008800039B7850793F7F70F230EF4B2E3E1C7F208
:100890003DB786073E9783550700231007000345A1
:1008A000C4B3B727002083A747B613172500B72A7C
:1008B0000020BA979C4323920AB8829783D74AB8FC
:1008C0000347C4B393C7F7FF7D8D93171700032722
:1008D000C9B83E97835707005D8D2310A700834753
:1008E000C4B381C78507230EF4B20347C4B383475B
:1008F0001A00E37AF7ECF2406244D2444249B2492A
:10090000224A924A05618280139717003297035753
:10091000070075F385072DBF37C700408326C72022
:10092000B707FCFFFD17F58F2326F7200100010014
:10093000B72700209387C7B3C84F8327872623266E
:10094000D7206A0593C7F7FF99835D8D8280B7270B
:10095000002003A347BF6303030002831305F00FC6
:10096000828003278511630207120346E50485464A
:10097000630E0610411122C406C68347C5002A84AF
:1009800093F7C70F2306F500834597000358C70068
:10099000139585016185637F060763580506034546
:1009A000870093F5F507A304B70093E527006314C8
:1009B000D50093E517002306B4005C4389075CC3A8
:1009C000A30AC400032504114C430905C13483273D
:1009D000841103465401D44303D7C700B296118F44
:1009E000D4C32396E7008947A30DF400B72700205E
:1009F0000347640383C767BA6377F7048347C40078
:100A000093E707012306F4003DA893E717002306A8
:100A1000F4007DB71376F80F635D05020345870088
:100A200093E527006314D50093E517002306B4006F
:100A3000A30AC400A30407008547A30DF40083277D
:100A400084119C43C5F7B24022448146368541015A
:100A5000828093E717002306F400A30AC400A304CE
:100A60000700032504114C434286090505348327FA
:100A7000841103465401D44303D7C700B296118FA3
:100A8000D4C32396E7008D474DBF854636858280C7
:100A9000B727002083A747E9411122C406C6858BEA
:100AA0002A84DDEB4165130525F5977005E0E780A5
:100AB000802B5DC18347A5002315F5008327041211
:100AC000B5E72320A4122322A41285472311F4049E
:100AD000232005008347640154412316F500034792
:100AE000D4002304E5000547A304E50037270020D0
:100AF0000327C7ED1385170215811C437D15137558
:100B0000F50F9CC25C43DCC21C479CC65C47DCC63C
:100B10001C4B9CCA5C4BDCCA1C4F9CCE5C4FDCCE91
:100B200019CD9386060213070702C1BF832744121B
:100B300088C3835724042322A412850741BFB72703
:100B40000020938787D603D7870005072394E70003
:100B5000B2402244410182808347C400230904003B
:100B6000054593C747002306F400DDB78347850199
:100B700093F7E70FDDEB83479501C5EB03462501AE
:100B80008346C50009CA372700208345650303470C
:100B900077BA63E7E50013F7060149CB014709C6B9
:100BA000C18A0357651C81C68356A51C36973DCF65
:100BB000B727002003D587BE1307C71237460F009B
:100BC000B335A702411113060624814622C426C26A
:100BD00006C67D543305A70297C006E0E780A0C58E
:100BE000B727002083C7B7BAB384A700B727002070
:100BF00003A707E08327070963F387003E841843B0
:100C000075FBB727002083A787B882978147636465
:100C1000A400B307A440B2402244B3B7970093C7DF
:100C2000170092443E854101828081473E85828043
:100C3000B727002003A707EE3C5BFDFF0100010082
:100C40008280011122CC4AC84EC606CE26CA52C4A2
:100C500056C25AC00347B50085472A842E89832986
:100C60000509631BF72483570508835AC503372AF0
:100C70000020130A0ABE63F75721834605016393D8
:100C8000E62003278511631F071E0327450A631B00
:100C9000071E8346F5001D476396E61E03471401B1
:100CA000B38AFA4013950A01418121CF9377170047
:100CB00099CB8357E40583560404958F63D5A70029
:100CC0001395070141819377270099CB8357E4124D
:100CD00083560404958F63D5A700139507014181BE
:100CE0009377070199CB8357C41483560404958FD7
:100CF00063D5A700139507014181218B11E311E111
:100D000005450357A4039307204E83244409330564
:100D1000A702035B8A0037460F00814613060624AC
:100D20003305F502B727002083C7A7BAB35495024D
:100D3000B335AB02BE94C204C180231394083305BB
:100D4000AB0297C006E0E78000AFB307350133B5CB
:100D5000A7002E953E8783264A0019E163E4D70059
:100D60003387D740B3846403B7460F009387F623D5
:100D7000938606242320E900A697B3D7D702D697F7
:100D8000636CF70E1D8F2320E900B729002083A78D
:100D900089B883240900829763E3A4123385A440B1
:100DA0006350050C83A789B8372B0020130B0BBEAB
:100DB000829703270900636AE510198D8357E403BE
:100DC00003578B008E07B387E70213070032938720
:100DD0000719B3D7E70263EFA70E374A0F00930A4C
:100DE000FA23130A0A248357040485072310F40402
:100DF0008347041499E32285AD2A2285976005E094
:100E0000E78060ED6DE5832604098327C408032786
:100E10004B00B6973E8563E4D70063E4E700338573
:100E2000E7408347F401835464082328A408850716
:100E3000A30FF40083578B00B384F402D694B3D489
:100E400044036365950CB304954083A789B82320B8
:100E50009900829763E0A40C3385A440E34505F82C
:100E6000B727002083C7B7BA63E4A708B7270020D5
:100E700023A487E00145ADA883264A00B387F64046
:100E80003E9711B783578A0003576408B7460F008F
:100E90003307F7029387F6233E9793870624B357C9
:100EA000F70263E7F900B387F9402320F900F1BDA9
:100EB00003274A00BA99C5BF23A03501F9B5B72762
:100EC000002083A747BEBE94D1BD83274B00998FD6
:100ED0003E95EDB5A1452285976005E0E780C0D835
:100EE000A305A402B727002083A747BC81EF7D5547
:100EF000F2406244D2444249B249224A924A024BE9
:100F000005618280894515458297D5B7B30497401E
:100F1000AA9425BF83274B00BE943DBF31C9011160
:100F20006C0022CC06CE2A84293B15CDFD576302E6
:100F3000F50237270020B2478345B7BA63EFB70001
:100F400003459402B385B7402EC6971004E0E780AE
:100F5000C05EF2406244056182803727002003278B
:100F600047BEBA97F1BF977005E0E7800093D5B709
:100F70008280797126D206D622D44AD04ECE52CC67
:100F800056CA5AC85EC68347550303447513AA84DC
:100F90003E941374F40F9307400263F68700130422
:100FA000B4FD1374F40F03AA841383AAC413A38B90
:100FB000841222865285D68597C006E0E78020827B
:100FC000058915E503CBD41201498149337B6403BC
:100FD000930B50024A865285D68597C006E0E7807B
:100FE0000080058915C5639169031374F90F238B7C
:100FF0008412B250225492540259F249624AD24A9F
:10100000424BB24B456182808509E20993D98941FF
:101010000509E31179FDE1BF83278509035605041E
:10102000797193D60701BD8EC206C182358E1357E2
:10103000764093575640898B058B5D8F935736408A
:10104000918B5D8F93571640A18B5D8F9317160080
:10105000C18B5D8F9317360093F707025D8F93174F
:1010600056009355860093F707041E065D8F13768E
:10107000F60F518F93D7554013D63540118A898B7F
:10108000D18F13D67540D18F13D61540218AD18FB9
:1010900013961500418AD18F1396350013760602F8
:1010A000D18F13965500137606049E05D18F93F5C4
:1010B000F50FCD8FA20745465D8F3307C70222D4B7
:1010C0002A8426D252CC56CA032A8413832AC413F4
:1010D0005AC806D63697420741839357774013552F
:1010E00057400989858BC98F135537401189C98F9E
:1010F000135517402189C98F131517004189C98FCE
:101100001315370013750502C98F13155700935532
:101110008700137505041E07C98F1377F70FD98F42
:1011200013D5354013D755401189098B498F13D5F5
:101130007540498F13D515402189498F13951500A6
:101140004189498F1395350013750502498F139511
:101150005500137505049E05498F93F5F50F4D8FC6
:101160002207D98FB387C7024AD04ECE5EC662C46B
:10117000B697C207C18313D7774013D55740098963
:10118000058B498F13D537401189498F13D51740E7
:101190002189498F139517004189498F139537008D
:1011A00013750502498F1395570093D58700137562
:1011B00005049E07498F93F7F70FD98F13D5354054
:1011C00013D755401189098B498F13D57540498F25
:1011D00013D515402189498F139515004189498FF1
:1011E0001395350013750502498F13955500137536
:1011F00005049E05498F93F5F50F4D8F2207D98F72
:10120000B387C702130650025285D685B697BD8EA6
:1012100093940601C18033F6C402137BF60F97B096
:1012200006E0E780C05B05890DED8347D4120149D4
:101230008149B3849702130C5002C1804A865285BB
:10124000D68597B006E0E78080590589937BF90F32
:1012500011C563863403850993F9F90F0509E31F66
:1012600089FD230B6413B250225492540259F2495F
:10127000624AD24A424BB24B224C456182805E8B1D
:10128000CDB70111B727002022CC03A407E326CA5B
:101290004AC84EC606CEAA8413092500854915C042
:1012A00083C7140003473400858B6304F700405C58
:1012B000FDB71946930544004A85EFF0AFA8E3183F
:1012C00035FF2285F2406244D2444249B249056169
:1012D00082804111B727002022C403A407E326C25D
:1012E0004AC006C693042500054901E82285B2409C
:1012F00022449244024941018280A6851305A4023A
:1013000097C005E0E780E05AE30225FF405CF1BFAB
:101310004111B727002022C403A407E326C24AC014
:1013200006C693042500054901E82285B2402244FF
:101330009244024941018280A6851305A40197C009
:1013400005E0E7800057E30225FF405CF1BF011193
:1013500022CC604126CA4AC84EC652C406CEAA84D0
:101360001D4A130965058549BC446364F4000545BD
:1013700081A803C7D40083474400631B470503C704
:1013800084026304F7000040C5B70347540083C7D5
:101390005405E31AF7FE1946CA8513056400EFF0F9
:1013A0006F9AE31235FF0347C40083C79402E31C1E
:1013B000F7FC0357E40083D7A402E316F7FC0145CA
:1013C000F2406244D2444249B249224A05618280D5
:1013D000E31BF7FA0347540083C75405E315F7FAF4
:1013E0001946CA8513056400EFF0CF95E31D35F962
:1013F000F9B70111B727002022CC03A487E226CA3F
:1014000006CE2AC42EC6854419E40145F240624442
:10141000D244056182808347910003471400858B85
:101420006304F7000044CDB719469305A1001305E6
:101430002400EFF02F91E31795FE0545C1BF000092
:10144000EFF00FAD730000000000000097120000E5
:101450009382A29A0383020023800200630F030099
:10146000F32510342EC0970500009385A5FD7390D9
:101470001534EF00004D7300203086DCEF00604C27
:10148000E65082800000B726002003A746EB01113A
:101490004AC81C5F4EC606CE998322CC26CA858BCD
:1014A0003689B7290020ADCF9307000637240020E6
:1014B0001CDF930784EB83C76700130700089304BE
:1014C00084EB6319F70083A709EB9C4393F70704A8
:1014D0002383F400834784EB93F7070489CFB7276E
:1014E000002083A787B88297C8CC834784EB93F703
:1014F000F70B230CF4EA83C7440093F707048DE34A
:101500008547A382F400B727002083A707EE37079B
:10151000020098C7130700FC2382E4009848F8D320
:10152000032749EB1C5F9183858B95C31C5F93E771
:1015300007011CDFB727002083A707EE054723A27A
:101540000706B7270020938787EB2382E70083A74E
:1015500009EBD8430583058B19C7D843759BD8C3BE
:10156000D843799BD8C3F2406244D2444249B2493D
:1015700005618280093F730020309317D50063DF37
:101580000700B727002083A707EE7D57B8D7B727F6
:1015900000209387C7B3D84F0507D8CF937785002E
:1015A00085CBB7270020938787EB03C727001367F6
:1015B00017002381E700130700F82382E700B7270D
:1015C000002003A747EB5C57F19B93E717005CD71C
:1015D0009377150085C7B7270020938787EB03C74C
:1015E000170013671700A380E700B727002003A7A1
:1015F00047EB5C57F19B93E717005CD79377650047
:101600008DC713774500B727002059CF03C787EB55
:1016100013671700238CE7EAB727002003A747EBDF
:101620005C57F19B93E717005CD79317F50063D2E3
:101630000702B7270020138787D68346870793873B
:1016400087D6C18ABDCA8347870793E70702230C61
:10165000F7069317E50063D60702B72700209387A4
:1016600087EB03C74700620761876355070005479B
:101670002382E700B727002083A707EE3707020081
:1016800098C79317C50063D00702B7270020938738
:1016900087D603C79707058B29C303C79707136727
:1016A0002700A38CE7068280938787EB03C7370068
:1016B00013671700A381E70085B703C7870789462B
:1016C0003D8B6308D70003C787078D463D8BE31228
:1016D000D7F81147238CE706ADBF03C79707118BD7
:1016E00079D303C797071367870065BFB727002023
:1016F000B726002003A607EE938786EB03C786EB89
:10170000058B11C723820700A3820700828003C7CD
:101710001700058B65FB785275F303C75700EDB7CB
:1017200037270020032847EB832788039583858B81
:10173000C1E311C683270803BD832300F60085CAD1
:10174000832747EB985B460793576701635607006B
:1017500093E707C0C207C18303970600C207C1878A
:1017600009C7BA970947B3C7E7022390F6009DCD92
:101770008345150085CDB7270020938787EB83C766
:10178000670013879500894593F7070485C33A9549
:10179000834705000547994593F6F7066398E600E9
:1017A000E207E187814563D30700B9452E85828032
:1017B0008545EDBF411122C406C626C24AC0372462
:1017C00000205DE1832604EE2E87FC52FDFFB72446
:1017D0000020938784EB23810700B727002093869E
:1017E00047B9D452938484EB138947B995C6B7E7B8
:1017F00000E0B706200023A0D728B7F700E083A6B3
:1018000007D1ED9A23A8D7D083A607D193E6860304
:1018100023A8D7D0730050103A85B285971006E000
:10182000E78000A3B727002083A747EBB706800017
:101830009843558F98C3D857719BD8D7832704EE08
:10184000A3820400A3800400094798C383274902A8
:101850009DCB37F700E0832707D193E78700232844
:10186000F7D07300501005A08D476314F504B72717
:10187000002083A747EBB70680009843558F98C395
:10188000D857719BD8D7832604EEB72700209387BB
:1018900087EB03C72700058B19E703C73700058BC4
:1018A00051CF23820700B2402244924402494101B1
:1018B00082808547E319F5FCB7270020138747B9D5
:1018C000545395C6B7E700E0B706200023A0D728F9
:1018D000B7F700E083A607D1ED9A23A8D7D083A657
:1018E00007D193E6860323A8D7D073005010832630
:1018F00004EE8177FD17D046F18FDCC60F10000093
:10190000832604EEB7070200930500F89CC6B727AC
:101910000020938787EB2382B700B727002083A797
:1019200047EB9C439D83858B99C793076019FCD235
:10193000D0C65C5331BF9307E01BD5BFF85231FBD3
:101940009DB7B727002083A707EE8847D847798D32
:1019500009C988C7B727002003A307A963030300A9
:101960000283828037270020B7260020138646EEA8
:10197000130747F08347D7008345B601484AAE971F
:10198000FD8BB355F500A300F600A306F70085898B
:1019900095E903471701814613080002B3F7E702F0
:1019A0000147B355E50085899378F70F89C9639599
:1019B000D700A30016018280850693F6F60F05076F
:1019C000E31107FF8280B7270020938787EB83C747
:1019D000570093F7F70FD1EBB727002083A787B8FD
:1019E000411122C44AC006C626C282973729002068
:1019F000930749F08047130949F06302A40663681E
:101A00008504018DB7240020938744EE83C7A70186
:101A100013545500938444EE6363F404A13783C7E1
:101A2000A401032789009396570036971D8C232421
:101A3000E900E375F4FE224403C51400B240924469
:101A4000024981454101171306E067008317B72754
:101A5000002083A747BE33848740229565B7B240F4
:101A6000224492440249410182808280B7270020AB
:101A700083A787B8011122CC26CA52C406CE4AC811
:101A80004EC68297B7240020938744F08047014ACE
:101A90006301A406938444F063668506018D3727AD
:101AA0000020930747EE83C7A70113545500137A0C
:101AB000F501130947EE636BF402B72900209389FF
:101AC00009BE4D358346A90103A8840083A54900BA
:101AD000139756004297158C3A8663640701636436
:101AE000B7003306B74090C4E37DD4FC1604336AD4
:101AF0004401F24062445285D2444249B249224AEA
:101B000005618280B727002083A747BE33848740C2
:101B1000229571B7B727002003A707EE896793873F
:101B200007F47CD3B727002083A747F383A60709D0
:101B3000139656006358060083A60709139666009D
:0C1B4000634406007453FDF28280000034
:101B4C00B72700203727002083A747B30327C7B246
:101B5C0001456313F700828083D6670081E683D644
:101B6C00470036959C43F5B7B727002083A547B9A6
:101B7C0037270020938747B913860522232AC7B23B
:101B8C0003D74700938785FFB72600204111BA97EA
:101B9C00056523A6F6B206C61D0593563700637479
:101BAC00E500930600203307D600372500202328B4
:101BBC00E5B223A0E522E1162312D600231306007A
:101BCC001CC3998FE1172312F700231307008D3FD5
:101BDC00B240B72700202391A7B441018280B727D8
:101BEC0000203727002083A747B38326C7B20145BF
:101BFC006393F600828003D7670011E703D7470091
:101C0C006373E5003A859C43E5B7B7270020B726F8
:101C1C00002083A747B303A6C6B22A87B305B540F5
:101C2C006314F6003A8529A8938687009C43E369E0
:101C3C00D7FEE377F7FE2E85E3E4D5FEE3F2F5FE5F
:101C4C00828023AC05FE1C4191E7010001000CC110
:101C5C008280BA8703A787FF6DFF23ACB7FE828013
:101C6C00184183A785FF6319B7001CC1FD5723AC2E
:101C7C0005FE238FF5FE8280232CF6FEC5BF411195
:101C8C0022C437E400E026C204403707200006C611
:101C9C00F98C2320E4180F10000009E9232094107C
:101CAC001545B24022449244410182800347E5FF2E
:101CBC009307F00F6306F700232094101145D5B756
:101CCC0097E0FB1FE7808045014523209410D1BF8E
:101CDC00411126C2B7E400E04AC003A90400B707CB
:101CEC00200006C622C43379F90023A0F4180F1083
:101CFC00000009E923A02411B24022449244024975
:101D0C00410182809565938505D0C98D2A84210572
:101D1C00C2054205C181418197E0FB1FE780C031BC
:101D2C0001CDFD5723200500231285002303F50068
:101D3C0023A024112105C9B723A0241101456DBF8F
:101D4C000111B7E700E04AC803A907004EC63707E0
:101D5C00200006CE22CC26CAAA893379E90023A01A
:101D6C00E7180F10000037250020032485B38144A9
:101D7C00014619E499E8A1654E85EF00B00431A83D
:101D8C008347E4FF6397370395C8A685130585B38E
:101D9C00C13D75D0A1654E854D2EF2406244B7E72A
:101DAC0000E023A0271126854249D244B24905619F
:101DBC00828091E02286032484FF65BFA284E5BF64
:101DCC0041114AC037E900E022C403240900370757
:101DDC00200006C626C2798C2320E9180F100000BB
:101DEC0089E523208910154515A0B727002083C746
:101DFC00D7B3AA842E8563F5F400894763EE970068
:101E0C00BD3DB7E700E023A087100D45B24022444A
:101E1C00924402494101828083A785FF99E703C759
:101E2C00E5FF9307F00F6308F700913DB7E700E07B
:101E3C0023A087104DBF37250020238F95FE130557
:101E4C0085B30135A1652685092601452320891016
:101E5C0075BFB727002023AC07B28280B7270020BC
:101E6C0083A707B999E33E85828003D727006316C1
:101E7C00B70003C70700E308A7FEDC47E5B7B9CDF9
:101E8C00011106CE22CC26CA8147C14633D7F54074
:101E9C00058B21C312053E9531473305E5023727E3
:101EAC000020832447BD05443314F4002EC642049D
:101EBC004180AA949C40C8408297B24523A004005C
:101ECC0023A20400A18DF2406244D2442E85056108
:101EDC0082808507E39CD7FA0144EDB72E8582807A
:101EEC00BDCD797122D406D626D24AD04ECE01442D
:101EFC004147B3D78540858BB1CF12053147229529
:101F0C003305E502B727002003A947BD8544B394E8
:101F1C008400C204C180BE892A990327090011C715
:101F2C00032549002EC60297B24531473304E4021B
:101F3C0083A749BD3E941C4489E723200900232232
:101F4C000900B2502254A58D02599254F2492E85A3
:101F5C00456182800504E31EE4F88144DDB72E85DB
:101F6C0082804111B7E700E026C284433707200086
:101F7C0006C622C4F98C23A0E7180F100000B7275F
:101F8C00002083A747BB372400201304849C91C7EF
:101F9C0082971C403E9508C031A0B727002083A72C
:101FAC0087B8FDF70840B74703009387D73F330541
:101FBC00F502B7A72600938737ECB2403E9508C0D0
:101FCC002244B7E700E023A097109244410182809D
:101FDC0001112E8626CAAA84131506019305F00456
:101FEC00418122CC06CE32C697E0FB1FE780C004AD
:101FFC002A8419C53246A68597E0FB1FE78080210D
:10200C002285F2406244D244056182807971B7E73F
:10201C0000E022D480433708200006D626D24AD0CE
:10202C004ECE52CC56CA5AC85EC662C43374040132
:10203C0023A007190F10000005E123A08710094504
:10204C00B250225492540259F249624AD24A424B3B
:10205C00B24B224C45618280B727002083A787B8FA
:10206C00BA8A368AB28B2E8BAA898297B727002020
:10207C0003A747BD3E898144B146C147338CD40286
:10208C0033068701104241E6C165938505F0414551
:10209C0097E0FB1FE78040FA19EDB727002083A7D4
:1020AC0047BC81C7814511458297B7E700E023A063
:1020BC0087102D4571B7B727002003A707B921E773
:1020CC0023A8A7B823000500832749BD054733176C
:1020DC00970023260500232475012311E5002322F4
:1020EC005501E29723A0370123A2670123A45701CE
:1020FC0063040A0023009A00B7E700E023A08710CE
:10210C0001453DBF3E875C47F5FF48C765BF850469
:10211C00E396F4F6B7E700E023A0871021450DB74E
:10212C00B727002083A7C7BD411122C406C6372498
:10213C0000201304C4B389C782975C483E9548C8F5
:10214C004848B240224441018280B7E700E09843FE
:10215C00B706200023A0D718758F0F100000B726E4
:10216C00002083C6D6B36372D5023726002093169F
:10217C0015000325C6B8369583560500D58D23105A
:10218C00B50023A0E7100145828023A0E7100D4580
:10219C008280B7E700E09843B706200023A0D71849
:1021AC00758F0F100000B726002083C6D6B363745A
:1021BC00D50237260020931615000325C6B893C503
:1021CC00F5FF369583560500F58D2310B50023A039
:1021DC00E7100145828023A0E7100D458280011194
:1021EC0037E700E026CA0443B706200006CE22CC0F
:1021FC004AC84EC652C4F58C2320D7180F100000C5
:10220C00130705FF1377F70FFD4763E2E70AB146A3
:10221C00B306D502B727002003A747BD36971C434A
:10222C00D9C71359450005443D893315A40013142F
:10223C0005014180AE894A85A2850D312A8A39C9AA
:10224C00A2854A85B937B727002083A787B83729D5
:10225C000020130909BE8297835789002A8481467E
:10226C00B385370313060064B3B737031385053200
:10227C00B335B500BE95EFA00234B30785003E8799
:10228C008326490063E4A70063E4D7003387D74073
:10229C002324EA00B7E700E023A097100145F240A1
:1022AC006244D2444249B249224A05618280B7E76E
:1022BC0000E023A097100945DDB70111B7E700E056
:1022CC0026CA84433707200006CE22CC4AC84EC605
:1022DC00F98C23A0E7180F100000BD4763E8A70492
:1022EC0031473307E502B727002083A747BDBA97CC
:1022FC009C438DCF05443314A400420441802E89A5
:10230C000145A285A13EAA8911C5A2850145513579
:10231C0023A42901B7E700E023A097100145F24060
:10232C006244D2444249B24905618280B7E700E079
:10233C0023A097100945E5B779714AD037E900E039
:10234C0026D283240900B707200006D622D44ECE0D
:10235C0052CC56CA5AC85EC6FD8C2320F9180F10F1
:10236C000000B727002083C7D7B36378F500B727E1
:10237C00002083AB87B863970B00B7E700E023A07E
:10238C00971099A0B7290020938909BEAE8A03AB98
:10239C00490083D58900B74736FE938707C83E9B13
:1023AC00B387C5022A84328A8146B3B5C502138528
:1023BC000732B337F50013060064BE95EFA0A21FD9
:1023CC006370AB02232099100145B25022549254F1
:1023DC000259F249624AD24A424BB24B4561828061
:1023EC00829B83D589002A8913060064B387450331
:1023FC008146B3B5450313850732B337F500BE9557
:10240C00EFA0621BB30725013E8903A7490063E4D3
:10241C00A70063E4E7003389E740D68522853D3C7D
:10242C0009C923242501B7E700E023A0971005452F
:10243C0069BF936504F0C205C181414597E0FB1F5C
:10244C00E78080BF11E9B727002083A747BC95D749
:10245C00A2851145829715B737270020832707B926
:10246C0095E32328A7B885472326050023242501B7
:10247C002311550123008500A300F500232205003C
:10248C005DB7BA87D84775FFC8C7F1BF7971B7E791
:10249C0000E026D284433707200006D622D44AD047
:1024AC004ECE52CC56CA5AC85EC662C466C26AC008
:1024BC00F98C23A0E7180F1000002DC14144B689F8
:1024CC00B28A2E8A2A89B14C372B0020054D130C69
:1024DC000003B30B940303274BBD5E971C43A5E38A
:1024EC009375F400B315BD0013554440C2055686D0
:1024FC00C1811375F50F893539C183274BBDDE9723
:10250C0023A0270123A247016384090023808900AB
:10251C00B7E700E023A09710014521A023A0971056
:10252C000945B250225492540259F249624AD24A95
:10253C00424BB24B224C924C024D456182800504B9
:10254C00E31984F9B7E700E023A097102145D1BF28
:10255C000111B7E700E026CA844322CC4AC84EC614
:10256C003707200006CE2A84AE893289F98C23A045
:10257C00E7180F100000C9332285CE85C5302A8498
:10258C0005C5B727002083D587BE13060064814696
:10259C00B3872503B3B5250313850732B337F5008D
:1025AC00BE95EFA0420148C013351400F2406244BE
:1025BC00B7E700E023A097104249D244B2490E0578
:1025CC00056182800111B7E700E04AC803A9070042
:1025DC0022CC4EC63707200006CE26CAAA892E84E6
:1025EC003379E90023A0E7180F1000008538AA847E
:1025FC0019C123110500A2854E85613EB727002025
:10260C0083C7C7B363993701B727002003D747B8EF
:10261C00598C239287B8B7E700E023A02711014516
:10262C0091E01945F2406244D2444249B2490561F5
:10263C00828001114AC837E900E022CC032409004A
:10264C00B707200006CE26CA4EC67D8C2320F9186B
:10265C000F1000009307F00263E6A704B147B30420
:10266C00F502B729002083A749BDA6979C439DCBB3
:10267C009377F5008545B395F500C205C1811181AD
:10268C00913783A749BD0145A69723A0070023A234
:10269C00070023208910F2406244D2444249B249D7
:1026AC0005618280B7E700E023A087100945E5B7F4
:1026BC004111B7E700E026C2844306C622C437079F
:1026CC002000F98C23A0E7180F100000EFF00FF991
:1026DC0019E90145B2402244B7E700E023A0971066
:1026EC00924441018280B727002083A787B8004518
:1026FC008297B7270020938707BE6368A402D8434C
:10270C00B74636FE938606C83305A4403697E37267
:10271C00E5FC13070064B335E50203D68700814658
:10272C003305E502EF90326975B7D8433A94C1BFCF
:10273C00411122C426C237240020B72400201307DD
:10274C0004BE9384C4B394485843B727002006C6EC
:10275C0083A787B8130404BE6392E608829754409B
:10276C00B74736FE938707C8B6973387A7003A85D5
:10277C006364F7006364D7003305D740B7240020A7
:10278C00938784EBDC53938484EB99CBB72700209D
:10279C0083A647F33707CDFF7D179C46F98F9CC660
:1027AC0011E14840B727002083A787BB829719E522
:1027BC00DC5085C3EF006212EFF06156DC5091CB18
:1027CC00B727002003A747F3B70633001C47D58F64
:1027DC001CC7B240224492444101828082979448A3
:1027EC005840B387A6003E8563E4D700E3E8E7F8DA
:1027FC003385E74061B74111B727002006C623AEE9
:10280C00A7BC0295B240B727002023AAA7B4014564
:10281C0041018280994763E9B700B72700208A05F8
:10282C00938787B6BE9588C18280B727002023ACDA
:10283C00A7BC11C5B727002005472383E7B88280C2
:10284C00B727002023A807B8B727002023AE07BC62
:10285C00B727002023A407B837250020B72700206E
:10286C004111238307B87146B72700208145130512
:10287C0085B606C623AC07BC22C426C2372400206A
:10288C0097E0FB1FE78020A01305C4B3130680025A
:10289C00814597E0FB1FE780009FEFF0EFACB72777
:1028AC000020938747B903C5C70383C7D703130415
:1028BC00C4B385453E958D473305F5029947B7243A
:1028CC00002039051375F50F2301A4003305F5021B
:1028DC001305052497D0FB1FE780007623AAA4BC20
:1028EC0049C103462400994781453306F602130675
:1028FC00062497E0FB1FE780009983A744BD03479C
:10290C002400B7240020938707240A0723A2F4B6D7
:10291C00BA97372700202326F7B8EFF08FD3A529D5
:10292C008347140083A644B6372604001397270068
:10293C0036971306C6EE10C3138717001377F70FDD
:10294C000A073726040036971306A6E810C3138728
:10295C003700890793F7F70F8A07A300E400B697AF
:10296C0090C3B24022449244410182803727002018
:10297C001307C7B3834717008346270063F0D702BA
:10298C00B726002083A646B613861700A300C700FF
:10299C0013972700369708C33E8582809307F00F64
:1029AC00E5BF1C41638C071041777D8FB706002073
:1029BC0089476316D710035745006302071041116E
:1029CC0026C21946AA849305F00F610506C622C4D7
:1029DC0097E0FB1FE780209605478D47630AE50CBF
:1029EC009C4491C7D858994761C7985C71C33724E8
:1029FC000020130600048145130544B997E0FB1F22
:102A0C00E780608813060004A685130544B997E097
:102A1C00FB1FE7802080930744B903D7C70009E761
:102A2C00130700102396E70003C7E70001E70547EB
:102A3C002387E70003D7070101E76D472398E700D9
:102A4C0003C7F70001E71547A387E70003C7270172
:102A5C0001E705472389E70003C7370109E703C7E7
:102A6C00F700A389E70003C7570101CB9376370022
:102A7C000983238ED702A38EE70203C7470101E720
:102A8C005547238AE70003C7640109E71307C0030E
:102A9C00238BE7009C5791C78297B727002023927E
:102AAC00A7B4B72700207D57A380E7FA513B814795
:102ABC00B240224492443E854101828089473E8542
:102ACC00828001114AC837290020832709BE06CE0F
:102ADC0022CC26CA52C456C24EC68297130A006430
:102AEC00B3354503130909BE835A890081465686BE
:102AFC0033054503EF90322CB72700201387C7B35B
:102B0C00004FAA840145630694029389C7B33385A9
:102B1C008440636E94000325490056868146B33584
:102B2C00AA023305AA02EF901229018D269523AC37
:102B3C009900F2406244D2444249B249224A924A34
:102B4C0005618280011122CC2E84B7D506000A853E
:102B5C004146938505A106CEEF90725F18080604D6
:102B6C003A94B7270020035504FF83D7A7BEF24041
:102B7C006244AA9737450F00130505243355F50217
:102B8C0005618280B727002083D7A7BE51471D451A
:102B9C00637CF702794719456378F7021307200322
:102BAC0015456373F7021307B0041145637EF700F4
:102BBC00130740060D456379F700130760090945B3
:102BCC006374F70013B5B70F8280011122CC06CEC7
:102BDC002A842EC6EFF0EFB8B245F240818D33A5B2
:102BEC00A502229562441375F50F056182800111CF
:102BFC0022CC06CE2A842EC6EFF0AFB6B245F240F8
:102C0C00818D33A5A502229562444205418105615F
:102C1C008280011122CC06CE2A842EC6EFF06FB42E
:102C2C00B245F240818D33B5A5022295624405610F
:102C3C008280B7270020138747B918572DC341113D
:102C4C0022C426C24AC006C6138947B90297B727C1
:102C5C0000201387C7B3035787002A849384C7B314
:102C6C000DCBBA876373A700AA87C207C183BA8644
:102C7C006373E400A286C206C182958F5147635AE2
:102C8C00F7008327C90291C38297EFF0312E23946A
:102C9C008400B240224492440249410182808280E5
:102CAC000111B727002022CC3724002023AA07BE0D
:102CBC00930744B9DC5706CE26CAAA85130444B937
:102CCC0081C72AC68297B245C9C99C410545C9C36B
:102CDC00DC41BDCF83D78500A5CF83D7A500ADCB75
:102CEC00B7240020138504BE5146938404BE97D0AC
:102CFC00FB1FE780205223860400B727002083A601
:102D0C0007BE372700202324D7B8034774011DE3DF
:102D1C00938707BE03D587009307805737460F006C
:102D2C003305F5021306062481468145EF90B2085F
:102D3C00A30BA40003477401A54763E5E700A9476B
:102D4C00A30BF400373504001305E5AC6D340145D5
:102D5C00F2406244D24405618280B72700209387F9
:102D6C00C7B33707002023AE07001307876AB727BE
:102D7C00002023A0E7BE37873200938707BEFD569D
:102D8C00130727A1D4C398C723860700B7C70040F1
:102D9C0023A4D7269DB7011122CC372400209307FA
:102DAC0044B9884706CE26CA4AC801E90545F2400F
:102DBC006244D244424905618280130444B95C5890
:102DCC00F5D7185C65D77000854582971844B247D3
:102DDC00E30EF7FC0355C4009305E004B724002070
:102DEC0097D0FB1FE78040251387C4B308D3938487
:102DFC00C4B34DDD0356C4009305F00F014997D0C1
:102E0C00FB1FE78040488347E4009050634DF90076
:102E1C00328597D0FB1FE7806030014523A0040268
:102E2C0023A2040269B78355C4000844185CB38715
:102E3C002503898105093E9508C20297E9B701115E
:102E4C004EC6B7290020938749B99C4726CA4AC861
:102E5C0052C406CE22CC56C25AC02A8AAE843289BB
:102E6C00638D071E938949B903A7490363040712AD
:102E7C001307F01F6362A712372400201307C4B393
:102E8C00832A07021304C4B3639A0A0803D5C90042
:102E9C009565938515E097D0FB1FE780E01908D066
:102EAC002A866DC983D5C90083A7490303A5890068
:102EBC008981829783A78900832A04025CD0894781
:102ECC006316FA08C1476397F40C83D5C900914780
:102EDC00938505FCB3C5F5028A05D69503C7250075
:102EEC009307A0056314F70A83D705006390470B7B
:102EFC004A852686910597D0FB1FE780A0311C5090
:102F0C005685639357130145F2406244D2444249BB
:102F1C00B249224A924A024B056182805850E380A2
:102F2C00E7FA03D5C9009565938525E097D0FB1F7B
:102F3C00E7808010AA8A39CD83D5C9002A8683A759
:102F4C00490303A589008981829795BF8D47631B2F
:102F5C00FA00C1476390F40483D5C900938545FDFD
:102F6C00F199A5BF91476318FA006395440383D583
:102F7C00C900A115F5B793070010631DFA00A1470E
:102F8C0063EA970083D5C900C115D9BF1C5056857B
:102F9C006390570D29458DBF9D6A637C5509930A33
:102FAC0005E01947B3CAEA0203D7C900372B002042
:102FBC00B38AEA02BE9A9307CBB3DC53130BCBB3A1
:102FCC006395570103240B021DE003D5C90093053B
:102FDC00E00497D0FB1FE78020062A8445DD83D5CB
:102FEC00C90083A749032A86898156858297914512
:102FFC001307A005898193972500A29783C6270004
:10300C006393E60483D60700639C460385058A0513
:10301C002686A2954A8597D0FB1FE780A01F8327A1
:10302C000B02E38287EE228597D0FB1FE780000F0F
:10303C00D9BD21677917E36FA7F4B30A5541ADB732
:10304C0083C5370045BF83270B02E38587F42285B0
:10305C0097D0FB1FE780800C35BFB727002083A5D6
:10306C00C7B58DD991479306A0058983139727007F
:10307C002E9703462700E31FD6F003560700631C68
:10308C00460185078A072686BE954A8597D0FB1F81
:10309C00E78040188DBD83473700C1BFB72700209C
:1030AC00938747B9984729C3985F1DCF8546631D01
:1030BC00D502411122C4372400201304C4B310508C
:1030CC0006C619CE83D5C70048508981029708508F
:1030DC0097D0FB1FE78080042320040223220402E4
:1030EC00B2402244410182808280011122CC3724DB
:1030FC000020930744B956C283AA870026CA4AC83F
:10310C004EC606CE52C42A89AE84B289130444B981
:10311C00638C0A1C1C5C99EB2945F2406244D24436
:10312C004249B249224A924A056182805C58EDD7E5
:10313C009307F01F63E8A70C372A00209307CAB344
:10314C009C53130ACAB3B9C7084483274A02639F26
:10315C00A70489476317F906C147E39FF4FA03559F
:10316C00C4009147130505FC3345F5029317250060
:10317C0003250A022686CE853E959307A0052301DA
:10318C00F50023102501110597D0FB1FE78080085F
:10319C00014561B70355C4009305E00497D0FB1FAC
:1031AC00E78080E92320AA0245F1BDB78355C4000E
:1031BC005C5803260A02898182971C442322FA0256
:1031CC0049BF8D47631CF900C147E397F4F40355DD
:1031DC00C400130545FD9377C5FF59BF914763188C
:1031EC00F900E39B24F30355C4002115EDB79307B5
:1031FC000010E313F9F2A147E3E097F20355C40082
:10320C004115D1BF9D676378F506930705E0194713
:10321C00B3C7E7020357C400372A0020B387E7027D
:10322C00BE9A9307CAB39C53130ACAB3A1CF832780
:10323C004A026395570703250A0291461308A00515
:10324C009305F00F93D72600139727002A97034670
:10325C002700631606078358070003463700639C54
:10326C002805B306D64063C6960485078A072686CA
:10327C00CE853E9511BF21677917E36FA7E8B30799
:10328C00F54049BF0355C4009305E00497D0FB1FDC
:10329C00E78080DA2320AA0259F9BDBD8355C4000A
:1032AC005C5803260A0289815685829723225A0389
:1032BC0059B72310B70093160601C18261B70356A4
:1032CC00C400B38596009105130606FCE366B6E4CC
:1032DC0013863400719A1106B2962301070123104C
:1032EC002701A301D70051B7372A00209307CAB38F
:1032FC009C53130ACAB3A9C303250A0291461308A7
:10330C00A0059305F00F93D72600139727002A9753
:10331C00034627006314060583580700034637004D
:10332C0063982801B306D640E3D196F42310B70076
:10333C0093160601C182C1BF0345E4008357C40044
:10334C009305E0043305F5024205418197D0FB1F3C
:10335C00E78080CE2320AA0245F17DBB0356C40032
:10336C008345E400B385C502338696001106E3E578
:10337C00C5DAB9BF0145828083C705002300F5007B
:10338C0083D72500A300F50083D72500A183230153
:10339C00F50083C74500A301F50011458280B727CE
:1033AC00002023AE079EB727002023AC079E828007
:1033BC0029C1411126C206C622C4AA8401458DC565
:1033CC002E84B7D5060022854146938505A297D059
:1033DC00FB1FE78020E483C7040005452306F400A7
:1033EC0083C71400A306F400B24022449244410166
:1033FC00828001458280011122CC26CA06CE094763
:10340C00AA8432846381E50441468147639BC500ED
:10341C00638FE6006397B6000DA841478147638E22
:10342C00E600F2406244D2443E85056182808A8582
:10343C002285BD3F41468A8519A88A85953F41461C
:10344C008A85228531A0E39AB6FC2E86A285268534
:10345C0097D0FB1FE78080E7AA87E1B7B72700204A
:10346C0023ACA79E8280B727002023AEA79E828024
:10347C00011122CC0354650006CE26CA4AC84EC69A
:10348C0041C083298500AE842A8803C9090081477D
:10349C0013178901618763550702B147054563FA24
:1034AC008704511442040355280041803387890056
:1034BC00A2864E868545EFC06011B337A000850704
:1034CC007D1413556900420405891379F903418071
:1034DC002380F400A380A400238124012392840080
:1034EC00014719C01387190098C409476383E70083
:1034FC000145F2406244D2444249B249056182809E
:10350C000545C5BFC167F917630AF502D94763F7CB
:10351C00B702011122CC2EC606CE2A84EF90604B46
:10352C00B2456368B50022856244F24005616FA024
:10353C00B071F24062440545056182800545828088
:10354C00C167F9176314F5006F90A048411106C6C6
:10355C00EFA0505E11E15D45B24041018280914780
:10356C006394F502834705002300F600834725008A
:10357C0003471500A207D98F2311F60083473500A6
:10358C0001452302F600828011458280411181455C
:10359C0022C426C206C6AA8405252A8409E9B727AF
:1035AC00002083A7879F81C7F945268582972285AE
:1035BC00B240224492444101828039714ED656D297
:1035CC005AD006DE22DC26DA4AD852D4AA8A2E8BAE
:1035DC00B28941EF36C6AD379145EF904051AA8480
:1035EC004D492DC9B246054A238034010544630A6E
:1035FC000B00B68513851400029B050513140501F9
:10360C004180E20993D9894163D30902C1455685AA
:10361C00EFA09060654905E933868400A285268574
:10362C00EFB0D03F2A8905E1310442044180914733
:10363C002C085685231CF10026CE231D8100EFA0FB
:10364C0040662A8901C963070A00268597D0FB1FAB
:10365C00E780C0ACF25062544A85D2544259B259F8
:10366C00225A925A025B21618280BA84014AADBF10
:10367C00011122CC26CA4AC84EC606CE2A893284EB
:10368C00B689253FAA840DE1B727002083A7C79FE1
:10369C0081CF05476317E40003C4090005041374C4
:1036AC00F40FA2854A858297F240624426854249EE
:1036BC00D244B24905618280AE86B7350400014719
:1036CC000546938545386DB783D705002300F50073
:1036DC0083D70500A183A300F5000945828083D719
:1036EC0005002300F50083D70500A183A300F50096
:1036FC0083D725002301F50083D72500A183A301DF
:10370C00F5001145828083D705002300F50083D78F
:10371C000500A183A300F50083D725002301F50044
:10372C0083D72500A183A301F50083C7550023028D
:10373C00F50083C76500A302F50003D585001905C4
:10374C0042054181828083D705002300F50083D791
:10375C000500A183A300F5000945828083D70500ED
:10376C002300F50083D70500A183A300F50083D7C0
:10377C0025002301F50083D72500A183A301F500C3
:10378C001145828003D545000605420541818280A2
:10379C0083D705002300F50083D70500A183A30080
:1037AC00F50003D52500090542054181828083D7A8
:1037BC0005002300F50083D70500A183A300F500C5
:1037CC0083D725002301F50083D72500A183A3010E
:1037DC00F50003D54500110542054181828083C760
:1037EC0005002300F5000545828083D705004111B3
:1037FC0022C406C62300F50083D705002E841105CC
:10380C00A183A30EF5FE83D725009505230FF5FEA6
:10381C0083D7D5FFA183A30FF5FE03C6F5FF97D081
:10382C00FB1FE780209F03454400B2402244110552
:10383C00410182808947639CF5008347150003474B
:10384C0005000145A207D98F2310F600828011458F
:10385C00828003D70500D94763FEE702011122CC11
:10386C0006CE2EC62A84EF90C016B24683D7060029
:10387C00636DF50022856244F240B73504000147C0
:10388C0009469385456D05610DBBF24062440945BF
:10389C00056182800945828091479DC5834605005C
:1038AC00FD15C2058547C1816392F60213D7250029
:1038BC008D89914791E9914701CB05052301D600EC
:1038CC002310E60048C281473E8582800947914714
:1038DC00E39CE6FEC94733D7F502B3F5F502D1BF39
:1038EC00AE86B7350400014711469385A56EF1B13C
:1038FC0093F7350091EB8981914789C52310B60068
:10390C0048C281473E8582809147EDBF03C7450081
:10391C008947631AF702011122CC2A84C84506CEC6
:10392C00AE86014719C52EC69D45EFE00FAEB246D7
:10393C002A8722856244F240B735040019469385E4
:10394C00257105619DB90945828099E111458280F7
:10395C008347050005472311F600E379F7FEFD15B3
:10396C0093F5F50F33D7F502B387E702E390F5FE35
:10397C00050548C22310E6000145828083C7450037
:10398C000947AE866385E70041476399E700B73581
:10399C000400014721469385657F05B10945828066
:1039AC002310B60091E1014548C201458280AE86E4
:1039BC00B73504000147294693852575FDBE2310B4
:1039CC00B60091E1014548C201458280AE86B7350B
:1039DC0004000147314693858576C5B62310B600A1
:1039EC0091E1014548C20145828003D745008547D6
:1039FC0063FDE702011122CC2A84884106CE0DC159
:103A0C002EC68545EFE06FA02A8722856244B24618
:103A1C00F240B7350400394693850579056171BECE
:103A2C00F2406244094505618280094582809147D4
:103A3C009DC5034705008D46914763F2E602FD15CF
:103A4C00C205C181B3C6E5023308D70263990501EB
:103A5C0005052310D6002311E60048C281473E8598
:103A6C00828083C745000947AE866385E7004147DE
:103A7C006399E700B7350400014741469385657F9C
:103A8C002DBE09458280B335B00013952500828088
:103A9C00011122CC26CA06CE03C785008547AA840D
:103AAC002E8449466310F702613C83572400491564
:103ABC001306200963C8A700F2406244D2440945AA
:103ACC00056182800347940085476314F7001366F1
:103ADC000604484011C58D4532C6EFE00F933246BF
:103AEC00A2866244F2402A872685D244B735040068
:103AFC009385C5790561D1B48D4763FFB7028347C0
:103B0C00150003470500F115A207D98F2310F60005
:103B1C008347350003472500C205A207C181D98F11
:103B2C002311F6002312B60089C5110508C60145FC
:103B3C00828023240600E5BF11458280011122CC2E
:103B4C002A84884506CEAE8611C52EC69545EFE073
:103B5C00CF8BB2462A8722856244F240B7350400E7
:103B6C0059469385A57B056189BCB335B000139587
:103B7C0025008280AE86B7350400014761469385E7
:103B8C00A57E25BC8547114563F4D70283471600F3
:103B9C0083450600A207CD8F2310F7009387E6FF1D
:103BAC002311F70089476386F600090650C30145C7
:103BBC00828023220700E5BF014781467946814573
:103BCC00EDBA83D705002300F50083D70500A18348
:103BDC00A300F5000945828083C725000547230013
:103BEC00F50003D505006397E7000A0505054205B6
:103BFC0041818280C9473305F502CDBF03D505004D
:103C0C000A0542054181828083D725002300F500F7
:103C1C0003D5050083D725003305F50205054205BC
:103C2C004181828003D50500828003D50500828006
:103C3C0003D50500828083D725002300F50003D52A
:103C4C00050083D725003305F502050542054181A2
:103C5C00828083D705002300F50083D70500A1835C
:103C6C00A300F50083D725002301F50083D7250099
:103C7C00A183A301F50003D545001105420541813F
:103C8C00828083D705002300F50083D70500A1832C
:103C9C00A300F50003D5250009054205418182806A
:103CAC0089471145639BF60083471600834606003F
:103CBC000145A207D58F2310F700828003D705009A
:103CCC00D947AE8663F9E700B745040001470D46B6
:103CDC009385E5BC71BA0945828011456393A602B0
:103CEC0083471600834606000145A207D58F231093
:103CFC00F7008347360083462600A207D58F231191
:103D0C00F700828083C725000547FD1793F7F70F4F
:103D1C006361F70483D705008DCF011122CC2A846F
:103D2C00C84106CE15C12EC68945EFD01FEE2A8795
:103D3C0022856244B246F240B7450400154693858D
:103D4C0045BE05616FF0DF92F240624409450561A2
:103D5C008280094582809547114563F9D706411148
:103D6C0022C426C24AC006C683471600BA8403473B
:103D7C000600A2073284D98F2390F40083473600C3
:103D8C000347260093054400A207D98F2391F40022
:103D9C0089472382F400094613855400368997C05D
:103DAC00FB1FE78020479307A9FF2394F400994752
:103DBC00631BF90023A60400B2402244924402493A
:103DCC000145410182801904C0C4FDB7828083D7AC
:103DDC0005008DCF011122CC2A84C84106CE15C115
:103DEC002EC68545EFD07FE22A8722856244B246F3
:103DFC00F240B74504001D46938585C005616FF000
:103E0C003F87F24062440945056182800945828002
:103E1C0099476395F6048947411106C62302F700BA
:103E2C008347160083460600B285A207D58F231060
:103E3C00F700834736008346260003464700A20757
:103E4C00D58F130557002311F700910597C0FB1F61
:103E5C00E780403CB240014541018280D147114589
:103E6C006394F600C1474DBF828083D705008DCF88
:103E7C00011122CC2A84C84106CE15C12EC6894513
:103E8C00EFD0BFD82A8722856244B246F240B745AC
:103E9C0004002546938545C105616FF06FFDF24026
:103EAC006244094505618280094582808947114534
:103EBC00639BF60083471600834606000145A20764
:103ECC00D58F2310F7008280011122CC2A84C8419F
:103EDC0006CEAE86014719C52EC68545EFD0FFD25A
:103EEC00B2462A8722856244F240B74504002D462B
:103EFC00938505C305616FF0AFF711456393A60277
:103F0C0083471600834606000145A207D58F231070
:103F1C00F7008347360083462600A207D58F23116E
:103F2C00F7008280011122CC2A84C84106CEAE86CD
:103F3C0011C52EC68545EFD05FCDB2462A872285A6
:103F4C006244F240B74504003546938565C305616C
:103F5C006FF00FF293F71600114589EB89476387D1
:103F6C00F60085822312D70010C30145828001110F
:103F7C0022CC2A84C84106CE15C12EC68545EFD069
:103F8C00DFC82A8722856244B246F240B745040056
:103F9C003D469385C5C305616FF08FEDF2406244D9
:103FAC0009450561828083D705008DCF011122CC94
:103FBC002A84C84106CE15C12EC68945EFD0FFC450
:103FCC002A8722856244B246F240B7450400454632
:103FDC00938525C405616FF0AFE9F2406244094551
:103FEC000561828009458280854763FCD7022304E2
:103FFC00A700A304B7008347160083450600A20759
:10400C00CD8F2310F7009387E6FF2311F700894724
:10401C006386F600090650C30145828023220700FF
:10402C00E5BF11458280014781464D4681456FF0C1
:10403C002FE48D47114563FBD70283471600834558
:10404C000600A207CD8F2310F70083473600834567
:10405C002600A207CD8F2311F7009387C6FF2312EA
:10406C00F7006386A600110610C701458280232441
:10407C000700E5BF011122CC2A84884506CEAE8606
:10408C0011C52EC69545EFD05FB8B2462A8722855A
:10409C006244F240B74504005D469385E5C5056171
:1040AC006FF00FDD854711456397F60083470600D7
:1040BC0001452300F7008280014781466546814512
:1040CC006FF00FDB011122CC2A84C84106CEAE86DC
:1040DC00014719C52EC68D45EFD03FB3B2462A878E
:1040EC0022856244F240B74504006D469385E5C8CD
:1040FC0005616FF08FCC011122CC2A84C84106CE09
:10410C00AE86014719C52EC68D45EFD01FB0B246FD
:10411C002A8722856244F240B74504007546938590
:10412C00E5C805616FF06FC9011106CE2EC6EFA070
:10413C00801C01C9B245F2400355250005616FE0B2
:10414C006073F240494505618280B7270020A38443
:10415C0007A2B7270020238407A2B727002023A893
:10416C0007A0B727002023AA07A0B727002023AC5D
:10417C0007A0B727002023AE07A0B727002023A64F
:10418C0007A0B727002023A407A0B7270020239C53
:10419C0007C093064038938787C12391D702F176E5
:1041AC001307400B938606B82391E7002392D7029E
:1041BC0011679D46130600059305000A1305007D43
:1041CC002392E7002393D70241478546130810F842
:1041DC002395E7002396E7002399E700239AE7004D
:1041EC00239BE700239CE7002394E7022393B7006B
:1041FC002394B7002397C7002398C700239DA700DB
:10420C00239E0700239F0700239007022395D702C4
:10421C0023960703239707029308F00723980702B6
:10422C002392E7042393E704239FE7042390E706F4
:10423C002391E7062392E706239917031307C01C63
:10424C00239AD702239BD702239C0702239D0702A4
:10425C00239E0702239F0702239007042391D70470
:10426C0023940704239507042396D7042397C704A4
:10427C002398C7042399A704239A0704239B0704B4
:10428C00239C0704239DC704239EC7042393A706DE
:10429C002394070623950706239607062397B7064C
:1042AC002398B70623990706239AE7065147239DBF
:1042BC00E7067D57239B0706239C0706239ED706FC
:1042CC00239F0706239007092391E7088280011199
:1042DC0026CAAA84214522CC06CE2E8432C636C4E8
:1042EC003AC2EFD0FF9E1DC9A24612473246930731
:1042FC0000FD2300F5009947A30095002301F5006C
:10430C002303D500A303E5002312C500AA8522854B
:10431C006244F240D24405616FD09FAAF2406244DD
:10432C00D24405618280B727002023A8A7A08280F1
:10433C00B727002023AAA7A08280B727002023AC90
:10434C00A7A08280B727002023AEA7A082800111EE
:10435C0022CC4AC806CE26CA2A890144B304890055
:10436C006368B400F2406244D244424905618280E1
:10437C002EC6EFD01FBF93170501C183A183B24591
:10438C002380F4009307140093F7F70F850463F967
:10439C00B700CA9709042380A7001374F40F7DBFDC
:1043AC003E847DBF411122C437240020130484BFF6
:1043BC0003556400C16706C6FD17630FF500B727E8
:1043CC00002003C687D5B7250020938505A2EF9062
:1043DC003050FD572313F400B24022444101828037
:1043EC0009C925151375F50F1335850E13451500E1
:1043FC0082800145828023900500C9C6797122D440
:10440C0026D24ECE52CC5AC806D64AD056CA5EC612
:10441C003684328AAE892A8B814463F34407B3070E
:10442C00940083C70700138914004209939A07016B
:10443C0093DA0A011359090163840A04CA97634188
:10444C00FA04B307240183CB07005E85513F0DC9E5
:10445C009387FAFF2390F90063906B0313051900FF
:10446C002295B250225492540259F249624AD24ACD
:10447C00424BB24B45618280D694C204C18071BF5D
:10448C000145C5B701458280011122CC372400209B
:10449C0026CA4AC84EC6930784BF06CE2E89D0CBF7
:1044AC008CCBC8C7AA8441469305F00F4A8597C0A8
:1044BC00FB1FE78040E88549130484BF631935036B
:1044CC000848C145693541469305F00F268597C0CC
:1044DC00FB1FE78040E60549631525034844624409
:1044EC00F240D2444249B249C14505618DB54146BD
:1044FC0081454A8597C0FB1FE780E0E3E31535FD56
:10450C00C1B741468145268597C0FB1FE780A0E2D5
:10451C00E30625FDF2406244D2444249B2490561AA
:10452C008280411122C43724002026C24AC0AE84A6
:10453C002A89130600028145130584BF06C697C05D
:10454C00FB1FE78040D4930784BFA3812701B727C3
:10455C000020238E97D4EFE02034854719C1814782
:10456C004945230CF4BEB240224492440249410115
:10457C008280814781CD19C98547631BF50083C7AC
:10458C00550093E707FCA382F50085473E858280A2
:10459C0089476317F50083C7550093F7F703E5B711
:1045AC000D478547E314E5FE03C755001377F70362
:1045BC0013670704A382E500D1BF81478DC105C1F4
:1045CC0003C755009306000C85471377070C630847
:1045DC00D700930600048D476303D70089473E85B7
:1045EC008280411122C4005D06C626C21DC8AA8461
:1045FC00085009C597C0FB1FE78040B2485009C559
:10460C0097C0FB1FE78080B1085409C597C0FB1FFA
:10461C00E780C0B0228597C0FB1FE78020B023AC99
:10462C000402B240224492444101828019E9B72726
:10463C00002083C7A7BF91C737250020130505A00D
:10464C00828037250020130505C18280B727002002
:10465C0003C5A7BF8280B727002003A547C082806F
:10466C00B727002003A587C08280B727002083A727
:10467C00C7C088438280B7270020938787BFD44B5D
:10468C009842050798C203C537009307F00F6305DE
:10469C00F50091656FD07FAB8280011122CC06CEE4
:1046AC002E8432C6EF90D0559147B2456310F50277
:1046BC00B727002083A7C7A195C303A30700630FE7
:1046CC00030022856244F24005610283B727002073
:1046DC0083A747A181C703A34700D5B7F240624423
:1046EC00054505618280011122CC2A8403554500C1
:1046FC0006CE26CA4AC84EC6EF90B02E25CD2A89C2
:10470C00834405008349C500E93D4A85EFA0600E4E
:10471C0003554400EF90104A37290020130989A251
:10472C0083470900A1CF639B9704B727002083C55B
:10473C0097A22685EFF05F9F19E12300090003552E
:10474C004400EF90F04B9147631FF500B727002012
:10475C00938787BF8356440003D767006395E600B1
:10476C007D572393E700F2406244D2444249B24958
:10477C000561828081499304F00F79BF9307F00F94
:10478C00E38FF4FA83466400035644000345240087
:10479C004E87A6852D3E65B779715EC6AA8B2E8590
:1047AC0052CC56CA5AC806D622D426D24AD04ECE9D
:1047BC00AE8A328B368AEF90D0227DC1045D2A8975
:1047CC00E5C09C50614599C3130540039C5481C7B7
:1047DC0051054205418163050A007105420541817D
:1047EC00DC5081C75D0542054181EFD06FCE2A8434
:1047FC0045C96146814597C0FB1FE780C0A8B72714
:10480C00002083C987C46394090083490900930776
:10481C0000FD2300F400A947A30074012301F40058
:10482C00230364018C50231254011305840191C994
:10483C0008C47146930A440397C0FB1FE780809D10
:10484C0056858C5491C948C45146930A450197C06A
:10485C00FB1FE780209C5685630C0A0008C8714634
:10486C00D285930AC50197C0FB1FE780A09A568595
:10487C00CC5099C548C85D4697C0FB1FE78080990E
:10488C00A2854E85EFD0CFD32254B2509254F24928
:10489C00624AD24A424BB24B4A850259456191B3A6
:1048AC00B250225492540259F249624AD24A424BB3
:1048BC00B24B4561828001114EC6AA892E854AC829
:1048CC0006CE22CC26CA2E89EF90B01121C9B7276B
:1048DC00002083C487C499E0834405001945EFD0B8
:1048EC002FBF2A8405CD8145194697C0FB1FE78051
:1048FC008099930700FD2300F400B947A30034010D
:10490C002301F40023122401A2856244F24042499F
:10491C00B2492685D24405616FD08FCAF2406244F9
:10492C00D2444249B2490561828039715ECEAA8B6C
:10493C002E8526DA4ED652D456D25AD006DE22DC3A
:10494C004AD8AE84328BB68A3A8ABE8942C6EF9078
:10495C00500921CD2A894145EFD08FB72A8431C522
:10496C004146814597C0FB1FE780E091B7270020A7
:10497C0003C587C419E103450900930700FD230013
:10498C00F400BD472301F400B247A30074012312C5
:10499C00940023046401A304540123054401A305DA
:1049AC0034015CC4A285EFD0AFC1F2506254D25432
:1049BC004259B259225A925A025BF24B21618280BF
:1049CC00797126D2AA8439454AD04ECE06D622D445
:1049DC002EC6B2893689EFD0AFAF21C1B24593074D
:1049EC00000D2310F500B1472A842312B5002301D2
:1049FC00F500CE851905194697C0FB1FE78080810D
:104A0C0023062401A2852254B2500259F24913F50F
:104A1C00F40F925445616FD0AFBAB25022549254F5
:104A2C000259F24945618280411126C2B724002007
:104A3C00938484BF03C7340006C622C44AC09307BC
:104A4C00F00F630CF7042A893945EFD06FA82A843C
:104A5C0029C5930700FDB72500202300F500A3000E
:104A6C00250123010500938505C10D05194697B055
:104A7C00FB1FE780207A83D78400A28503C534000E
:104A8C002315F40083C714002306F4002244B2401B
:104A9C009244024941016FD0AFB2B24022449244D9
:104AAC0002494101828001115AC02A8B314526CA24
:104ABC004EC652C456C206CE22CC4AC8AE84B28A66
:104ACC00368ABA89EFD0CFA03DCD2A842685EF90C7
:104ADC00407111C50347C500A1476314F704B727FC
:104AEC00002003C9B7BF930700FD2300F4009D47C6
:104AFC00A30064012301F400231294002313540136
:104B0C002314440123153401A2856244F240D2449B
:104B1C00B249224A924A024B4A85424905616FD0FA
:104B2C002FAAB727002003C9D7D5E31E0BFAB72746
:104B3C00002083A787AD9C47DDD7CE865286D685CD
:104B4C00268582974DB7F2406244D2444249B2491D
:104B5C00224A924A024B05618280011122CC2A849E
:104B6C00214506CE2EC6EFD0AF9621C1B245930794
:104B7C0000FD2300F500C5472301F50083C7350070
:104B8C00A301F50083D745002312F50083C7650008
:104B9C002303F50083C77500AA85A303F5002285BE
:104BAC006244F24005616FD0AFA1F24062440561EE
:104BBC008280397162CC2A8C594526DA4AD84ED675
:104BCC0052D456D25AD05ECE06DE22DCAE8432C629
:104BDC0036C4BA8B3E8BC28A468A83590104034978
:104BEC004104EFD0EF8E25C93246930700FDA24653
:104BFC002300F5009547A301C500A30085012301FF
:104C0C00F5002A8419461105A9C2B68597B0FB1F79
:104C1C00E780406023066401230A240123157401F4
:104C2C00231754012318440123193401A28562541B
:104C3C00F2504259B259225A925A025BF24B624CD0
:104C4C002685D25421616FD0AF97814597B0FB1F59
:104C5C00E7806063C1B7F2506254D2544259B259E2
:104C6C00225A925A025BF24B624C216182804111B2
:104C7C0022C437240020130484BF8347240006C6B3
:104C8C0026C28DCBB7240020AA851946138504A013
:104C9C0097B0FB1FE780005803452400938504A0C0
:104CAC00EFF03F8D2244B240138504A092444101A1
:104CBC006FD0503FB2402244924401454101828062
:104CCC00411126C2B7240020938784BF06C622C494
:104CDC004AC003C737009307F00F938484BF630463
:104CEC00F7042A892945EFC0BFFE2A840DCD93070E
:104CFC0000FD2300F500A147A30025012301F500C9
:104D0C0083C72400B7250020938505A0A301F500D7
:104D1C001946110597B0FB1FE780C04F03C534003F
:104D2C00A285EFD0EF8903C724008D476311F702EA
:104D3C00B727002083A787A199CB03A3870063081B
:104D4C0003002244B2409244024941010283B24022
:104D5C0022449244024941018280797122D406D6C0
:104D6C0026D24AD04ECE52CC56CA09445DCD2A89A1
:104D7C0003550500AE895144EF90A046AA8455C551
:104D8C0037270020930787D583C747008546BA8A03
:104D9C00FD1793F7F70F494463F9F6080347C5006D
:104DAC00A1476314F700639209089C5C4544B5EF76
:104DBC009165938545711305C00297B0FB1FE78081
:104DCC00A02788DC2A8A4D442DC11306C0028145D8
:104DDC0097B0FB1FE780204B8357090093064A00CE
:104DEC0036852311FA0071469305490036C697B0F3
:104DFC00FB1FE780204289472300FA0003C5C4004B
:104E0C00B2460356090083C58AD5611513351500C2
:104E1C00EFA0A06F2A8463860900CE852685EF90CB
:104E2C00F04C01C42685EFF0CFFB2285B250225402
:104E3C0092540259F249624AD24A45618280B7279C
:104E4C00002083C7C7D50547FD1793F7F70F637885
:104E5C00F708894751C6011122CC26CA4AC84EC64A
:104E6C0052C406CEAA89368AB2842E89EF90603756
:104E7C002A84D14729C9485509C597B0FB1FE7803B
:104E8C00E029F1452685EFD0AF9448D4CD4705CD28
:104E9C008346C40021478147639FE600630D0A00E7
:104EAC000347A5010356050193062501AA854E85E6
:104EBC00EF90704BAA8703474400630F09001367F8
:104ECC0067002302E400F2406244D2444249B249F2
:104EDC00224A3E850561828013674700DDB7C947CA
:104EEC003E8582809307000463EBA700B727002060
:104EFC00938787C106053E95035505008280416561
:104F0C007D158280011122CC2A842E8526CA06CEDC
:104F1C00AE84EF90002D1DCDB7470F009387F7237C
:104F2C00094563E4870281450A85414697B0FB1F1A
:104F3C00E7806035A685231081000A854180230116
:104F4C008100A3010100EFA0C03BF2406244D244B7
:104F5C00056182804945D5BFB7270020238DA7D492
:104F6C0082806FA0A054797152CC2A8A328522D4C7
:104F7C0026D24AD04ECE56CA5AC85EC606D662C48F
:104F8C00AE8BB28A368BBA843E89C2894684EF9046
:104F9C00402515C92A8C63140A0213774B008347EA
:104FAC00450015CF93E727012302FC008DEC631C11
:104FBC000902639A090205E8ED9B2302FC00832B8E
:104FCC008C03639F0B06B250225492540259F2493F
:104FDC00624AD24A424BB24B224C45618280F59BCD
:104FEC0093E70701D1B793E747002302FC0001CCFC
:104FFC001C484146A2852324FC0213058C0197B062
:10500C00FB1FE780202163910B02D5D80325CC022E
:10501C0009C597B0FB1FE7806010F1452685EFC0EE
:10502C003FFB2326AC0261BFE30B09F80325CC023E
:10503C0009C597B0FB1FE780600EF1454A85C5B7DF
:10504C009DC483A70B0299EB9165938535717145CE
:10505C0097B0FB1FE78040FE23A0AB0203A50B0219
:10506C0019C57146A68597B0FB1FE780A01A638807
:10507C00090283A74B0299EB9165938525715D45D8
:10508C0097B0FB1FE78040FB23A2AB0203A54B02AA
:10509C0019C55D46CE8597B0FB1FE780A0171DC4D0
:1050AC0083A78B0299EB916593851571514597B048
:1050BC00FB1FE78060F823A4AB0203A58B0219C584
:1050CC005146A28597B0FB1FE780C0142254B25002
:1050DC009254F249B24B224CCA865A860259424B20
:1050EC00D6855285D24A624A45616FF0EFEA0111CA
:1050FC0026CA52C406CE22CC4AC84EC62A8AAE84D0
:10510C00EF90200E25C5AA893945EFC07FBC2A84B3
:10511C0031CDB727002003C987C46314090003C924
:10512C0009009307000D2310F400AD472301F40090
:10513C009385690013053400194697B0FB1FE7806F
:10514C00600D93F71400858085882306F400A30670
:10515C00940023154401A2856244F240D244B24922
:10516C00224A4A85424905616FC09FC5F24062449C
:10517C00D2444249B249224A0561828001114EC68D
:10518C0052C456C206CE22CC26CA4AC8AA8A2E8A35
:10519C00B289EF9000052DCD2A891305C002EFC00E
:1051AC003FB32A8435C5B727002083C487C499E050
:1051BC00834409009307000D2310F400E9472301F1
:1051CC00F4009305690013053400194697B0FB1FD2
:1051DC00E7804004D285231554011305C4004146D1
:1051EC0097B0FB1FE7800003CE851305C401414631
:1051FC0097B0FB1FE7800002A2856244F24042494F
:10520C00B249224A924A2685D24405616FC05FBBDF
:10521C00F2406244D2444249B249224A924A056160
:10522C008280411122C437240020130484A008403A
:10523C0006C619C597B0FB1FE78040EE232004007B
:10524C00B240224441018280011106CE22CC26CAF2
:10525C004AC82EC6EF80F07839CDB245B72700206A
:10526C0003C987C40CD5AA8463140900034905003B
:10527C004145EFC0FFA52A841DCD9307000D2310D7
:10528C00F500A5472301F50083C7540093856400FE
:10529C001105A30FF5FE194697B0FB1FE78080F7A9
:1052AC009C54A285F2405CC46244D2444A85424973
:1052BC0005616FC0FFB0F2406244D24442490561BF
:1052CC0082801D71A2CC86CE2A842EC6EF8070718E
:1052DC0005CD8346C5001147AA8749456392E6026E
:1052EC009C5FB24599C383C56701B70605002308C7
:1052FC00B1009386E64E100889452285EF90C07563
:10530C00F6406644256182805145DDBFB7270020F9
:10531C0083C7C7D50547FD1793F7F70F637AF704D3
:10532C00894721CA411122C426C24AC006C6B2848A
:10533C002E89EF80106B2A84D14705C563080900BC
:10534C008347450093E727002302F5004146A685D5
:10535C001305840197B0FB1FE780C0EB9C481CD45D
:10536C008147B2402244924402493E8541018280E9
:10537C00C9473E858280797122D406D62A842EC6EE
:10538C00EF80306601CDB2452285230EB1006C084A
:10539C00EF904072B2502254456182805145DDBF7E
:1053AC006F80D07AC1671387E7FF6395E502B72753
:1053BC00002083A747A191EB494582804945B24023
:1053CC002244924402494101828003A30700E30571
:1053DC0003FE0283411122C426C24AC006C6FD1731
:1053EC002A892E84B284639AF502B727002083A7FA
:1053FC0047A191CF9C4381CF829711E9B727002019
:10540C00238427A3B7270020A38497A24DBFA6858A
:10541C004A85EFE07FD145F5D5B72E85EF80705CDE
:10542C0051DD834705000D45E39B27F92285224476
:10543C00B2400249A685924441016FD0A043930724
:10544C00000463E2A7064111C16722C406C626C246
:10545C00FD172A8409456382F502C547AE846313A0
:10546C00F4022E85EFD0C04837250020130585C1E6
:10547C0006042A94231094000145B240224492441D
:10548C00410182809307A0036316F4002E85EFD0B0
:10549C00203FD9BF9307B003E318F4FC13F5F50FC5
:1054AC00EFD0403ED1B709458280411106C622C4D7
:1054BC0026C237240020AA84EFE03FC9EF204075B4
:1054CC00EF103016EF60920C130584BF8145130664
:1054DC00000297B0FB1FE78000DB130484BF930727
:1054EC0000F02311F400B7270020138787D5FD5651
:1054FC002301D700230204002244238C97D4B2400A
:10550C0026859244954541016F70C0585971939707
:10551C000501CAD086D6A2D4A6D2CECED2CCD6CABB
:10552C00DAC8DEC6E2C4E6C2EAC06EDEC1872E89E6
:10553C0063D40756B724002003C584D5B7290020AF
:10554C00372B0020EFC0CFFF2A8426CCB72A0020AF
:10555C00372C0020938489BFB72C00201DE02165D7
:10556C003345A900B650265496540659F649664A56
:10557C00D64A464BB64B264C964C064DF25D6561B1
:10558C008280834704001307200A639CE70003CA48
:10559C00340003552400C1652286FD15EFF0EF8F12
:1055AC008DA26247130787D5034A270013071009FA
:1055BC006395E716834714001547639FE700228520
:1055CC00EFF06F922285EFC08FEBE24703C587D5D2
:1055DC00EFC00FF72A8459B739476398E71603557C
:1055EC0044008567A5076315F5040C4483CB0500BF
:1055FC00639D0B00850591C93725002019461305BD
:10560C0005C197B0FB1FE780E0C003C789BF854782
:10561C006315F71063880B00238C09BE5E85EFF0D1
:10562C00AFC04DB78947238CF9BEEFD0602759BF67
:10563C00896713872700631CE504832B8400638E22
:10564C000B0C83C70B0089EF83C72B0003C71B0010
:10565C00A207D98F2394F40083C73B00A380F400E6
:10566C0003C789BF8947631AF70A83C70B0091C721
:10567C00238C09BE03C50B005DB783C5140003D58D
:10568C0084008D47238CF9BEEF70C043E5B79507B6
:10569C006318F5001C4403C50700EFF06FE21DB75B
:1056AC00F9771387A7FF2A9742074183914663F145
:1056BC00E6049387A7FCAA97C207C183714763715D
:1056CC00F70289671387B7006310E50483A70AA163
:1056DC00E38A07EE9C43A285E38607EE829715A02A
:1056EC00370700181307F770B357F700858BA1CB5A
:1056FC0083278BA1E38807EC9C43E38507EC228589
:10570C008297E31105EC11A81387C7006310E5021B
:10571C001C4483C70700E38707EA9307F00FE303F2
:10572C00FAEAA2855285EFC0AFE945B5B90763180F
:10573C00F50083A74CA1E38707E8DC4369BF8967C1
:10574C0093871704E304F5F8C9BF3D476399E70451
:10575C000355440089671387D700E30CE5FC1387D6
:10576C009701E308E5FCCD07E319F5FA03D76400CC
:10577C00C167FD17631DF70083A74CA1E38407E401
:10578C00DC43E38107E40965A2854D0581BFB7279A
:10579C00002083A7C7A1E38707E29C43DDB713076B
:1057AC00E003E39CE7F68347240005476398E70E84
:1057BC008347640037270020930D87A0E1E783A778
:1057CC000D00D5CF83CB0700214A03457400130D80
:1057DC008400EA85EFE07FDE83474401A303A40045
:1057EC00835804010358E400035744002A860345F8
:1057FC0034003EC283572401EA86DE853EC0D28740
:10580C00EFF02FBB8347340095E7DD478358040145
:10581C000358E40083467400835544003EC283570A
:10582C0024016A873EC0D28705465E85EF805054BE
:10583C00A301A40083A70D0081C71145EFF07F9E43
:10584C00930B8CA203C50B00E30E05D6B7270020E3
:10585C0083C597A2EFE05F8DE30605D6834634003F
:10586C0093071003638AF6000356440083C50B00AC
:10587C0052873685EFE0BFA523040CA2A1B383CBDE
:10588C00340099B783278BA183CB3400114A95DF61
:10589C00DC4385DF81450145829705BF2947639825
:1058AC00E70A8347640037270020930D87A0A5EFF4
:1058BC0083A70D00B5C783CB0700214A03457400AD
:1058CC009306840093772500BDCB13761500130344
:1058DC004401834704028358C4010358A4010357AD
:1058EC004400034534003EC28357E401DE851ACEE2
:1058FC003EC0D287EFF0EFAB8347340072439DFB81
:10590C00DD478358C4010358A401834674008355B2
:10591C0044003EC28357E4011A873EC0D28729B7A0
:10592C0083CB340059BF83278BA183CB3400114A1E
:10593C00D1D7DC43C1D781450145829741B7B685A4
:10594C0036CEEFE09FC7F2462A86368359B7094711
:10595C00639CE70083A70AA1E38607C6DC43E383C5
:10596C0007C622858297B9B92D476398E70083A7AC
:10597C000AA1E38907C49C47DDB70D476397E7008D
:10598C0022868D450355440011B919476395E706E6
:10599C009305610213051031EF60E2472C101305DB
:1059AC002031EF6042470356640083578102035550
:1059BC00440063E8C700835684000357610263F711
:1059CC00E60093050002EFC0B071EDBE6374E60013
:1059DC002313E40063F4D7002314F4000357C4002A
:1059EC008356A40003568400835564000148814704
:1059FC00EFC0D06EC1BE1D47E381E7D2314763953E
:105A0C00E7002286B145BDBF35476398E70083A701
:105A1C000AA1E38907BADC4799B739476396E700CF
:105A2C002285EF00F00779BE3D476398E70083A716
:105A3C000AA1E38907B89C4B1DB741476396E70061
:105A4C002285EF001011BDBE45476396E700014566
:105A5C00EF00902085BE4947639DE70083278BA10B
:105A6C00E38D07CADC43E38A07CA81450545829763
:105A7C006DB14D47639CE70083278BA1E38F07C86B
:105A8C00DC43E38C07C8A2850945D5B76147E3968B
:105A9C00E7C82286E145FDB593F7150089CFB727F6
:105AAC00002083A707A189C7DC4399C301458297CE
:105ABC001345190045BC93F7250091CFB72700205B
:105ACC0083A787A191C7DC4381C781450545829790
:105ADC001345290041BC93F745000145E38407A811
:105AEC00B727002083A7C7A037240020130484BF46
:105AFC0091CF85472302F400B727002083A787A105
:105B0C0091C7DC4381C781450545829748442C10D9
:105B1C00EF90806B2810EFF08F95B727002083D77C
:105B2C00A7C381CF130600643386C702B7270020B2
:105B3C0003C587D59145EFC03F80134549001DB47F
:105B4C00011122CC2A84554506CE26CAEFF08FB916
:105B5C00AA8413054002EFF0EFB82AC613055002D1
:105B6C00EFF04FB8AA86228562443246F240B33534
:105B7C009000D24405616FC0105D797122D406D6B5
:105B8C008D472E84631FF50003D7A50083D68500AF
:105B9C0003D665000345340083D54500EFE0BFF024
:105BAC0009A889671387D7006311E50403C525008D
:105BBC0019E58547B25022543E8545618280B7274E
:105BCC00002083A687A0F5D603C6360083C5060041
:105BDC00814802C202C00148814701479106EFE0AB
:105BEC005FFD0545EFF0EFE3E9B71387E700E3024C
:105BFC00E5FC13873701631AE50003C5250055D969
:105C0C00014781460146814551BFE507E303F5FA9B
:105C1C00B1476319F500B727002003C5B7BFEFE004
:105C2C00DFF341BF41677D178147E315E5F803C7F3
:105C3C005500C947E31FF7F683D6E50003D6C50028
:105C4C000355840083D5A500EFC0705641C95D454E
:105C5C00EFF04FA93335A000231CA100834544006D
:105C6C00035524003008EF80004883578101B1F3BD
:105C7C006C0813051031EF60021A9305E10113054E
:105C8C002031EF6042198357C101035784006374BC
:105C9C00F7002314F4008357E1010357A40063F4C5
:105CAC00E7002315F400835784000357A4006374A2
:105CBC00F7002315F40003552400EF4091250357FA
:105CCC00E4008356C4000356A40083558400035596
:105CDC00240001488147EFC0303EE1BD8547231CBD
:105CEC00F100ADBFB7270020138787D58346770017
:105CFC001307F00F638CE60851C9411122C426C268
:105D0C004AC006C6AA840345A500138987D5410558
:105D1C00EFB01FFC2A842DC59307000D2310F5004E
:105D2C00D9472301F50083D744002312F50083C71C
:105D3C0064002303F50083C77400A303F50083C735
:105D4C0084002304F50083C79400A304F50003C664
:105D5C00A4002305C50015C2CC44410548C497A036
:105D6C00FB1FE780204BA285224403457900B240FB
:105D7C009244024941016FC0AF8423260500E5B768
:105D8C00B240224492440249410182808280C16720
:105D9C001387E7FF639EE500B727002083A787A042
:105DAC009DC383C707000D47639DA7006FC01030CC
:105DBC00FD1749476397F500B727002083A787A0F5
:105DCC00F5F73A8582804947EDBF397122DC06DE52
:105DDC0026DA4AD84ED652D456D25AD05ECE62CC9F
:105DEC000347050085472A84630DF70403468500A5
:105DFC00930695009305E1000545EFE0CFDF814761
:105E0C0019C1834705008346040011476383E604E8
:105E1C00372700200327C7A28D4603471700630AC4
:105E2C00D70285CB1DC70DE10145F2506254D25407
:105E3C004259B259225A925A025BF24B624C21617E
:105E4C00828081470145C1B785466314D70A8D8B83
:105E5C00E1DF03451400130A2400D285EFE0EFF5CF
:105E6C0037290020A300A400832709A32A8B130938
:105E7C0009A38149C1C7B72A00209304F00F83C737
:105E8C00AAA2138CAAA263FDF90203250900939B15
:105E9C0049005E9583470500638497068347150088
:105EAC00639067071946D285090597A0FB1FE78009
:105EBC00E04139C58324090003470400DE94B9E4AA
:105ECC00834604009147E381F6F683270900A9DF96
:105EDC0003460C0001479305F00FE307E6F4BE847C
:105EEC00C10703C507FF6309B50C05071377F70F47
:105EFC00EDB78946E31AD7F2858B99BF054535B7BF
:105F0C00850993F9F90FA5BF88C4F5A09147631AC9
:105F1C00F706C84405C5834784000346050063049F
:105F2C00F606034704009147631DF706C84419C5DC
:105F3C0097A0FB1FE780801E23A604000345840066
:105F4C0091659385E571050597A0FB1FE780C00E51
:105F5C0005C5034704009147631EF704C8C4834773
:105F6C008400930594000505A30FF5FE03468400F9
:105F7C0097A0FB1FE780002A034584003335A0005F
:105F8C006DB5884441BF93059400050597A0FB1F90
:105F9C00E780C0338547E316F5F85545EFE09FF4ED
:105FAC00BDA8884441DD97A0FB1FE780201723A4E0
:105FBC00040069B788C465B72380D40083471400F4
:105FCC00D28513852400A380F400194697A0FB1FEB
:105FDC00E78040240345840091659385F5710505A0
:105FEC0097A0FB1FE780400505C5034704009147B8
:105FFC00E31CF7F0C8C4834784009305940005059F
:10600C00A30FF5FE0346840097A0FB1FE7808020BA
:10601C0083478400E39407EE034504007D15133594
:10602C00150021B5397122DC26DA4ED652D406DEA3
:10603C004AD856D25AD05ECE2A84930925000345FD
:10604C001500CE85B7240020EFE02FD7A300A400C5
:10605C009384C4A29C400D472A8A83C7170063907F
:10606C00E70437290020832709A3814A130909A3D0
:10607C00638E0714B72B002003C7ABA293970A01BA
:10608C00C18303250900138BABA263E7E70C83469E
:10609C000B000327090081471306F00F79AAF1D3EF
:1060AC00144C034674019305E1000545EFE0AFB4D1
:1060BC0005CD9840854683470500034717006310BC
:1060CC00D7028D8BD9FF0145F2506254D2544259FC
:1060DC00B259225A925A025BF24B21618280894654
:1060EC00858BE310D7F8F9BF83470400114763850C
:1060FC00E7002D47E399E7FCB724002083A704A30E
:10610C00938404A3E9D3814A0149B72B00201DA82D
:10611C008840139B4A00834704005A9503470500A7
:10612C006311F70283471500639D47011946CE851D
:10613C00090597A0FB1FE780601901C503A904009E
:10614C005A99850A03C7ABA293970A01C183E3E16D
:10615C00E7FCE31809F085BF93944A0026950347A2
:10616C00050083470400631FF70A83471500639BF0
:10617C00470B1946CE85090597A0FB1FE780001534
:10618C0055C1832709001147BE94834704006385DA
:10619C00E7002D47639EE70203AAC40083477401FE
:1061AC0003460A006309F602528597A0FB1FE7809D
:1061BC00E0F60345740191659385E571050597A09B
:1061CC00FB1FE78060E71DE5E38304EC0545EDBDAF
:1061DC0003AA8400E1B70C4C13051A0097A0FB1F0F
:1061EC00E780C00E8547E311F5FC5545EFE09FCFE6
:1061FC0061DDD1BD8347040011476385E7002D475E
:10620C006390E702C8C4834774010505A30FF5FE2C
:10621C00034674010C4C97A0FB1FE780A0FF6DB7E1
:10622C0088C4D5B7850A89BDBA844107834507FF61
:10623C00638AC5008507C207C183E3E7D7FE79B738
:10624C0088C491A083470400CE8513852400238045
:10625C00F400834714001946A380F40097A0FB1F99
:10626C00E78040FB0345740191659385F571050545
:10627C0097A0FB1FE78040DC31D90347040091470E
:10628C00E310F7FCC8C4834774010505A30FF5FEA2
:10629C00034674010C4C97A0FB1FE780A0F73DB799
:1062AC0001114AC837290020130989D50347790001
:1062BC0006CE22CC26CA4EC69307F00F6304F7080D
:1062CC0051C1AA845145EFB0BFA02A8425CD9307B4
:1062DC00000D2310F500D5472301F50083C73400CA
:1062EC0093898400CE85A301F50083D74400231243
:1062FC00F50083C764002303F50003C57400EFE0C9
:10630C00CFABA303A400CE8513058400194697A038
:10631C00FB1FE78020F083C7E400A28503457900CA
:10632C002307F40083D704012318F40083C7240146
:10633C002309F4006244F240D2444249B249056157
:10634C006FB01FA8F2406244D2444249B249056181
:10635C008280411122C437240020130484D50347C2
:10636C00740006C626C29307F00F630CF70215C91A
:10637C00AA841945EFB0DF95AA8505C59307000DD2
:10638C002310F500DD472301F50083D74400B2400C
:10639C0092442312F50003457400224441016FB06E
:1063AC003FA2B2402244924441018280011122CC8E
:1063BC0037240020832704A306CE26CA4AC84EC61B
:1063CC0052C48DC3130404A32E8AAA840149084025
:1063DC0063129902630C0A0497A0FB1FE78000D498
:1063EC0023200400F2406244D2444249B249224A7A
:1063FC000561828093194900B3073501884709C9A3
:10640C0097A0FB1FE78080D11C40CE9723A40700E8
:10641C001C40CE97C84709C997A0FB1FE78000D046
:10642C001C40BE9923A60900050955B745DD1396F6
:10643C004400814597A0FB1FE780E0E414408147AE
:10644C007D5613F7F70FE37F97F8139747003697AE
:10645C002300C7008507F5B779714AD0372900208A
:10646C008327C9A206D622D426D24ECE52CC56CAE7
:10647C005AC85EC6C5C7B72A0020AA891309C9A283
:10648C00938AAAA2014405E1B727002083A607A39B
:10649C0099CA03C60A002A8481479305F00F13F7A3
:1064AC00F70F6368C708131534002105EFB05F823E
:1064BC00AA8401E92145EFB0BF81AA8421C501441A
:1064CC00CD49930700FD2380F4008547A380340158
:1064DC002381F400A381840045C89389840023A2FE
:1064EC003401014A372B0020930BF00F83C70A00AD
:1064FC006373FA0039E883270900A68503C50700F2
:10650C00EFB01F8C03C50A0081454D3503250900EA
:10651C0097A0FB1FE78080C023200900B2502254B3
:10652C0092540259F249624AD24A424BB24B4561EB
:10653C008280139747003697034707006305B7001F
:10654C0005041374F40F850799BF83270BA39315C8
:10655C004A00BE9583C70500638477032380F90046
:10656C0083C71500138529007D14A380F9001946F3
:10657C0089051374F40F97A0FB1FE780A0C9A1092C
:10658C00050A137AFA0F9DB723A20400ADB7B727FB
:10659C00002083A7C7A2B1C7411122C406C62A8412
:1065AC001DE10945EFE01F942A8601C9B727002099
:1065BC0003C587D58545EFB03FD80545EFF04FD8DB
:1065CC002A84054519C8B727002003C587D58545FA
:1065DC00EFB05FFF228549350545B24022444101A9
:1065EC0082800145828089679386B7006316D50047
:1065FC009C4503C5070061BF9386C7006318D5008F
:10660C009C45854603C5070019C9F5B79386170441
:10661C00E300D5FE938727048146E303F5FE368518
:10662C008280797106D622D426D24AD04ECE52CC54
:10663C0056CA5AC85EC662C471CD83473500AA8952
:10664C0085C7404115C05945EFE0DF89931A850194
:10665C0093DA8A410149372A0020130B000DB54B00
:10666C0083C73900636EF900B25022549254025918
:10667C00F249624AD24A424BB24B224C456182806B
:10668C008307840263CF57078327CAA2130CCAA2BD
:10669C00ADCB2285EFF06FF32DC50345840051057A
:1066AC00EFB00FE3AA8431CD2310650123017501EE
:1066BC0083470400194693052400A301F5008307C2
:1066CC00840215052303F50083471400A30FF5FE80
:1066DC0097A0FB1FE78000B4034684002386C40008
:1066EC001DC61385440188C89305940097A0FB1F11
:1066FC00E78040B283270C00A68503C50700EFB0E6
:10670C002FEC0509130494021379F90F91BF23A8F8
:10671C000400CDB7B727002083A7C7A2B1D72D3B64
:10672C002254B25092540259F249624AD24A424B14
:10673C00B24B224C014545616FF08FC0797106D682
:10674C0022D426D24AD04ECE52CC56CA5AC85EC695
:10675C0062C469C583473500AA8985C7444195C081
:10676C005945EFE02FF8931A850193DA8A410149D4
:10677C00372B0020930B00FD414C83C73900636E0F
:10678C00F900B250225492540259F249624AD24A48
:10679C00424BB24B224C456182808387F40063CA22
:1067AC005707130ACBA283270A00A5C75145EFB0A0
:1067BC002FD22A8439CD23007501A30005002301B3
:1067CC00850183C70400194693852400A301F500B5
:1067DC008387F4001505A306F50083C71400A30FE7
:1067EC00F5FE97A0FB1FE780E0A283C7840093858A
:1067FC0094001305C400A305F400194697A0FB1FD1
:10680C00E78040A183270A00A28503C50700EFB0EB
:10681C002FDB0509C1041379F90F85B7B7270020C1
:10682C0083A7C7A2B9DFEFF03FC32254B2509254F2
:10683C000259F249624AD24A424BB24B224C0145B0
:10684C0045616FF0EFAF5D7186C6A2C4A6C2CAC027
:10685C004EDE52DC56DA5AD85ED662D466D26AD094
:10686C006ECE6301052883473500AA8495CB832A15
:10687C00450063870A025945EFE0CFE6931785017F
:10688C00E1873EC60144B7290020130A000D054CD0
:10689C00B54C130D00FDC14D03C734006361E40218
:1068AC00B640264496440649F259625AD25A425B83
:1068BC00B25B225C925C025DF24D61618280038767
:1068CC00CA00B2476349F71603A7C9A21389C9A224
:1068DC006303071683CB0A0013F70B014DCF4D470B
:1068EC00639EEB0623800A005685EFF0AFF363043A
:1068FC00051403C70A00914763E4E7146319870D75
:10690C005145EFB0EFBC2A8B630705122300A5019C
:10691C00A30005002301B50183C60A00194693851F
:10692C002A00A301D5008386CA001505A306D5004D
:10693C0083C61A00A30FD5FE97A0FB1FE780808D9E
:10694C0083C60A01194693851A01A305DB001305BA
:10695C00CB0097A0FB1FE780E08BF9A0554763980D
:10696C00EB0005472380EA00A38B0A00B5BF7547EF
:10697C00E389EBFE49476396EB0009472380EA0065
:10698C00A5B741476394EB000D47CDBF6D47E39D21
:10699C00EBF41147E5B713F78B0019C32D47F9BF7B
:1069AC0013F61B0013F74B0011C619C315475DBF37
:1069BC002147E9B713F62B0011C619C325475DB75C
:1069CC0019476DBF19C3294755BF1D4745BF03C59F
:1069DC007A015105EFB0CFAF2A8B31CD2310450191
:1069EC002301950183C60A00194693852A00A30149
:1069FC00D5008386CA0015052303D50083C61A006B
:106A0C00A30FD5FE97A0FB1FE780C08003C67A01B9
:106A1C002306CB0001CA13054B012328AB0083A529
:106A2C008A0105BF23280B0083260900DA8503C5DC
:106A3C000600EFB0EFB80504F10A1374F40FA9BD0A
:106A4C0003C57A0113050502EFB08FA82A8B65D513
:106A5C00C9472301F5002310450103C60A0093F62C
:106A6C000B0693852A00D18EA301D50083C61A008C
:106A7C0019461505A30FD5FE9790FB1FE78080796B
:106A8C0083C68A00194693851A01A305DB0083C6C9
:106A9C009A0013053B012306DB0083C6AA00A3065C
:106AAC00DB0083C6BA002307DB008386CA00A3077A
:106ABC00DB0083D6EA002318DB0083C60A01230916
:106ACC00DB009790FB1FE780E07403C67A01A30CF0
:106ADC00CB0011C613050B02232EAB0089B7232E56
:106AEC000B0099B7B727002083A7C7A2E38A07DA60
:106AFC00EFF09F962644B64096440649F259625AE6
:106B0C00D25A425BB25B225C925C025DF24D014553
:106B1C0061616FF0EF82B727002083A7C7A285CBF6
:106B2C0003C707008D476315A702B727002003C5CD
:106B3C0087D54111854506C6EFB0DFA813050003C4
:106B4C00EFF09F91B240014541016FE07FFFC947D3
:106B5C003E85828079714AD0372900201309C9A259
:106B6C008327090006D622D426D2F9E33724002045
:106B7C00130484D503474400C947298B5DC3916531
:106B8C00AA849385D57111459790FB1FE780C04A65
:106B9C002320A900CD4751C5034774009307F00F7C
:106BAC006316F70083C70400A303F4001146A685FF
:106BBC009790FB1FE7800066930531011305F041A8
:106BCC00EF306257B7270020938787BF03C4270095
:106BDC00034731013334800011C30904130510023B
:106BEC00EFE04FB01376F50F13771600E14715CB96
:106BFC00154532C6EFE00FAF83C72400231CA1005C
:106C0C001945230AF100EFE0EFAD324683C534009D
:106C1C00231EA1007C08380854082285EFB070525E
:106C2C00AA87B2502254925402593E854561828003
:106C3C00C547C5BF757126C3B724002022C506C73A
:106C4C004AC1CEDE938484D583C744004944A18BCA
:106C5C00638D0718B727002083A7C7A2414463960A
:106C6C0007182A89EFE0CFF383C784005544637E6D
:106C7C00F516B724002083A784A0A6894544639603
:106C8C00071691659385C57129459790FB1FE78081
:106C9C00A03A23A4A4A04D44630905142946CA852F
:106CAC009790FB1FE780005713056002EFE08FA35E
:106CBC001375F50F9377150061446388071213065B
:106CCC00000381451364250088009790FB1FE78023
:106CDC00805B4145EFE00FA12316A1043D45EFE099
:106CEC006FA02319A1043545EFE0CF9F231CA1040D
:106CFC003945EFE02F9F231FA1042145EFE08F9E24
:106D0C002312A1061D45EFE0EF9D83A784A0231558
:106D1C00A10683C717006382070E2D45EFE08F9CF9
:106D2C002310A1043145EFE0EF9B2313A1041305BD
:106D3C00C002EFE02F9B2317A1041305B002EFE074
:106D4C006F9A231AA10413059002EFE0AF99231D4B
:106D5C00A1041305A002EFE0EF982310A106130580
:106D6C008002EFE02F982313A10613057002EFE0C9
:106D7C006F9783A789A02316A10603C537009385B7
:106D8C004700EFD00FFF2AD69305F1031305F0410E
:106D9C00EF30623AB7270020938787BF83C527005F
:106DAC000347F1033256B335B00011C3890583A6EE
:106DBC0089A0FC00228703C526003EC89307210545
:106DCC003EC6BC083EC49307E1053EC2DC103EC083
:106DDC009308A106130861049C009106EFB0F036ED
:106DEC002A8401C50D45EFE0CFC32285BA402A4461
:106DFC009A440A49F659496182802545EFE08F8E05
:106E0C002310A104294505B7B727002083C7C7D590
:106E1C000145A18B89C737250020130505CB6FD001
:106E2C002FD1B72700207D57238507A2B727002035
:106E3C00A38FE7D4B727002023A807A23767040045
:106E4C00B72700201307275F23A607A2B727002028
:106E5C0023AEE7C8376704009387C7C91307E762F7
:106E6C00D8C3376704001307877498C737770400B3
:106E7C0013072785D8C737670400130707CF98CBAC
:106E8C0037670400B72700201307A7D923A8E7CA40
:106E9C0037670400938707CB130767B8D8C3828082
:106EAC00411122C4372400201304A4A226C2AA84B0
:106EBC0003450400854506C6EFF04FCFB7270020E9
:106ECC0083C7C7D5A98BA5CF3725002023009400F5
:106EDC001305C5C9B7240020EFD0EFC4938404A3D5
:106EEC009C4099C74D45B240224492444101828056
:106EFC000345040019E10145FDB791659385B57112
:106F0C0012059790FB1FE780201388C061DD0346B4
:106F1C000400814512069790FB1FE780C03683461C
:106F2C00040090408147FD5513F7F70FE375D7FC2C
:106F3C001397470032972300B7008507F5B7014533
:106F4C0023000400EFD02FBE7DB7411122C437249B
:106F5C0000200325C4A006C619C59790FB1FE78027
:106F6C00E01B232604A0B24022444101828001117F
:106F7C001305700306CEEFD0FFF62AC61305800367
:106F8C00EFD05FF62AC413059003EFD0BFF522466D
:106F9C00B245F240AA86054505616FB0D0195D7106
:106FAC001305D00386C6A2C4A6C2CAC0EFD09FF3F5
:106FBC002A841305C003EFD0FFF2AA841305E00363
:106FCC00EFD05FF22A891305F003EFD0BFF18A8767
:106FDC001377F50F9376F90F13F6F40F9375F40FEF
:106FEC000545EFB09017B6402644964406496161BA
:106FFC0082805971A2D4372400208327C4A086D65E
:10700C00A6D2CAD0CECED2CCD6CADAC80545638DAC
:10701C00070C9305F1041305F041EF30C2119305F1
:10702C00F1041305F041EF300211B72700209387CC
:10703C0087BF83C727000347F104B337F00011C3A0
:10704C0089070327C4A03EDE03453700930547009C
:10705C00EFD02FD20327C4A02ADC0D45834527008F
:10706C002EDAEFD03FE82AD81145EFD0BFE7032442
:10707C00C4A02AD665450347A400034BB4003AD4F8
:10708C00EFD05FE6AA846945EFD0DFE52A89714528
:10709C00EFD05FE5AA896D45EFD0DFE42A8A75450C
:1070AC00EFD05FE4AA8A7945EFD0DFE3E2046258BF
:1070BC00F2572257B2564256D2551375F50F93FA22
:1070CC00FA0F137AFA0F93F9F90F1379F90FE18488
:1070DC002ACC56CA52C84EC64AC426C25AC09308B5
:1070EC0044000545EFB09001B6502654965406590D
:1070FC00F649664AD64A464B65618280011122CC1C
:10710C0006CE26CA8D472E846315F50603C73500B7
:10711C00B7240020E94703D54500938484BF631648
:10712C00F70083D764006382A706EF70800B09C554
:10713C00835764002317F5000357A400835684007B
:10714C00035664008355440003453400EFD0BF95CB
:10715C000357440083D764006309F7008547F24066
:10716C006244D2443E8505618280FD572393F4002E
:10717C00F5B78967CD07631DF50083C72500314737
:10718C006385E7004547E39BE7FCEFD0AFA1F9B778
:10719C00B1476319F500B727002003C5D7D5EFD049
:1071AC00DF9B6DBF41677D178147E31AE5FA83C604
:1071BC0055004947E395E6FA83C54500035524007D
:1071CC00300023140100EF60F06C49BF411122C460
:1071DC0037240020834744A326C206C64AC013079F
:1071EC00E00FAE846386E7041307F00F130444A387
:1071FC006387E7021145EFA0BFAD15C1930700FDF2
:10720C002300F50089472301F5008547A30095006D
:10721C00A301F500AA8503450400EFA07FBAF95736
:10722C002300F400B240224492440249410182807E
:10723C002A891145EFA0DFA975D5930700FD23001E
:10724C00F50089472301F500A3009500A301250152
:10725C002244B7270020B24092440249AA8503C5B4
:10726C0057A341016FA0DFB579714AD037290020AF
:10727C008327C9A022D406D626D24ECE52CC56CACB
:10728C004544D5EFB7240020938784D583C74700A6
:10729C004944958BCDC7B72700202E8A9165A38AC8
:1072AC00A7A2AA899385757131459790FB1FE7803A
:1072BC00A0D82326A9A04D4459C123003501A30011
:1072CC0005002946D28509059790FB1FE78080F4BD
:1072DC008327C9A0914603C7270063EDE60835EB69
:1072EC004D472381E70003C727001367070123815C
:1072FC00E700930571001305F041EF20D26383473B
:10730C007100F1EBB727002003C7A7BF8D476314AB
:10731C00F70CEFD04FB42C00EF70106B2800EFD0AF
:10732C001F954545EFD01FBC014411C913060064DD
:10733C003306C50203C584D59145EFA0FFFF228516
:10734C00B250225492540259F249624AD24A4561CF
:10735C00828085466314D700754761B789466314EC
:10736C00D7004947BDBF8D466314D700414795BF31
:10737C00554785BF9546CA8A630ED7009946631652
:10738C00D70009472381E70031A01D466314C702CB
:10739C00238107006545EFD0FFB49307F007E30A9C
:1073AC00F5F403A7CAA08347270093E7070423013A
:1073BC00F70081B721466314C7000547E1B725469E
:1073CC006315C7002381D700F1B7A9460544E3181C
:1073DC00D7F6114745BFEFF0DFC12A842DD1EFF06E
:1073EC00DFB6B1BF011126CAB724002083A7C4A001
:1073FC0022CC06CE4AC84944B1C783C707000D4406
:10740C006392A70437290020034589D58945EFB03D
:10741C006F9B034589D5B72700209145239C07A274
:10742C00EFB04F9A83A7C4A001478146A380870081
:10743C001306F100854785450145A307F100EFB020
:10744C00404F2A842285F2406244D244424905616D
:10745C008280011106CE22CC26CA4AC88547631EFB
:10746C00F50637240020130484A383570400A9CB0A
:10747C00372700200347C7BF21E71307B003636C0E
:10748C00F702B724002003C584D58945EFB08F934C
:10749C00035604009307006403C584D53306F60233
:1074AC008945EFA07FE923100400F2406244D244E6
:1074BC00424905618280938747FC2310F400F5B79D
:1074CC00B727002083A7C7A0EDD36244F240D24473
:1074DC00424903C50700056131B7B724002083A7D3
:1074EC00C4A0E1D737270020130987D5834749006B
:1074FC00918BC5DF89476313F5062D452EC6EFA08A
:10750C002FFD2A845DD1B245930700FD2300F500C1
:10751C00E547A30005002301F50083C735001505D9
:10752C001946230FF5FE83C745009505A30FF5FEFD
:10753C009790FB1FE78000CE034559009307F00F8F
:10754C006316F50083A7C4A003C50700A285624497
:10755C00F240D244424905616FA09F86034587D50E
:10756C008945EFB02F866244F240D2444249B72796
:10757C000020239C07A205616FF03F9DB7270020D8
:10758C0083C7C7D5958B89CFB727002083A747A47E
:10759C0091CBB72700200547238CE7CA6FF03F9D9E
:1075AC004945828041458280B727002085450145A9
:1075BC00238C07CA6FB0A038B727002083C7C7D564
:1075CC00958B81CBB72700200547238BE7A26FF063
:1075DC001F9D49458280B727002081450545238B97
:1075EC0007A26FB0C037B727002083C7C7D5958BCC
:1075FC00638F07129307C01C63FCC7000945828088
:10760C00F2406244D2444249B24909450561828044
:10761C00B727002083A7C7A0638B0710B7270020CC
:10762C00938747A303C807001307E00F6311E81003
:10763C00011122CC4AC806CE26CA4EC62380A7000A
:10764C00130586004205368932844181ADC99165A6
:10765C00938565719790FB1FE780009EAA894DD199
:10766C00B724002003A504A4938404A409C597900F
:10767C00FB1FE780A0AA1385890023A0A9002286FE
:10768C00814523A034019790FB1FE780C0BF9C402D
:10769C002286CA8588439790FB1FE780A0B79C4041
:1076AC00A286F240239287006244D2444249B249F6
:1076BC00984305468D45054505616FB000279165DA
:1076CC00938555719790FB1FE7800097AA890DD978
:1076DC00B724002003A584A4938484A409C597909F
:1076EC00FB1FE780A0A31385890023A0A900228695
:1076FC00814523A034019790FB1FE780C0B89C40C4
:10770C002286CA8588439790FB1FE780A0B09C40D7
:10771C00A286F240239287006244D2444249B24985
:10772C00984305468D45054505616FB04020494598
:10773C0082809307C01C63FCA70009458280094521
:10774C00F2406244D2444249B2490561828045CD3F
:10775C00011122CC2A8421054EC64205AE899165C1
:10776C009385657141814AC806CE26CA9790FB1F46
:10777C00E780808C2A8961D5B724002003A504A456
:10778C00938404A409C59790FB1FE78020991305E7
:10779C0089002320A9002286814523A024019790EB
:1077AC00FB1FE78040AE9C402286CE858843979095
:1077BC00FB1FE78020A69C4023928700B727002060
:1077CC0083A7C7A08DCFB727002083C7C7D5958BBC
:1077DC008DCBB727002083A707A499CF984383D6D6
:1077EC0047006244F240D2444249B24905468D45B5
:1077FC00054505616FB0601301478146DDB7014552
:10780C0081B7494535BFB727002083A7C7A095C7C7
:10781C00B727002083C7C7D5958B95C3B727002002
:10782C0083A707A481CB984383D6470005468D4593
:10783C000545C9B701478146D5BF014582804945F9
:10784C0082809307C01C63FCA70009458280094510
:10785C00F2406244D2444249B2490561828045CD2E
:10786C00011122CC2A8421054EC64205AE899165B0
:10787C009385557141814AC806CE26CA9780FB1F55
:10788C00E780807B2A8961D5B724002003A584A4D6
:10789C00938484A409C59790FB1FE7802088130567
:1078AC0089002320A9002286814523A024019790DA
:1078BC00FB1FE780409D9C402286CE858843979095
:1078CC00FB1FE78020959C4023928700B727002060
:1078DC0083A7C7A08DCFB727002083C7C7D5958BAB
:1078EC008DCBB727002083A787A499CF984383D645
:1078FC0047006244F240D2444249B24905468D45A4
:10790C00054505616FB0A00201478146DDB7014511
:10791C0081B7494535BFB727002083A7C7A095C7B6
:10792C00B727002083C7C7D5958B95C3B7270020F1
:10793C0083A787A481CB984383D6470005468D4502
:10794C000545C9B701478146D5BF014582804945E8
:10795C0082809307C01C63F4A7000945828079716B
:10796C0022D44ECE06D626D24AD0AE892A842DC138
:10797C002105916542059385757141819780FB1FA7
:10798C00E780806B2A89094563060908B724002023
:10799C0003A544A4938444A409C59780FB1FE780E6
:1079AC00E077130589002320A9002286814523A0B6
:1079BC0024019790FB1FE780008D9C402286CE858A
:1079CC0088439790FB1FE780E0849C4023928700BC
:1079DC00B727002083A7C7A001458DCFB72700206C
:1079EC0083C7C7D54945958B95C76C001305D03017
:1079FC00EF406242B247014593F7070F81CFB7279B
:107A0C00002083A747A48D450545944303D6470022
:107A1C00EFA0B072B250225492540259F24945610F
:107A2C008280B727002083A707A491CF03D64700F5
:107A3C008C43411106C69780FB1FE780A07DB240A6
:107A4C0001454101828009458280B727002083A728
:107A5C0007A48DC7B727002003A787A4894705C3B0
:107A6C00035647000C43411106C69780FB1FE78065
:107A7C00607AB24081473E854101828089473E85CC
:107A8C008280B727002083A707A48DC7B7270020C3
:107A9C0003A747A4894705C3035647000C4341116C
:107AAC0006C69780FB1FE780E076B24081473E8593
:107ABC004101828089473E858280797106D622D425
:107ACC0026D24AD04ECE52CC8D4763FCA7008944B7
:107ADC00B2502254268502599254F249624A4561A9
:107AEC00828037290020034789BFC144E312F7FE87
:107AFC009307F5FF930989BF93F7F70F8546AE847B
:107B0C002A8403CA2900130989BF63EAF6068DE1AA
:107B1C0099452800EFC0BF83B729002003C589D53C
:107B2C00914523018900EFA0FFA935E481444DB7AD
:107B3C001946814528009780FB1FE780C0741946C1
:107B4C002C0026859780FB1FE780407849F1194669
:107B5C009305F00F28009780FB1FE780C072194631
:107B6C002C0026859780FB1FE78040762DF1194667
:107B7C00A68528009780FB1FE780C06971BFE31DB5
:107B8C00E5F803A5C9002C00EF700064AA8449D560
:107B9C002381490135BF2800EFD06F8DAA840DEDEC
:107BAC00930571001305F041EF20E25883447100F6
:107BBC00B5FC8D47E31CF4F64545EFD0AFB23DD58F
:107BCC00B7771800938707A03306F50203C589D54C
:107BDC009145EFA0FF97EDBD23014901D5BDB72716
:107BEC00002083C7C7D5918B8DC337250020411149
:107BFC001305C5A306C6EFC0EFF4B240B7270020AB
:107C0C007D57239FE7BE4101828001456FC08FF3F2
:107C1C00B72700207D57A38AE7A2B7270020795702
:107C2C00238AE7A2B7270020238C07CAB727002096
:107C3C00238B07A2B7270020239C07A2B72700207D
:107C4C0023A007A4B727002023A407A4B72700204C
:107C5C0023A207A437870400B7270020938707AE19
:107C6C00130707E998C3377704001307E745D8C310
:107C7C00377704001307E7FF98C73777040013071B
:107C8C00A7F7D8C7377704001307A7FA98CBB777AD
:107C9C0004003727002093878710232EF7A28280B9
:107CAC00411126C2B724002083A7C4A006C622C453
:107CBC008DCF2A840D45EFA0AF81AA8505C193070E
:107CCC0000FD2300F5008D47A30085002301F5007E
:107CDC0083A7C4A003C50700EFA08F8E19C422444C
:107CEC00B240924441016FF04FA6B24022449244FC
:107CFC0041018280797152CC372A00208327CAA097
:107D0C004AD006D622D426D24ECE56CA0149B1C785
:107D1C0003C91700B72400208547AA89938484BF20
:107D2C006307F90483C74400054985EB0D45EF90C3
:107D3C003FFAAA8505C1930700FD2300F500914782
:107D4C00A30035012301F5008327CAA003C5070052
:107D5C00EFA00F87EFF06F9F0549B25022544A8570
:107D6C0092540259F249624AD24A45618280B7273D
:107D7C00002083A707A4D28A85E30145EFD08F9614
:107D8C002A8601CAB727002003C587D58945EFA0ED
:107D9C00AFDA83A7CAA081A8944303D64700930502
:107DAC00E1000545EFC02FE569D983470500858BB8
:107DBC00E9D70545EFD00F939307B0032A8463F0FE
:107DCC00A704B727002003C587D55D661306067088
:107DDC008945EFA0EFF7B7270020130444FC239C40
:107DEC0087A28327CAA00947A380E70083C7440062
:107DFC0081C72382040095B74E855D35B9BF130644
:107E0C0000643306C502B5BF411122C42A840D4556
:107E1C0006C6EF90FFEB05C5930700FD2300F500A8
:107E2C00CD472301F500A30085002244B72700208D
:107E3C00B240AA8503C557A341016F907FF8B240A9
:107E4C00224441018280411122C42A840D4506C678
:107E5C00EF901FE805C5930700FD2300F500ED47E3
:107E6C002301F500A30085002244B7270020B2406F
:107E7C00AA8503C557A341016F909FF4B2402244D9
:107E8C0041018280035745000111896606CE22CC40
:107E9C0026CA13866600AA876317C7009C4701454C
:107EAC0083C5070009A813868600631AC7009C4780
:107EBC00054583C50700EFF06FB105453DA8138656
:107ECC0096006313C702372700200327C7A001457C
:107EDC000DC79C4703C5070065E18547A300F70064
:107EEC000545EFA0701CD1BF1386A600631CC7000C
:107EFC009C4703C50700EFF0FFDFF2406244D24419
:107F0C000561828013866603E30AC7F8138676033D
:107F1C00E30FC7F8138686036313C70A1C4537247F
:107F2C0000201307E00F83C40700834744A3130406
:107F3C0044A3638EE7021307F00F6386E702114533
:107F4C00EF901FD9AA8505C1930700FD2300F5000A
:107F5C008947A30095002301F500A3010500034503
:107F6C000400EF90FFE5F9572300F400B9B7B727E9
:107F7C00002003A7C7A03E84014541D38DEC854466
:107F8C007D4523059100EFC0FFF52316A1001305D5
:107F9C000002EFC03FF58327C4A0A305A10013077F
:107FAC00B100A380970074001306A1008545054518
:107FBC00EFA0301819B72685EFF09FCEFDBD1386C4
:107FCC009603E307C7F21386E6036317C7001C4545
:107FDC00094583C50700C5B59386F603631DD70213
:107FEC001C4503C5070035ED6C001305D030EF3090
:107FFC009262B247414793F7070FE380E7EC930592
:10800C00B10013056031EF3012610345B1008545B5
:10801C00EFA0F0125DB58966138606046316C704DB
:10802C001C4503C40700B727002083C787CB2285D4
:10803C008DEB0D45EF90DFC9AA85E30005E89307AA
:10804C0000FD2300F500D1472301F500A3008500B6
:10805C00B727002083A7C7A003C50700EF905FD602
:10806C00A9BDEFF07FDA91BD13861605631BC7001F
:10807C001C4503C5070021E985450545EFA0300ED9
:10808C002DBD938626050145E319D7E69C4703C40D
:10809C000700B727002083C767A322858DE70D450E
:1080AC00EF901FC3AA85E30A05E0930700FD2300A8
:1080BC00F500F1472301F500B7270020A300850048
:1080CC0003C557A361BFEFF01FD8C5BBB72700206E
:1080DC0083C7C7D5411106C6958B99CB3725002090
:1080EC00130505AEEFC06FA54D45B240410182802E
:1080FC000145EFC08FA40145CDBF03C705009376A2
:10810C0025009377D70F99C2936727001318850121
:10811C001358884113F7F7076354080013E707084F
:10812C00937685009377770F99C2936787001377BF
:10813C00050293F6F70D19C393E607022380D500C9
:10814C00634508009377A50281CB8347060093E72C
:10815C00C7002300F60082807DFD83470600CD9B7F
:10816C00CDBF2D456319071403C8050009476310DB
:10817C00E814C84103471500034505002207498F41
:10818C0042070D654187930825A0630B170B01115E
:10819C0022CC26CA4AC84EC606CEBE89B6843284C4
:1081AC002E8963CEE800930705A0630DF702130533
:1081BC0015A06300A706239004000545B5A09307FE
:1081CC0045A06309F7086348F706130565AAE3148D
:1081DC00A7FE85472390F600DC4583C707002300E4
:1081EC00F60091A0C8459780FB1FE780E00C420584
:1081FC0041814E86637335012A862390C400420662
:10820C0041828325C90022859780FB1FE78080006F
:10821C0019A8DC4583D70700239006012300F6003C
:10822C00A183A300F6000145F2406244D2444249C6
:10823C00B2490561828099472390F6001946D1B75F
:10824C0085472390F600DC45014583C707002300D2
:10825C00F6008280DC45A9CB21472390E60003D7AA
:10826C0007002300E60003D707002183A300E600E4
:10827C0003D727002301E60003D727002183A3019E
:10828C00E60003D747002302E60003D7470021830B
:10829C00A302E60003D767002303E60083D7670039
:1082AC00A183A303F60041B723900600ADBF239032
:1082BC00060005458280828083C805008947639447
:1082CC00F816DC41797122D406D626D24AD04ECE8D
:1082DC0052CC56CA03C8170083C707002E84220845
:1082EC003368F80042088D6713580841138327A0A0
:1082FC00630C68102A8A3A89B684B285634C0301F0
:10830C00138707A0630BE802938717A06301F80A91
:10831C00854711A8138737A06303E80C138767AA56
:10832C008D47E317E8FEB250225492540259F24999
:10833C00624AD24A3E8545618280484432C6978063
:10834C00FB1FE78060F7420541819D47E36D25FDEA
:10835C00B72A0020938AEAA483C70A00B3099900BC
:10836C00B24563D43701B5477DBF48442686C20960
:10837C004A959780FB1FE780E0E903C60A00484452
:10838C0093D9090105063306364181454E959780F0
:10839C00FB1FE78040EFB727002083A707A599E3D1
:1083AC00814751B79C438145E5DF52853DA0AD47E0
:1083BC00E31B09F6E39916FB834716008346060078
:1083CC005844A207D58F2310F700B727002083A7A6
:1083DC0007A5F9D79C438545E1D78297D1B7AD471F
:1083EC00E31309F49947E390F6F84844194697804B
:1083FC00FB1FE78020E2B727002083A707A5CDD37A
:10840C009C43D9DF8D4555B7AD4711FF8547E39C9C
:10841C00F6F40347060093070008E3E6E6F0DC45B4
:10842C002380E700B5BF85473E858280B7270020B3
:10843C0023A807A4B7270020A38707A4B7270020E9
:10844C00238707A4B7250020B707A0009385459D77
:10845C00938707059CC1B707E803DCC137D6060034
:10846C00B72700209387C78D13060614D0C3B72EE9
:10847C00002037D606000947938EFE9C1306461142
:10848C00372E00202380EE00130ECE9CD0C723AED7
:10849C00D70137230020B7280020372800203725A4
:1084AC00002037D60600B7DE0600854613064612B6
:1084BC002300EE009388089D23AEC7031303C3A4C7
:1084CC001308E89C1305D59C938ECE1237DE06005C
:1084DC002380E8002380E7002388E7002380E7025D
:1084EC002388E7022380E7042300E8002384D700D5
:1084FC0023950700D0CB238CD700239D070023A204
:10850C00D7032384D7022395070223A60702D0DBC7
:10851C00238CD702239D0702231003002300D500D0
:10852C00130ECE1123A2C7052388E70423AE17052B
:10853C002380E7062388E7062380E708B7D80600E0
:10854C0037D70600130707129388C81323A2E7082E
:10855C002384D7042395070423A66704F0CB238C2C
:10856C00D704239D070423A217072384D70623953A
:10857C000706ECD7F0DB238CD706239D070623AE2A
:10858C0007072384D7082395070823A6A70837874E
:10859C000400B72700209387C7961307E71698C3E4
:1085AC00378704001307472CD8C323A40700828005
:1085BC00A54763ECA710B7D70600938707A30A0556
:1085CC003E951C41011122CC26CA06CE4AC8B28463
:1085DC002E8482879307800F63F9B7006145F240C0
:1085EC006244D244424905618280372900209307B6
:1085FC00C98DC8571309C98D09C99780FB1FE7801E
:10860C00E0B1B7270020238707A413061400916557
:10861C0093850571328532C69780FB1FE780C0A118
:10862C002326A90245DD324681459780FB1FE78052
:10863C0080C50325C9022286A6859780FB1FE7808B
:10864C0060BDB7270020238787A4014549BF894710
:10865C00E396F5F803570600B72700202396E7A406
:10866C00EDB7A147E39CF5F6372500202146A685FA
:10867C001305459D9780FB1FE780C0B9F9B7854767
:10868C00E39EF5F4B72500209385C58DD04D9385D9
:10869C00850203C50400EFF05FA645BF8547E39F45
:1086AC00F5F2B72500209385C58DD05D93858504A3
:1086BC00CDB78547E394F5F203470600B7270020B2
:1086CC00A386E79C59B7094519BF09458280054720
:1086DC006302E5044111AA8706C62E8581CF114796
:1086EC006383E70425476388E7048947B2403E85E6
:1086FC0041018280B727002083A587908947FDD54B
:10870C00B727002003C6E7A49780FB1FE78080B043
:10871C008147E9BFB727002083D7C7A42390F50072
:10872C0081473E858280B725002021469385459D53
:10873C00EF40E221F1BFB727002083C7D79C2380ED
:10874C00F500F9B7B72700209387F7A403C70700F4
:10875C0015E305472380E700058909CDB7260020DE
:10876C00372500209386C6964146A5451305C58D31
:10877C006F3040770145828001111388F5FF06CEDA
:10878C0022CC26CA4AC84EC652C41378F80FAD453F
:10879C0063ED050BB7D506000A08938585A52E98C1
:1087AC003E8A83270800BA893689B2848287854538
:1087BC00EFB03FD72A8419E1EFF05F912285F240A8
:1087CC006244D2444249B249224A056182808945B9
:1087DC00EFB03FD52A847DF12685EFE06FECF9BF31
:1087EC009145EFB01FD42A8471F95286CE854A8503
:1087FC00EFB09FC9EFF09F8DEFF06FBEEF70E0050B
:10880C0075BFA145EFB0FFD12A844DF95286CE85B4
:10881C004A85EFB07FC72685EFE08FE8EFE0CFDE2B
:10882C00EF70A00161BFB145EFB0BFCF2A8459F5FD
:10883C005286CE854A85EFB03FC52685EFE04FE6E0
:10884C00EFE08FDCEF60707F75B7094485BF7971FD
:10885C004ECEAE896C0022D426D24AD006D62A89B6
:10886C00B284EF00707B2A840DE1CE854A85EFB08F
:10887C000F942A8419E93245B7460400268793865B
:10888C00C69A2D468145EF1040142285B2502254D1
:10889C0092540259F2494561828079714ECEAE896B
:1088AC006C0022D426D24AD006D62A89B284EF0094
:1088BC00B0762A840DE1CE854A85EFB06F9D2A846F
:1088CC0019E93245B74604002687938626A94D46FA
:1088DC008145EF10800F2285B250225492540259D8
:1088EC00F24945618280397126DAAE844C0022DC73
:1088FC004AD84ED652D406DEAA893289368AEF007F
:10890C00B0712A8431EDA6856303090283D7040074
:10891C002C002314F10083D724002315F1009307B6
:10892C0020302316F100930780022307F1004E85B7
:10893C00EFB0CF842A840DE55946A6851305A10016
:10894C00230421019780FB1FE780C08C1245B7469A
:10895C00040052879386669525462C00EF10E0069E
:10896C002285F2506254D2544259B259225A216192
:10897C008280797126D2AE846C0022D44AD04ECE3D
:10898C0006D6AA893289EF0030692A840DE1A685C2
:10899C004E85EFB0AF832A8419E93245B7460400FF
:1089AC004A879386A69C3546A685EF100002228541
:1089BC00B250225492540259F24945618280BD470B
:1089CC00638CF50663E9B702A5476387F50663ED8B
:1089DC00B7009947638CF5049D47638FF504954761
:1089EC00638CF50401458280B5476387F50463E128
:1089FC00B704AD47F5B7DD47638EF50263EAB70000
:108A0C00C947638BF502D9476386F502C547C9BFD1
:108A1C00F5476383F50263E4B700ED47D1B79307DD
:108A2C002005638BF5009307200D5DBF48458280C0
:108A3C000841828008458280484182809307F00F6C
:108A4C00630EF506011126CAAA841305000222CC76
:108A5C004AC84EC652C456C206CE3A89B689B28AA4
:108A6C002E8AEF90EFA62A844D4515C8930700FB7C
:108A7C002300F400A3005401231144012302340108
:108A8C0013058400614663050902CA859770FB1FB4
:108A9C00E7804078A2852685EF908FB20145F240A1
:108AAC006244D2444249B249224A924A05618280C8
:108ABC0081459770FB1FE780007DE9BF09458280E7
:108ACC00011122CC06CE2A842306B100A306C100D4
:108ADC00EF50207115C18346C500B72700202147F0
:108AEC00938787D5639EE60003C5670078009306DD
:108AFC00E0070146A2859937F24062440561828005
:108B0C0078009306E0070146A28503C55700E5B738
:108B1C00930700643306F6026F905F9705C903470D
:108B2C00050085469307270093F7F70F63F0F602CD
:108B3C00411122C42A843A8506C6EF909FAFFD5797
:108B4C002300F400B240224441018280828003570A
:108B5C0005009307000B6313F70283474500494751
:108B6C00639CE7000347150185476399E7000355AC
:108B7C00250085456F3090666D47C5BF8280011119
:108B8C002314B1006C0022CC26CA4AC806CE2A890E
:108B9C00B6842315C100EF0030482A840DE12C0067
:108BAC004A85EFA0FFD32A8419E93245B746040061
:108BBC0026879386468A15462C00EF001061228585
:108BCC00F2406244D2444249056182807971930734
:108BDC0020302314B1002315C1002316F1002C0002
:108BEC0093078002014606D62307F100EFF0BFCFB2
:108BFC00B25045618280C177797185073EC489473F
:108C0C0026D22316F100AE84930780024C0022D4A6
:108C1C004AD006D62A892307F100EF00F03F2A84B8
:108C2C000DE12C004A85EFA0DFE32A8419E91245F7
:108C3C00B746040026879386A6A345462C00EF0072
:108C4C00D0582285B25022549254025945618280E8
:108C5C00B28605466FF03FC9797126D2AE846C009E
:108C6C0022D44AD04ECE06D6AA893289EF00D03A09
:108C7C002A840DE1A6854E85EFA0BFBD2A8419E993
:108C8C003245B74604004A87938606840D46A6856E
:108C9C00EF00B0532285B250225492540259F2493B
:108CAC00456182807971930720202314B10023152C
:108CBC00C1002316F1002C0093078002014606D652
:108CCC002307F100EFF03FC2B250456182800111E1
:108CDC0022CC06CE2A842EC632C436C2EF50605047
:108CEC000DCD0345C500B7270020A146938787D536
:108CFC0012472246B245631CD50003C56700B286F5
:108D0C002E86A2856244F24005616FF03FD3B28695
:108D1C0003C557002E86A285F5B7F240624405457F
:108D2C00056182806FF0BFB26FF07FB26FF07FC4CD
:108D3C006FF03FC479714ECEAE896C0022D426D22E
:108D4C004AD006D62A89B284EF00102D2A840DE170
:108D5C00CE854A85EFA07FC92A8419E93245B746EA
:108D6C00040026879386869E3D468145EF00F0459C
:108D7C002285B250225492540259F24945618280A4
:108D8C00B28601466FF03FB6011122CC2E846C00E6
:108D9C0026CA06CEAA84EF003028DD47630AF50008
:108DAC00930710102314F400A2852685EFA05FCE44
:108DBC00F2406244D244056182802394050083D73B
:108DCC00850099E36FF07FAD09458280FDB7B72729
:108DDC00002003C767A8854763F9E702011122CC7D
:108DEC002E846C0026CA06CEAA84EF00F02209E974
:108DFC00930700102314F400A2852685EFA05FC909
:108E0C00F2406244D2440561828059458280B72782
:108E1C00002023AAA7A48280B727002023ACA7A4F4
:108E2C008280011122CC26CA06CE2A84AE84EF5051
:108E3C00403BA6852285EFA0EFEC0DE92285231699
:108E4C009100EF50003A1DC18346C500B7270020A2
:108E5C002147938787D56390E60203C567007800A6
:108E6C009306F0070146A285EFF05FBDF240624425
:108E7C00D2440561828003C55700D5B7011126CABB
:108E8C0006CEB68422CCDD4663E2B608D94663FE34
:108E9C00D50AA5466381D50A63EEB6049546638C64
:108EAC00D50899466387D50A054441687D18631631
:108EBC0006093AC6EFA0CFE8330685403247420692
:108ECC004182420441803305C4004205BA85418188
:108EDC0032C6EF30D041AA8749C181C432462390B3
:108EEC00C400B30580406244F240D2443E85056123
:108EFC006F80BFD1C5466380D504C9460D44E39548
:108F0C00D5FAC167FD17E31EF6FA65B7F54663801F
:108F1C00D50463E4B600ED46D5B793062005638807
:108F2C00D5029306200DE391D5F8C167FD170D44CA
:108F3C006319F600BDBF09448DBF9306200DE39263
:108F4C00D5F8310642064182ADBF15445DBF0D44D4
:108F5C004DBFC167FD171D447DB7F2406244D2443A
:108F6C0005618280011122CC26CA06CE03C64500BB
:108F7C002E841307000281469945AA84EFF01FF056
:108F8C002AC629CD83570400034644009305540098
:108F9C002310F100835724002311F1008947231279
:108FAC00F100930780022303F1009770FB1FE78009
:108FBC006026834744008A8526852314F100EFA0A0
:108FCC00FF942A8411C532459770FB1FE78000156A
:108FDC002285F2406244D244056182804D44CDBF6B
:108FEC005D7186C6A2C4A6C2CAC04EDE894763069E
:108FFC00F600C1470944631AF6040144B9C52E8929
:10900C004C0832C6B689AA84EF0010012A84324675
:10901C000DEDC1778507CA851305D1013ECC230E12
:10902C00C1009770FB1FE780E01E2C082685EFF02F
:10903C007FF32A8419E95245B74604004E8793867C
:10904C00C68F1D462C08EF0050182285B6402644CA
:10905C0096440649F25961618280797122D4368432
:10906C004AD04ECE52CCB2892E8A3A898146130709
:10907C0010022286D94526D206D6AA84EFF01FE02C
:10908C002AC629C12286CA852314810023124101D4
:10909C00231331019770FB1FE780C0174C00268506
:1090AC00EFA0DFA92A8411C532459770FB1FE7801A
:1090BC00E0062285B250225492540259F249624A77
:1090CC00456182804D44F5B7011122CC26CA06CEEB
:1090DC004AC8DD472A84AE84638DF5028147035567
:1090EC0004006C002306F100EFA0DFA80545638E99
:1090FC00A40803458400B165938505B8EF902F8EC5
:10910C00E5472301F400B7470400938767B75CC0B9
:10911C00A5A8034755013149B286330627031849E0
:10912C009C4232971043E31BF6FA83D74600035652
:10913C004700E315F6FA8C4608479770FB1FE7804B
:10914C00E01849DD8347540103474401850793F731
:10915C00F70FA30AF40063F0E704B387270318485A
:10916C0003550400BA97984783D6470003D62700C7
:10917C0083D50700EFF07FEE35F103458400B16530
:10918C00938505B8EF90AF855945F2406244D244BF
:10919C004249056182808347640191B7011122CC59
:1091AC0026CA06CEDD472A84AE84639CF506035599
:1091BC000500EFA0EFB80356C401835624010357F2
:1091CC0044016D162A9642064182B307D640C20767
:1091DC00231EC400C18363F1E7089305C5FF330860
:1091EC00F740635CB802BA96918EC206184C835550
:1091FC00040103550400C1823E97EFF01FE615E110
:10920C0003458400B165938505B8EF805FFD594532
:10921C00F2406244D244056182806D1593160501BB
:10922C00F1B78147035504006C002306F100EFA051
:10923C007F940545E38EA4FC03458400B1659385BA
:10924C0005B8EF80DFF9E5472301F400B7470400C8
:10925C00938767B75CC065BF8547E9B7397126DA74
:10926C00AE842C0022DC4AD84ED606DE2A89B2897E
:10927C0065232A8421ED4A85EFA08FAC83D6440068
:10928C006D1563C5A60093160501C182984403D6DB
:10929C00240083D504004A85EFF03FDC2A841DE5C9
:1092AC003146A6850808230601009770FB1FE7804E
:1092BC0060F683D724002245B74604004E87938678
:1092CC0046B05D466C00231EF10001272285F2504A
:1092DC006254D2544259B259216182806FF01FF806
:1092EC006FF0DFF7797126D206D622D44AD04ECE53
:1092FC0052CC56CA5AC88944C5C159CE2E842A8923
:10930C00BA8A368B328AEFA0AFA39305440081470B
:10931C00711503D705006352A70A850793F7F70F5A
:10932C00B105E318FAFE8A854A85FD21AA842DE54C
:10933C0031453305AA02916593851570CD4497701C
:10934C00FB1FE78060CFAA8921C931463306CA02C8
:10935C00A2859770FB1FE780E0EB1844835644000E
:10936C0003562400835504004A85EFF01FCFAA84CE
:10937C001DED0245B746040085475687938646B0D7
:10938C005D464C002302F1004EC423064101A306A6
:10939C00010023076101152DB25022542685025974
:1093AC009254F249624AD24A424B456182804E85C0
:1093BC009770FB1FE78080D6C5B7ED44F1BF79717C
:1093CC004ECE37D60600AE89C16526D20147AA8497
:1093DC00894613068614FD15054522D406D64AD0B7
:1093EC00EF10501B054431CD2A89130730028146FA
:1093FC001146F5452685EFF07FA82AC6554431C1A4
:10940C008357A900CE8601462314F10091472315FA
:10941C00F10085472300F500B2472C002685A38078
:10942C0007003247FD572301F7003247A301F7002D
:10943C00EF10100C2A8411C532459770FB1FE78082
:10944C00E0CD2285B250225492540259F249456122
:10945C008280411106C6EFF08FD619C5B24041018A
:10946C001773FB1F670083CBB2404101828001114F
:10947C0006CE2AC6EF90BFF23245B727002023AAAA
:10948C0007A4B727002023AC07A49145B7270020D9
:10949C00A38CA7D4EF300060F24005616F20103A26
:1094AC007971939705014AD006D622D426D2C1876A
:1094BC00014963DE070AB727002003C597D52E891B
:1094CC00EF801F882A844DC1034705009307000ACB
:1094DC006319F70885474C08A305F100EF905FF975
:1094EC00AA840DED8347610171476379F7081387EF
:1094FC0017FE1377F70F9306000263F8E608858BC7
:10950C00D5CBB727002083A747A5994481CB03551A
:10951C0024001306B1004C088297AA848347B1003B
:10952C0099C7084409C59770FB1FE78020BF95E0D9
:10953C005247B7070001938707F07D8FB7071200DA
:10954C0093870710630FF70003476101ED47631A18
:10955C00F700035524008545EF304048CD4763881C
:10956C00F4002285EF80AFF1A1673349F900B250C6
:10957C0022544A859254025945618280370730142F
:10958C0005073357F700058B3DDB372700200327F2
:10959C0087A549D70347510151F32306F100994799
:1095AC002308F100035524006C0023170100EFA0E1
:1095BC00AF90ADB7B727002083A787A59DC30355F0
:1095CC0024001306B1004C08829729D9AA8483473A
:1095DC005101A9F783476101230891002306F1008B
:1095EC00D1B79944EDB7397122DC26DA06DE4AD8B8
:1095FC004ED652D456D25AD0A5472A84B2846399F7
:10960C00F5108347450203570600835A2600850749
:10961C002302F5029307F7FFB387FA025442C207FD
:10962C00C183B69703C9170083C707008346C500DB
:10963C0022093369F90085476390F6023307570313
:10964C00231006008149014A130B3501931A0701B7
:10965C0093DA0A0163E15907C167FD176302F90C3C
:10966C0083570401637EF90A050942098346C40045
:10967C0013590901231724010547035504009305C9
:10968C00E400639FE6002315F100930720302316B6
:10969C00F10093078002231421012307F1002C0011
:1096AC00EFA0CFAD03458400B165938505B8EF807D
:1096BC001FB35945BDA083D62400DC40834524014B
:1096CC00ED1613865900C206C1823E965A85EF905C
:1096DC009FD205C9630C3A01C84003D62400B305D8
:1096EC00350152959770FB1FE780C0B283D72400D9
:1096FC003E9A83D70400420A135A0A018507239025
:10970C00F40083D72400BE99C20993D9090199B7F3
:10971C0003474600A9476310F7028347450281CFF0
:10972C000145F2506254D2544259B259225A925ABB
:10973C00025B21618280834624011309340137D5F1
:10974C0006004A86894513050514EF90DFCA19C136
:10975C000545C1BF8346240137D506004A86894595
:10976C0013054514EF903FC965F58346240137D5A1
:10977C0006004A86894513058513EF90DFC769F902
:10978C008346240137D506004A86894513054512C0
:10979C00EF907FC655FD03C74400BD47E3EAE7FAE7
:1097AC00A56793874712B3D7E700858BD5D383473B
:1097BC00440285072302F40203D9240071BDB727A4
:1097CC00002003C607D6B727002003A7C7A58147EB
:1097DC006315F600814636858280BA8613078702A8
:1097EC00835587FDE389A5FE850793F7F70FCDB762
:1097FC00011106CE2EC6EFF09FFC01CD8347A500CC
:10980C00B245138717006396E50093F707F8230515
:10981C00F500F24005618280011106CE2EC6EFF0F4
:10982C001FFA05C5B24591C188C18347850013074E
:10983C00E00F5D456388E7001307F00F0145638374
:10984C00E7005945F240056182800945E5BF4111A9
:10985C0022C42A84210506C626C24AC0EFF00FACEA
:10986C0083472400A51793F7D70F91EB0347C40048
:10987C0085476310F7061C4881443149A9E3FD571D
:10988C0023010400A304F400230204021305C40002
:10989C002244B2409244024961468145410117730A
:1098AC00FB1F6700439EB38724033E95084509C5FB
:1098BC009770FB1FE7808086850493F4F40F834731
:1098CC0044010848E3E1F4FE9770FB1FE780008534
:1098DC007DB7084C75F965B7411122C4416406C6C1
:1098EC0026C29307E4FF630EF500AA8485E1EFF02E
:1098FC001FED01E91305F4FFEFF07FEC19C1231004
:10990C009500B24022449244410182808547639580
:10991C00F504EFF0DFEA2A846DD5FD572310F5002E
:10992C00834784001307F00F6385E7021307E00FEA
:10993C00638BE7008346240003459400014751469E
:10994C00A685EFF0AF8F2285EFF07FF0FD57230453
:10995C00F4002305040075B78947E394F5FA8545AF
:10996C00EF40902B59FD2685EFF07FE52A844DF9C9
:10997C0049BF39C9034785009307F00F6306F70405
:10998C00011122CC06CE2A8483462500835505007E
:10999C000345950001475D46EFF04F8A03472400CD
:1099AC00E1476319F700035504006C00230601001E
:1099BC00EFA04F9CF9572304F4002285EFF03FE908
:1099CC00F24062440561828082809307F00F630647
:1099DC00F706011122CC26CA2A844EC6AE84B6895B
:1099EC00AA859306850037A504004AC852C43A8953
:1099FC00328A1305E597794606CEEFF06F91A304F2
:109A0C002401230144012322340185C01305C40021
:109A1C006244F2404249B249224AA685D244614688
:109A2C0005611763FB1F6700E37EF2406244D2447A
:109A3C004249B249224A056182808280B7270020C0
:109A4C00238EA79C82809547639CF506834745022D
:109A5C00854685072302F5028357060058420346C4
:109A6C002600FD17C207C1836318D6048A07BA976C
:109A7C0003C7170083C707002207D98F0357E500D8
:109A8C0063F9E704411106C622C485072316F500C5
:109A9C002A849305C50003550500EF907FE4034528
:109AAC008400B165938505B8EF806FF3B240224412
:109ABC00D9473E8541018280C946B387D70245BF4D
:109ACC0083464600294785476396E60003474502CF
:109ADC0011C381473E8582809D476392F50683477B
:109AEC0045028356E50085072302F50283570600DD
:109AFC005842FD178A073E97834717000347070014
:109B0C00A207D98F014763F6D704411106C622C4B8
:109B1C0085072A842316F5009305C5000355050017
:109B2C00EFF04FC403458400B165938505B8EF8011
:109B3C000FEBB240224459473A854101828083465B
:109B4C004600A94705476396F600034745021337BD
:109B5C0017003A858280411122C406C626C2B54739
:109B6C002A84639BF50483474502B284850723024C
:109B7C00F50203550500EF90BF9C83D70400130733
:109B8C00F5FF014563C5E7020357E40003550400E4
:109B9C009305C400BA972317F400EF903FE30345F5
:109BAC008400B165938505B8EF806FE35945B240E9
:109BBC002244924441018280034746009D4705455B
:109BCC00E317F7FE0345440213351500CDB7C5471F
:109BDC00639EF5068357060003572600FD17B387CF
:109BEC00E7020347450205072302E5025842C20774
:109BFC00C1833E978347370003472700A207D98FBD
:109C0C0041677D176395E70081473E858280138706
:109C1C0017002316E5000357E500E3F7E7FE4111B3
:109C2C0022C49305C5002A840355050006C6EF908F
:109C3C005FE303458400B165938505B8EF802FDAA7
:109C4C00B2402244D9473E8541018280834646007A
:109C5C0029478547E39BE6FA0347450255F775B755
:109C6C00011122CC26CA4AC852C406CE4EC683C79E
:109C7C00250015472A8AAE8432843689639DE70411
:109C8C003686A2852685EFF01FDCAA8955E9854723
:109C9C006318F40A03474900A9476301F70203C597
:109CAC0094004A8785460146D285EFE03FD919E5F5
:109CBC0085454A85EFE0BFD01334150083C62400D8
:109CCC0003C5940001476946D285EFE03FD726854E
:109CDC00EFF0FFB751A01D476398E7003686A285C9
:109CEC002685EFF07FDF55B725476398E70036866A
:109CFC00A2852685EFF03F8F49BF35476398E70073
:109D0C003686A2852685EFF01FE541B74547639857
:109D1C00E7003686A2852685EFF07FEBBDB75D4761
:109D2C00639FE70003C7C50085473686A285268555
:109D3C00631DF702EFF04FB98547631BF5048549A6
:109D4C00A5476317F402835709009DE30544E38795
:109D5C0009F6D947E39DF9F62285F2406244D244D4
:109D6C004249B249224A05618280EFF02FC3E9B71C
:109D7C0003C594004A87A2860146D285EFE01FCC2A
:109D8C0071F5A2854A85EFE09FC313341500C1B766
:109D9C000544D9B7397122DC06DE26DA4AD84ED60C
:109DAC0052D456D283D705001944B1E783C9250094
:109DBC002A89328A938759FE93F7D70FAE84DDE751
:109DCC00B727002083C6C79D1307F00F938AC79D42
:109DDC0019446382E602F5476394F904EFF03F9E61
:109DEC00AA8921C10346A5000DCE93178601E187F0
:109DFC0063DD070001442285F2506254D25442596B
:109E0C00B259225A925A21618280F5454A85EFE077
:109E1C003FCB83C7A90093E707F82385F900D9BF87
:109E2C00814983D64400904483C5140003C50400C3
:109E3C003800EF903FD52A845DFD83C6240003C50E
:109E4C000A0038000146CA85EFE05FBF2A8445F559
:109E5C00B24799C323000A0083C724007547E39BCC
:109E6C00E7F8E38909F82385F90071B7EFF03F951E
:109E7C00AA8A49D185476391F90A83D5440088445D
:109E8C003000EF90CFED2A843DF503C72A00C5477B
:109E9C0063F2E70ADD476301F70CB727002003C51F
:109EAC009A0083C797D5639CA70A014403C72A006D
:109EBC008D47631FF7048357810003D7CA0063F4EF
:109ECC00E7002396FA0083D5CA004A85EFE07FF5B8
:109EDC00B727002083D747BA6D47637BF70283D53A
:109EEC00CA005D476376B702138735009105634955
:109EFC00F7001307B00FBE856374F7009305B00F1E
:109F0C001166C20513060629C1814A85EF80101718
:109F1C005685EFF0DF93C5B5834725001144E39CCC
:109F2C0037ED5C41E38907EC83D54400884430006D
:109F3C00829791BFB72702009387072AB3D7E70010
:109F4C00858BA1DF03C624003400D6854A85EFF04B
:109F5C003FD12300AA0045B583A70A01DDB783C60C
:109F6C00240038000146CA85EFE05FAD2A841DFD50
:109F7C0083C524002800EFE09FA405D923000A0024
:109F8C0035B7011122CC3724002006CE26CA4AC888
:109F9C004EC652C4930984D503C589009307800229
:109FAC0091653305F502938565703729002093047C
:109FBC00C9A59760FB1FE780200803C6890093079B
:109FCC00800281453306F60288C09760FB1FE7804C
:109FDC00802B9C404D45A1C3930484D51309C9A57E
:109FEC000144130A8002FD5983C78400636DF40297
:109FFC0037A50400130505DAEFE07FE1379504007F
:10A00C001305C57FEF908FC537A504001305458E4A
:10A01C00EF40A0370145F2406244D2444249B24974
:10A02C00224A05618280B307440303250900614677
:10A03C00814505041374F40F3E952310350123015B
:10A04C000500231435012305050023020502310503
:10A05C009760FB1FE780202341BF01458280B72713
:10A06C00002083C617D6814763E5D70001473A85A0
:10A07C0082802E87910503D6C5FFE30AA6FE8507CD
:10A08C00E5B70DCD834725000547890793F7F70FF3
:10A09C006376F702411122C406C62A848355050053
:10A0AC00034535000147F9465D46EFE03F99F95706
:10A0BC002311F400B2402244410182808280B727F0
:10A0CC00002003C717D6FD56814763E3E700828063
:10A0DC002310D5002301050085071105FDB70145A7
:10A0EC008280372600201306B69E930700022300B9
:10A0FC00F60037270020FD572305F79E3727002051
:10A10C00230FF79C37270020A30EF79C8545B72714
:10A11C0000202394B79EB7270020239007A6B727CB
:10A12C00002023A407A6B727002023AC07A6B72737
:10A13C00002023A607A6B7260020B7D706009386D3
:10A14C00069E93874713DCC2B7270020238107A6FE
:10A15C00B72700209387879709472380E600238041
:10A16C00E7002388E7002380E7022388E70237D73C
:10A17C00060013078712D4C7D8DBB7D606000D47E5
:10A18C00238CE7029386461237270020D4CB032773
:10A19C0047A637D50600B7D60600130505149386D7
:10A1AC008614C8C32384B70023950700238CB700FB
:10A1BC00239D0700D0CFD4D3238407022395070215
:10A1CC0023A60702239D0702D8DFB727002037A755
:10A1DC0004009387879B1307672A23A00700D8C323
:10A1EC0023A407008280411106C6EFF05FE711C57A
:10A1FC0003452500B240410182800145E5BF411174
:10A20C0022C426C24AC006C6AA842E893284EFF024
:10A21C001FE511E94165CA857D15EFF05FE4C5477F
:10A22C0011C523109500230185008147B2402244BB
:10A23C00924402493E854101828029E7894835478D
:10A24C0063931605011106CE22CC26CA03471600CD
:10A25C000346060093C7F7FF2207598EF18F32C6CB
:10A26C008DE7C4452A84A685EFF0FFF732460147F7
:10A27C00630FA60022856244F240A685D244056194
:10A28C006FF0FFF72D473A85828013070008F240E4
:10A29C006244D2443A850561828083C8050009482E
:10A2AC006395080303A8450083471800034808007A
:10A2BC00A207B3E70701C2070D68C18713082890EE
:10A2CC006395070189476FF05FF70545828001119F
:10A2DC0022CC372400201304E49D0347040006CE4F
:10A2EC0026CA4AC84EC69307F00F6300F704AA8922
:10A2FC002945B2842E89EF70BF9D05C99307100BB9
:10A30C002310F50023020500231135012313250129
:10A31C0023149500AA85034504006244F240D244FC
:10A32C004249B24905616F70BFA9F2406244D24400
:10A33C004249B249056182804111B727002026C2EB
:10A34C00AE8483A547A622C406C62A84EFF0BFE9D3
:10A35C00098909C922852244B240A685924441014B
:10A36C006FF0EF85B2402244924405454101828052
:10A37C00411122C426C24AC006C6AA841304450051
:10A38C001309850B835704009DC3084409C59760C6
:10A39C00FB1FE780A0D82285314681459760FB1FC3
:10A3AC00E78060EE3104231A04FEE31D24FDB24065
:10A3BC002244FD572390F4000249924441018280CB
:10A3CC00B727002003C617D6B727002003A707A777
:10A3DC0081476315F600814636858280BA8613075D
:10A3EC00870B835587F4E389A5FE850793F7F70F51
:10A3FC00CDB7B727002083A787A789CB03D7470002
:10A40C006314A700884782809C43C5BF01458280A6
:10A41C00411106C6EFF0FFFD09C50845B2404101E8
:10A42C0082800145E5BF011126CA9384450022CCE8
:10A43C004EC606CE4AC852C456C25AC02687814957
:10A44C000144814681473D450356070055CED9E26C
:10A45C000354470083572700B286A297C207C183D3
:10A46C0085093107E392A9FE25C82E89916593854C
:10A47C00457022859760FB1FE78000BC2A8B29CD95
:10A48C00814A014A8C4485C503D6440033054B01EF
:10A49C009760FB1FE78000D883D7440088443E9A1E
:10A4AC00420A135A0A019760FB1FE78020C7638991
:10A4BC000A003146814526859760FB1FE780A0DCAA
:10A4CC00850AB104E3E03AFD2326690123148900CF
:10A4DC00054521A0630DD6000145F2406244D244EB
:10A4EC004249B249224A924A024B05618280035684
:10A4FC002700E313F6FE035647003294B29742044A
:10A50C00C2074180C183A9BF0545E37835FDA9BFCA
:10A51C00B727002083A7C7A699E3014582809847F7
:10A52C000357A7006315A7001385470082809C433F
:10A53C00E5B7411106C6EFF0BFFD11C50355050087
:10A54C00B240410182800145E5BF411106C6EFF0E2
:10A55C003FFC11C503452500B240410182804145B5
:10A56C00E5BF411122C42A842E8506C6EFF0FFFDFB
:10A57C00AA8505462285EF30F04995476305F5001D
:10A58C00BD476313F5002145B2402244410182804E
:10A59C004111B727002022C406C603A4C7A68146D2
:10A5AC009387C7A629C018440356A7001840631701
:10A5BC00A60285CA98C22E8581C9214693054400FE
:10A5CC009760FB1FE78000C522859760FB1FE78023
:10A5DC00E0B40145B240224441018280A2863A8413
:10A5EC00D1B798C3C9BF0545F5B7372700208327D6
:10A5FC0087A70146130787A7A9C703D84700944329
:10A60C00631CA802011106CE22CC26CA0DCA14C2A4
:10A61C00AA843E852E849760FB1FE78020B02C0017
:10A62C002685EFF0FFF601E519C0B2471CC0F240D9
:10A63C006244D244056182803E86B68775BF14C3DE
:10A64C00C1BF05458280411122C42A84090506C672
:10A65C00EFE0CFCCFD57A301F400B24022444101FE
:10A66C008280B727002003C717D6B727002083A7FF
:10A67C0047A72A86050781463E8583D7070063884E
:10A68C00C700850693076500E3E8E6FE0145828076
:10A69C00411122C4416406C626C29307E4FF630E2F
:10A6AC00F500AA8485E1EFF0DFFB01E91305F4FF67
:10A6BC00EFF03FFB19C123109500B24022449244A5
:10A6CC004101828085476394F504EFF09FF92A8459
:10A6DC006DD5FD572310F500834724001307F00FA9
:10A6EC006384E7021307E00F638AE7000345340035
:10A6FC000147F9465146A685EFE04FB42285EFF0AD
:10A70C009FF4FD572301F400230204007DB7894711
:10A71C00E395F5FA8545EF30305045F12685EFF09D
:10A72C005FF42A8455F951BF1D71A6CACEC686CED8
:10A73C00A2CCCAC8D2C4D6C2DAC05EDEAE8483C58F
:10A74C002500F947AA896397F504EFF09FF12A8455
:10A75C0011ED01442285F6406644D6444649B6497B
:10A76C00264A964A064BF25B256182808347250078
:10A77C000547890793F7F70FE37DF7FC0345350091
:10A78C000147F9460146CE85EFE04FAB2285EFF04D
:10A79C009FEBC1B703AB0400B7070001938707F029
:10A7AC0037071200B377FB0013070710B28A014971
:10A7BC00638AE7022EC6EFF0DFEA2A89B2451DC193
:10A7CC000346450005C293178601E187E3C307F8EA
:10A7DC004E85EFE0EFAE8347490093E707F823027D
:10A7EC00F90085BF372A00200347AA9E9307F00F74
:10A7FC00130AAA9E1944E30FF7F4E147E3ECB7F40C
:10A80C0093D71500FD1713973700B7D7060093871A
:10A81C0087A8BA9703A80700E30E08F283AB47009A
:10A82C00E38A0BF2420B135B0B0163050B00C94768
:10A83C00E392F5F283D64400904483C5140003C51B
:10A84C000400380802982A84E31605F02C084E857B
:10A85C00829B2A8421C983C71400E39D07EE83C71A
:10A86C002400230AA10039472308F1006399E70269
:10A87C0062478347170003470700A207D98F0C08CC
:10A88C004E852319F100EF803FE3E30405EC140837
:10A89C000546D9454E85EFE08FC32A8465BD8357A5
:10A8AC008101F1BF83C624009147E384F6EA034596
:10A8BC000A0038080146CE85EFE04F982A84E31B46
:10A8CC0005E883C524002808EFE06F8F19C12380A9
:10A8DC000A009840B7070001938707F07D8FB707F0
:10A8EC00120093870710E306F7E6E30409E683C733
:10A8FC0024002302F900B9BD011106CE2EC6EFF0DB
:10A90C005FD601CD83474500B24513871700639688
:10A91C00E50093F707F82302F500F2400561828009
:10A92C00B727002003A7C7A619E3014615A81C47A3
:10A93C0003D8A700636B050183584700B386080151
:10A94C006355D5008146639416011843F1BF3E86CA
:10A95C00C10703D3A7FF6317A30099C12390050177
:10A96C00328582808506C206C182F1BF397152D40C
:10A97C002E8A4ED69305E101AA89528522DC4AD84B
:10A98C0056D206DE26DA328936C63AC4BE8AEFF0D3
:10A99C003FF9054435C5AA840355E1013944EFF06C
:10A9AC005FA539CD03284500630C08042247B24645
:10A9BC00D6874A86A6854E8502982A8431E193076C
:10A9CC00E00F638FFA0203C704008947631AF7028A
:10A9DC00D8408347170003470700A207D98FC20747
:10A9EC000D67C18713072790639CE7008347190005
:10A9FC0003460900D285A2075D8E4E85EFF03F8D90
:10AA0C002285F2506254D2544259B259225A925A67
:10AA1C0021618280797122D4035425004ECEAA89FB
:10AA2C00228556CA06D626D24AD052CC5AC85EC601
:10AA3C0062C4AE8AEFF0DF9801E92285EF90CFE790
:10AA4C00594429E90144B9A003C789008547AA8460
:10AA5C000144631AF702AA8513858900EFF0BF9CA5
:10AA6C0029CD03D7640083D68400D04483D5440019
:10AA7C0003D52900E147EFF07FEFD9472A8463180B
:10AA8C00F50223A604002685EFF09F8E49C0D94716
:10AA9C00E30AF4FA2285B250225492540259F24934
:10AAAC00624AD24A424BB24B224C4561828061DDF4
:10AABC0083D744002390FA00F9B713894400014A64
:10AACC00B94B594C3D4B83550900D5DDE147630625
:10AADC007A010357C90011C3D9470357290083567C
:10AAEC0049000326890003D52900EFF03FE82A84AA
:10AAFC006319850123240900050A3109E3156AFD50
:10AB0C0059B77DD9835709002390FA00F5B703D5BF
:10AB1C0029002DB701112317C1009307E00F13066D
:10AB2C00E1000147894606CEEFF05FE4F240056193
:10AB3C008280797122D42A840355850026D2AE8472
:10AB4C009305210106D64AD0EFF09FDD6308050E70
:10AB5C00834785002AC693F707028DCF0355210141
:10AB6C00EFF01F8BAA87B24501ED8357840039455E
:10AB7C002390F400B25022549254025945618280C1
:10AB8C00035524004946829711C5835784002390AE
:10AB9C00F400CDB7035924004A85EFF07F8211ED04
:10ABAC0041657D15EFF0DF8119E58357840025455C
:10ABBC002390F400C1B723102501130745008147EA
:10ABCC00BD46035607002DE63147B387E70213094C
:10ABDC0084003146CA8591073E959750FB1FE7804C
:10ABEC0060633146CA8548089750FB1FE780806236
:10ABFC000356C4000355240041478146DD45EFE070
:10AC0C00EFA72ACE19E58357840045452390F4001D
:10AC1C0095B70C480356C4009750FB1FE780805F24
:10AC2C00035524004C08EF90EFC429D5594599B72A
:10AC3C0085073107E397D7F8254581BF0545B1B79F
:10AC4C00797122D42A840355850026D2AE849305CB
:10AC5C00E1014AD006D63289EFF09FCC51C583472B
:10AC6C00850093F70702A9E7034714019307200512
:10AC7C0019E3834744008356A40050448355840051
:10AC8C00035524000147EFF07FCEAA8721E98347C3
:10AC9C00140199E703552400EF90EFB8D94711E15F
:10ACAC008147B2502254925402593E8545618280AC
:10ACBC002AC60355E101EFF0AFF5AA8705C9B245E5
:10ACCC000355240049468297AA8759DD035784000F
:10ACDC002390E4000347140161F7E1B75947E317E8
:10ACEC00E5FE230009006DBF8547CDB7B947F9BF15
:10ACFC00397122DC4AD84ED652D406DE26DAAA891D
:10AD0C002E8A32C63689EFF0DF95094415C5834784
:10AD1C0025001307E00FAA845D44638FE700130737
:10AD2C00F00F5944639AE700324605E2D2854E850E
:10AD3C00EF906FBC2A8415CD2285F2506254D25408
:10AD4C004259B259225A2161828003550A00930557
:10AD5C00E101231F0100EFF0BFBC0355E101EFF04F
:10AD6C00CFFEAA8505464E85EF30C04A2A845DDDAC
:10AD7C00E1B79307F00FE301F9FC37A504009386C4
:10AD8C0024007946A6851305E508EFD07FD8A3816A
:10AD9C0024015DB73971B727002026DA83A4C7A632
:10ADAC0052D45AD05ECE62CC06DE22DC4AD84ED6C5
:10ADBC0056D266CA2A8BAE8B328C368A99E0814980
:10ADCC00B9A0804483DC44000149835AA400631475
:10ADDC0099018440E5B78357A400A28963F8670101
:10ADEC0005094209135909014104D5B7E3EAFBFEF1
:10ADFC00630C0A00834504004840D28662863AC63A
:10AE0C00EF806FDF324769DD19C323105701F25011
:10AE1C0062544E85D2544259B259225A925A025B0C
:10AE2C00F24B624CD24C2161828003D7050083D651
:10AE3C002500854763E9E60439C7411183C64500FF
:10AE4C0026C237D506009384550022C426862E844C
:10AE5C0013050514894506C6EF80EFD9C14711CDFE
:10AE6C00834644008355240003550400014726867D
:10AE7C00EFF05FF2814711E1A947B24022449244BE
:10AE8C003E85410182803E8582802E8603550600D8
:10AE9C0083D52500854763E2A50205C1834646009C
:10AEAC0041110147150606C6EFF0DFEE814711E1AF
:10AEBC00A947B2403E85410182803E8582802E8624
:10AECC000355060083D52500854763E2A50205C11D
:10AEDC008346460041110147150606C6EFF09FEB6D
:10AEEC00814711E1A947B2403E85410182803E85F0
:10AEFC00828039714ED683D7250083D9050006DEB2
:10AF0C0022DC26DA4AD852D456D25AD05ECE62CC43
:10AF1C0066CA6AC863E037198547638E0914416BAA
:10AF2C00AE8A2A8A2314010002C6014401497D1B02
:10AF3C00894B054CC94C054D83D52A0001478146E8
:10AF4C0001464E8523130100EFF0DFE4AA84630071
:10AF5C00051209EC13072002930661005A869545E9
:10AF6C005285EFD0BFF12A84630805120357810084
:10AF7C0083C7040045C70347A100630CA7074147DB
:10AF8C006385E7022C005285EF80DFD709CD3400B2
:10AF9C001546D9455285EFD09FD311C532459750F0
:10AFAC00FB1FE780A0178147F9A083D7A400414677
:10AFBC00130524002300F40083D7A400A183A3006D
:10AFCC00F400CC409750FB1FE780C0244904835702
:10AFDC0081008507C207C1832314F10063F9270997
:10AFEC0083D7A400638567098509C20993D9090130
:10AFFC00A1B7E39977F983D7A40009461305240078
:10B00C002300F40083D7A400A183A300F400CC4058
:10B01C009750FB1FE7800020110455BF22C603592F
:10B02C00610003C7A400130524006382770333591E
:10B03C009903230571012300E40083D7A400414642
:10B04C00A183A300F400CC401379F90FA5BF23050D
:10B05C0081012300E40083D7A4001359290013793C
:10B06C00F90FA183A300F4000946CC4055B78357D0
:10B07C00810089FBA947F2506254D2544259B2590B
:10B08C00225A925A025BF24B624CD24C424D3E8594
:10B09C00216182808547C5B7C547F1BFB72700201E
:10B0AC0003C767A8854763F3E706011122CC26CABC
:10B0BC004AC806CE2A843289AE84EFF08FDA01C9F1
:10B0CC00034725009307E00F5D456308F700631CF9
:10B0DC000900A6852285EF80FFFEF2406244D2442F
:10B0EC0042490561828003D504009305E1002317D2
:10B0FC000100EFF0FF820355E100EFF00FC5AA85C8
:10B10C0005462285EF30001169D5C1BF59458280B3
:10B11C0013F7050201C7B2856FF0AFC4411126C207
:10B12C004AC006C622C413F98500AA846317090015
:10B13C00139785016187635D070232853684EFF0D2
:10B14C00CFC0AA8505466313090001462685EF305A
:10B15C00600C01E90145B24022449244024941018C
:10B16C00828083479400E5DB83478400E5F7E5B7ED
:10B17C0093F72500E5F30D45F9BF7971AE8622D41E
:10B18C002A8403D506009305E10106D636C6EFF0F6
:10B19C002FF909CD83458500B2460356E10122857E
:10B1AC00EFF01FF7B2502254456182800545DDBF98
:10B1BC0013F7050201C7B2856FF0AFBA411122C473
:10B1CC0026C206C693F485002A8491E41397850160
:10B1DC006187635007023285EFF02FB7AA850546C9
:10B1EC0091E0014622852244B240924441016F30E5
:10B1FC00600293F72500014591E30D45B2402244CE
:10B20C009244410182807971AE8622D42A8403D57E
:10B21C0006009305E10136C606D6EFF06FF0B24694
:10B22C0001CD834585000356E1012285EFF05FF8DF
:10B23C00B2502254456182800545DDBF797126D21A
:10B24C00AA840355A500C16722D44AD04ECE06D697
:10B25C0023170100FD173284B6890149630DF500EF
:10B26C00050583C60400D04042051307E100418167
:10B27C00EFF05FB22A8983C60400D04037D50600B0
:10B28C00894513050514EF800F971DC503D4A40041
:10B29C002285EFF00FAA09C57D142A94420441803F
:10B2AC006384090023908900B25022544A85925439
:10B2BC000259F2494561828083C60400D04037D5DB
:10B2CC000600894513054514EF80EF9261F183C6A2
:10B2DC000400D04037D50600894513054512EF8090
:10B2EC008F9119C9E30609FA8357E100E39287FAB3
:10B2FC000354A9007D145DB703D4A40055B739716C
:10B30C0022DC26DA4AD84ED652D456D25AD062CC47
:10B31C0006DE5ECEBE8983C785002A8AAE84C18BC9
:10B32C00328C36843A89C28A468B9DE783CB0400E3
:10B33C008947638BFB046285EFF0AF8B1DC18328BB
:10B34C000500638008025A88D6874E87CA862286F3
:10B35C00A6855285829839A03285EFF06F8BAA872B
:10B36C0011ED3945F2506254D2544259B259225A15
:10B37C00925A025BF24B624C216182802946A6856F
:10B38C005285829745D5F9BFD840834717000347AC
:10B39C000700A207D98FC2070D67C18793060790D4
:10B3AC006384D72263CEF60693062780638ED70C70
:10B3BC0063C1F60213070780E3CFE7F62D45E3934D
:10B3CC0009FADC4403C60700CC432310C9002285CC
:10B3DC0069A213073780E390E7F62D45E39409F84B
:10B3EC0085472310F900DC44814583C707002300FF
:10B3FC00F40003D5A400050542054181EFF04FD2BE
:10B40C00835709006317051291072310F9001146A1
:10B41C008145130514009750FB1FE780C0E629A255
:10B42C00930627906383D71863CED7129306379071
:10B43C00638CD71813074790E39FE7EE2D45E393F2
:10B44C0009F2DC441D472310E90003C70700230061
:10B45C00E40003C71700A300E40003D7270023016F
:10B46C00E40003D727002183A301E40003C74700AE
:10B47C002302E40003D76700A302E40083D767002C
:10B48C00A1832303F4004DA02D45E39D09ECDC447E
:10B49C006C0083C9170003C70700A209B3E9E900D0
:10B4AC0011472310E90083C707004E852300F400E1
:10B4BC00DC4483C71700A300F400EFF06FC6AA8426
:10B4CC0035C50356C100C1659306E100FD158329FE
:10B4DC00C500EFF0BFD619ED83C60400D04037D5B8
:10B4EC000600894513054514EF70FFF001E5FD5783
:10B4FC002317F10003C7090089476310F70283A5DE
:10B50C0049000946130544009750FB1FE78080D083
:10B51C008357090089072310F9008357E1002301A1
:10B52C00F400A183A301F40001452DBD23173101C3
:10B53C00EDB7034705008907BA972310F900835725
:10B54C00A500A300F4008357A500A1832301F400F8
:10B55C00034605004C41130534009750FB1FE78050
:10B56C0060CBD9B7C8449750FB1FE780E0D4931742
:10B57C000501C1832A871D45E3E637DF6399F9008E
:10B58C0023100900CC4403560900CE9589B5420717
:10B59C00B3863A01418363C7E600B3873741231072
:10B5AC00F900CDB723105901F1BF2D45E39C09DA01
:10B5BC00CC445285EFE03FC3231079012300A40053
:10B5CC002181A300A4008DB72D45E39D09D8DC444F
:10B5DC002310790183C707002300F400DC4483C7E0
:10B5EC001700A300F40089B71D71CAC82A89035536
:10B5FC002500A2CCCEC6D2C4D6C2DAC05EDE62DCD6
:10B60C0066DA6ED686CEA6CA6AD8AE8AEF705FF3BB
:10B61C00130CF5FF93170C01B72B0020C1832A8A5A
:10B62C00814913844BAF3EC6372B0020B72C00202A
:10B63C00C16D8357C90063F6F9008357040063CCCE
:10B64C0087010355290093854BAFEF805F922A8DBC
:10B65C0015CD594D25A883278900139719009305FB
:10B66C00E101BA9783C4170083C70700A204DD8CDD
:10B67C002685EFF0EFAAAA8515E923909A00484099
:10B68C00054D09C59750FB1FE78040A9F64066445D
:10B69C006A85D6444649B649264A964A064BF25B19
:10B6AC00625CD25C425DB25D256182803248834827
:10B6BC00490083A68CA60356E10103552900814756
:10B6CC0013070BA6EFF0BFC32A8D13888CA609C5F0
:10B6DC0023909A00484075B75C4085E703552900D4
:10B6EC00514781461386FDFFBD45EFD02FF9B72793
:10B6FC00002048C0138887A609E523909A00454D81
:10B70C0071B78357040003570BA693040BA63E97FF
:10B71C006347470113C7F7FF52972390E400484053
:10B72C0003D60400832508003E9585099750FB1F1E
:10B73C00E78040AE8357040003D70400C20993D9B5
:10B74C000901BA972310F400EDB5397122DC2A8473
:10B75C000355250006DE26DA4AD84ED652D45AD0E6
:10B76C005ECE62CC66CA2E8B56D26AC8EF705FDD95
:10B77C002A8A8346C4008355A400035584007800AC
:10B78C001306D400130CBAFF651AEFF0AFE0420AAF
:10B79C0037290020AA898144135A0A01B72B0020AB
:10B7AC00B72C0020130949AF6386090463D48405C0
:10B7BC00938A8CA68348440083A60A000356C100D2
:10B7CC00035524005288814713870BA6CE85138D11
:10B7DC000BA6EFF0DFB215C5814A0356C1008355A5
:10B7EC00A4004E859306E100EFF05FA5AA89639D46
:10B7FC000A065DF9E5E08357840029452310FB0018
:10B80C0089A083570D0003560401E317F6FC83A5AA
:10B81C000A0048489750FB1FE78040AB55DD832753
:10B82C004900A1E3035524004166454781467D1636
:10B83C009D45EFD0AFE405E58357840045452310C3
:10B84C00FB00F2506254D2544259B259225A925AC5
:10B85C00025BF24B624CD24C424D2161828023221E
:10B86C00A90083DAA90095BF83274900A6972380F6
:10B87C0057019387140013970701832749004183CD
:10B88C0093DA8A00BA972380570113872400832602
:10B89C00490093873400420791044183C207C204D4
:10B8AC00C183C180369711CD8356E1002300D700A8
:10B8BC0003274900BA970357E10021832380E7004F
:10B8CC00E5B5FD562300D70003274900BA9723801E
:10B8DC00D7000DB703552400B72500208980239A83
:10B8EC0095AE938545AFEF808FCE21DD594591BF45
:10B8FC00411122C406C693F705012A84328585C3FB
:10B90C00EFE0BFC4AA8505462285EF20B01095470D
:10B91C006305F500BD47631DF502214515A893F796
:10B92C00450099CBEFE07FC20546AA8522852244CB
:10B93C00B24041016F20100E93F7050489C7EFE068
:10B94C00DFC00146DDB713F51500133515000605EC
:10B95C00B24022444101828079714AD04ECE52CC01
:10B96C0006D622D426D22A8AAE89014983D7490029
:10B97C006364F9000145A1A083A709001314190001
:10B98C00930414003387970003470700A29703C55D
:10B99C00070022079305E100598DEFE07FF805E9D8
:10B9AC0083A7090005453E94034704002380E70064
:10B9BC0083A70900BE9403C70400A380E700B2501C
:10B9CC00225492540259F249624A4561828083455D
:10B9DC0085000356E1005285EFF09FF105C183A766
:10B9EC0009003E94034704002380E70083A7090065
:10B9FC00BE9403C70400A380E700D1B70509420930
:10BA0C0013590901A5B7011122CC2A8403D50500CD
:10BA1C009305E10006CEEFE0BFF001CD8345850034
:10BA2C000356E1002285EFF0BFECF2406244056161
:10BA3C0082800545DDBF1D71CAC82A8903552500C2
:10BA4C0086CEA2CCA6CAD2C4D6C2DAC05EDE62DC76
:10BA5C0066DA2E8ACEC66AD86ED6EF707FAE2AC64C
:10BA6C008346C9008355A90003558900780813063D
:10BA7C00D900EFF02FB2B247B7240020416B938A64
:10BA8C00A7FFC20AAA8B014493DA0A01372C0020C3
:10BA9C00B72C0020938444AF7D1B63860B18035690
:10BAAC00C10183C58B0003552900EFF07FE4AA8DFB
:10BABC00631605168348490083A68CA60356C1015C
:10BACC00035529005688814713070CA6DE85EFF035
:10BADC001F83AA8D93090CA6138D8CA663100514D5
:10BAEC0029C003D7090083D7240011076397E70007
:10BAFC003247A2976D1763CAE706B72500209387D4
:10BB0C0045AF03D7270003552900938545AF335420
:10BB1C00E40223908700EF800FC9AA8D15C1D94D7F
:10BB2C0005A003552900494781465A86C545EFD0E3
:10BB3C00EFB4C8C015E583D7AB00C54D2310FA0090
:10BB4C00F64066446E85D6444649B649264A964A1E
:10BB5C00064BF25B625CD25C425DB25D2561828019
:10BB6C0083D7090091072391F400DC4003D7AB0085
:10BB7C009306E101A2972380E70093071400139723
:10BB8C000701DC4041835E85BA9703D7AB00218364
:10BB9C002380E7000356C1018355A900EFF00FEA9B
:10BBAC00D440130724000356E10142074183369722
:10BBBC002300C700D84093073400C207C183BA974B
:10BBCC000357E101AA8B110421832380E700C840AD
:10BBDC004204418003D6090083250D00229563950C
:10BBEC000B029740FB1FE780E06283D709003E946D
:10BBFC0042044180E31304F0835789002310FA00B8
:10BC0C00E3900DF4A94D2DBF9740FB1FE78080609A
:10BC1C0083D709003E944204418041B583D7AB00E1
:10BC2C002310FA00C1BF814DF1B75D71A6C2CAC025
:10BC3C00AA840359850003552500A2C44EDE52DCAC
:10BC4C005AD85ED662D466D286C656DA6AD06ECE22
:10BC5C002E8BEF70FF8E930BD5FF7115131A050108
:10BC6C00B72900200144135A0A01372C0020B72CA5
:10BC7C000020938949AF6359741583C6C40083D5DA
:10BC8C00A4001307E1001386D4004A85EFF08F90CF
:10BC9C002A8D630B05120359A500834585000356B5
:10BCAC00E10003D52400EFF0BFC46314051283C870
:10BCBC00440083A68CA60356E10003D524005288C9
:10BCCC00814713070CA6EA85EFF06FE3930D0CA6E2
:10BCDC0013888CA6631F050E1DC883D70D0003D7D0
:10BCEC0029008907630CF706B7250020138745AF99
:10BCFC008357270003D52400938545AF3354F402B2
:10BD0C0023108700EF806F9615C5594525A003D5E4
:10BD1C00240041664D4781467D16A545EFD00F9610
:10BD2C00B727002023A2A900138887A61DE12310A2
:10BD3C002B014545B640264496440649F259625AB1
:10BD4C00D25A425BB25B225C925C025DF24D616145
:10BD5C00828083D70D0089072391F90083D70D00CA
:10BD6C00A29763D3770783A749000357AD00930AC3
:10BD7C002400A2972380E70005049317040103A471
:10BD8C004900C183C20A3E948357AD008325080045
:10BD9C0093DA0A01A1832300F40003A5490003D61A
:10BDAC000D0056959740FB1FE780C04603D40D004D
:10BDBC00C167FD17569442044180E30EF9EA050968
:10BDCC0042091359090145BD294519FC23102B01C2
:10BDDC0095B76DDC11BF8357050081E789473E8518
:10BDEC008280411126C2444122C406C64AC083C681
:10BDFC000400D0402A8437D5060089451305051464
:10BE0C00EF706FDF19C9834724002547E51793F7B7
:10BE1C00F70F6377F702E14729A883C60400D040E7
:10BE2C0037D50600894513054514EF70CFDC61FD4D
:10BE3C008947B2402244924402493E8541018280A6
:10BE4C00372900208356899E85471309899EF5D290
:10BE5C00035704003697C166E3CDE6FC91659385E4
:10BE6C00257031459740FB1FE780001DAA84CD4704
:10BE7C0069D1314681459740FB1FE780C04083570D
:10BE8C0004008355090001460147B386E500C2064C
:10BE9C00C182636BF702AE97C207C18319C223102C
:10BEAC00F90023A004002146A28513854400974085
:10BEBC00FB1FE7802036B72700209387C7A698433F
:10BECC0011EF84C38147B5B75040131547000507E0
:10BEDC002A962315D60005464DBF3E871C43F5FF19
:10BEEC0004C381BF011106CE22CC26CA4AC809E977
:10BEFC008944F240624426854249D24405618280DD
:10BF0C002AC62A84280036892314B1002305C100CF
:10BF1C00EFF07FECAA8471FDE30D09FC8357A400BC
:10BF2C00E1DB91659385557031459740FB1FE780A8
:10BF3C00A01015C58357A400232005002324250138
:10BF4C002312F500B7270020938787A7984301E7B2
:10BF5C0088C345B73E871C43F5FF08C359BFCD4482
:10BF6C0049BFB7270020938727A603C7070015E30F
:10BF7C0005472380E700058909CDB7260020372522
:10BF8C0000209386869B41469145130585976FF05B
:10BF9C007FF501458280B7270020238FA79C8280E4
:10BFAC00C167FD176315F5002E856FE04F914111A8
:10BFBC0006C6EFE0CF8A11C5FD572310F50023010B
:10BFCC000500B2404101828001114AC806CE22CC44
:10BFDC0026CA85472A896393F5044A85EFE04FBE4C
:10BFEC0039E9C16437D606009385F4FF1307E100E5
:10BFFC008946130686120545EFE0DFD92A84FD1425
:10C00C000DC44C444A85EFF0BFF90356E10022857C
:10C01C008146A685EFF08FA22A84DDB78947639607
:10C02C00F5008545EF20403F4DD9F2406244D244A3
:10C03C00424905618280EFE0AFB365B7011126CAB2
:10C04C00B7240020938484D522CC03C594003724D4
:10C05C000020130404A7B72700203727002006CEA2
:10C06C004AC84EC62320040023AA07A6232207A6EB
:10C07C0049C9138947A79307200C3305F50291652D
:10C08C0093851570930947A6190542054181974080
:10C09C00FB1FE78060FA03C694009307200C8145D0
:10C0AC003306F60208C019069740FB1FE780A01D57
:10C0BC001C4003C7940081459386870B7D5563EC28
:10C0CC00E5069306800BB306D7020146FD5505071E
:10C0DC00B6972320F900BE862390B600A381B60044
:10C0EC002381B6002382060005069906E366E6FE68
:10C0FC00F9562390D70099463307D702BA9723A055
:10C10C00F90037A5040013054573EFC0FFD037B510
:10C11C00040013054590EF700FB537A50400130507
:10C12C00C569EF208026F2406244D2444249B249AC
:10C13C000145056182802394A6F41386C6F423106E
:10C14C000600232406003106E31BD6FE85059386E4
:10C15C00860BB5B7411106C622C42A84EFC00FADB9
:10C16C00EFD03FF8B7270020A38E879CB72700207D
:10C17C0003A547A6EFD0BFF4B72700202385879EE1
:10C18C002244B24037C50400130545FD41016F2020
:10C19C00C01F93970501C18763D30734B7270020CD
:10C1AC0003C5D79D797122D45AC806D626D24AD057
:10C1BC004ECE52CC56CA2E8BEF509FB82A8429C92A
:10C1CC00034705009307000B6311F704B724002005
:10C1DC008547938484A6A304F1009C402315010099
:10C1EC00A9E7EF00007F9165938535709740FB1FA1
:10C1FC00E78080E488C015E98347910099C783459F
:10C20C00440013058400EFD0CFA42285EF503FA744
:10C21C00B250225421653345AB0092540259F24975
:10C22C00624AD24A424B45618280372A00206146DD
:10C23C00814513054AAF9740FB1FE780C0040349B3
:10C24C004400894793044AAFD289930A4AAF6314D6
:10C25C00F906EF0000782390A40003552400930501
:10C26C004AAFEF70BFA50357240083D70400835651
:10C27C00840011ED63E4F6002314F400835584006C
:10C28C003A85EFC01FBA2285EFC07F8CB5B763E447
:10C29C00F6002314F40083578400D945938649AFE4
:10C2AC000D463A852390FA00EFC07FA28D4561DDE3
:10C2BC00138549AFD1A09947631AF9029305A100E0
:10C2CC002285EFF08FC8AA845DDDD9476396F40E02
:10C2DC000509035524001379F90FD945938649AF05
:10C2EC004A86EFC0DF9ECA8559DDD9B7A1476318CE
:10C2FC00F9009305A1002285EFF03F93E9B7A94718
:10C30C00631FF906035584006C00EFE06FE12A8986
:10C31C00630D05140355240041669306E10055474F
:10C32C007D16AD45EFC09FB5C8C0AA8649C18348EC
:10C33C0044000358E1000356C10003552400814713
:10C34C0013074AAFCA85EFE09FFBAA84631E050E54
:10C35C000355240093054AAFEF701FB70DD5035555
:10C36C00240093064AAF2D46D945EFC05F96E30CE7
:10C37C0005F0AD4513054AAFEFD0AF8D29B7B147E6
:10C38C00631BF90E035584006C00EFE06FD9AA848F
:10C39C0069CD0355240041669306E10059477D168B
:10C3AC00B545EFC0BFAD23A2AA00AA8629E98357E1
:10C3BC008400C5442315F10003471400D147E3045E
:10C3CC00F7EC8347440003552400938549AF238041
:10C3DC00FA008357A10023829A002391FA00EF7090
:10C3EC00AFADE30205EA03552400938649AF054639
:10C3FC00D945EFC0DF8DE30805E8854555BD834879
:10C40C0044000358E1008357A4000356C1000355B0
:10C41C002400A68513074AAFEFE07FEEAA840DE552
:10C42C000355240093054AAFEF70DFAFE30D05E42D
:10C43C0003552400D94593064AAF3546EFC03F89D2
:10C44C00B545E30205E4ADB5D9476393F4008144E7
:10C45C0003A54A009740FB1FE78040CCE38504E22C
:10C46C00835784002315F10081BF835784008544D2
:10C47C002315F10091B7B9476318F9009305A10092
:10C48C002285EFF06F9681B5C1476318F9009305CB
:10C49C00A1002285EFF02FDA3DB5C947631AF900E8
:10C4AC00130691009305A1002285EFE06FF921BDE1
:10C4BC00D947631DF9009305A1002285EFE06FE7D2
:10C4CC00AA84E31405E0A304010075BBE147E31C57
:10C4DC00F9DA9305A1002285EFE0CFD3EDB3014546
:10C4EC008280EDC2011152C42E8A854522CC4EC6E3
:10C4FC0056C206CE26CA4AC8AA8AB6893284EF101A
:10C50C00B071D1471DC5B72700203727002083C73E
:10C51C0047A8834657A8814419E0B684BE863727BE
:10C52C0000200327C7A793974400BA9763EDD40064
:10C53C00D547F2406244D2444249B249224A924A17
:10C54C003E85056182803E89C10703D727FF09C755
:10C55C00850493F4F40FD9BF25C09565938525C048
:10C56C00130500029740FB1FE78000AD2326A900AE
:10C57C0061D1130600028145938404049740FB1F8C
:10C58C00E78060D02311990023000900231359017F
:10C59C001DC437270020834794000326C7CB2304F0
:10C5AC00F900118C8327C90011841180238E870018
:10C5BC0023A029018147B5BF23260900F1B7230425
:10C5CC004901FDB785473E858280B727002083C58A
:10C5DC0047A8B727002003A7C7A781476395F50095
:10C5EC0081463685828003562700BA8619C2E30A33
:10C5FC00A6FE850793F7F70F4107CDB7B7270020A5
:10C60C0003C647A8B727002003A7C7A78147631510
:10C61C00F60081463685828083552700BA8689C507
:10C62C0083454700E388A5FE850793F7F70F41077D
:10C63C00F9BFB727002083C577A8B727002003A729
:10C64C00C7CB81476395F5008146368582800356BA
:10C65C000700BA8619C2E30AA6FE850793F7F70FFF
:10C66C004107CDB7B727002003C857A8B72700202C
:10C67C0083A7C7A701476315E800814636858280EA
:10C68C0003D62700BE8619CA03D667006318A60016
:10C69C00D04709C603562600E302B6FE05071377FA
:10C6AC00F70FC107C9BF411122C4404526C206C6B7
:10C6BC00AA8415C0484409C59740FB1FE78000A613
:10C6CC00484809C59740FB1FE78040A52285974045
:10C6DC00FB1FE780A0A42685414681459740FB1FA0
:10C6EC00E78060BAB2402244FD57A384F400924420
:10C6FC0041018280011122CC2A840355250006CEEB
:10C70C002EC6EF10501A324622858145EF00B072CA
:10C71C0022856244F24005616FF0FFF80DC50357A6
:10C72C002500411122C406C62A8411CBDD45EF0039
:10C73C00707422852244B24041016FF0DFF6B240A2
:10C74C002244410182808280411126C2B146930469
:10C75C00C5FFB386D402B72700201387C7CC06C603
:10C76C0022C436978356A7006398B60248430DC57A
:10C77C001384C7CC9307F00F6306F60083470500BC
:10C78C00639CC7009740FB1FE7804099B147B38774
:10C79C00F402A29723A20700B24022449244410122
:10C7AC008280411122C42E8426C24946AA84814526
:10C7BC00228506C69740FB1FE780E0ACA5C083C767
:10C7CC00C40113974700B727002083A7C7CBBA979C
:10C7DC0003D707002310E40003D7270083D7670093
:10C7EC002311E40037270020035727A82312E40065
:10C7FC0003D704002313E40003D724002314E4001C
:10C80C0003D744002315E40003D764002316E40087
:10C81C0003D784002318F4002317E400B240224409
:10C82C00924441018280B727002083C547A8B727CF
:10C83C00002003A8C7CBB727002003A6C7A7014732
:10C84C0081476394E5003E8582808346060081CE55
:10C85C00544691CA83C6C6019206C2966315D5008A
:10C86C00850793F7F70F05071377F70F4106D1BF2D
:10C87C00130600643386C50293069500AA8537C556
:10C88C000400130585726F507FC0411122C406C687
:10C89C002A8403459500EF50DFD9FD57A304F4001B
:10C8AC00B240224441018280011122CC4AC84EC6BA
:10C8BC0052C456C25AC006CE26CA2A89AE89014431
:10C8CC00372A0020B72A00201D4B83475AA86365DE
:10C8DC00F40463990902B7290020372A0020930A2F
:10C8EC00F00F83C749A86367F4061144A14422855D
:10C8FC00050442041306F00FCA854180EFF0DFE413
:10C90C00E31794FEF2406244D2444249B249224AAF
:10C91C00924A024B0561828083A7CAA793144400F4
:10C92C00BE9483C704009DC383D764006390270320
:10C93C006396690103D52400EF10E07626854E86B8
:10C94C008145EF00504F2685EFF0FFD50504137499
:10C95C00F40FA5BF8327CAA793144400BE9483C7C2
:10C96C0004009DC383C794006380570383D764007E
:10C97C00639C27012685EFF05FF12685D145EF00FA
:10C98C00704F2685EFF03FD205041374F40F91BF5E
:10C99C0041677917630BE502411122C406C685472E
:10C9AC002A846399F50022852244B24081454101D5
:10C9BC006FF09FEF89476396F5008545EF10D02502
:10C9CC007DD1B24022444101828082809D456FF02E
:10C9DC00BFEDB727002003D527A88280B7270020FA
:10C9EC0003C707A8011106CE2317A1002316B10017
:10C9FC0085476318F70070009305E1000545EF507B
:10CA0C00B068F24005618280A947631CF60483C7B5
:10CA1C00150003C70500A207D98F2310F50083C7A3
:10CA2C00350003C72500A207D98F2311F50083C752
:10CA3C00550003C74500A207D98F2312F50083C701
:10CA4C00750003C76500A207D98F2313F50083C7B0
:10CA5C00950003C78500A207D98F2314F500014563
:10CA6C0082800545828091476314F60283C71500C6
:10CA7C0003C70500A207D98F2310F50083C7350023
:10CA8C0003C72500A207D98F2311F5000145828029
:10CA9C00054582809387C5FF93960701C1820D4798
:10CAAC006360D7023147B387E702372700201307AB
:10CABC00C7CCBA972381A7002390B7000145828089
:10CACC00094582809306402037270020AA8763F40B
:10CADC00A60093074020F1172311F7A8B7270020D1
:10CAEC002383B7A8B72700202384B7A88280190511
:10CAFC00956542054111938535C0418106C6973035
:10CB0C00FB1FE780605311C5B240E95541016F50DE
:10CB1C00CF8FB24041018280B7270020238307A822
:10CB2C00B727002079710547238007A8B727002075
:10CB3C002384E7CC4ECEB7270020B729002022D47F
:10CB4C0026D24AD037240020B7240020A38407A87B
:10CB5C0037290020B7270020938979A806D652CC14
:10CB6C002AC6230204A8A38204A8239107A8232E73
:10CB7C0009A623800900EF10C05B3245B7270020BF
:10CB8C00130600032380A7CC372500201305C5CC42
:10CB9C0081459730FB1FE780006F372A0020034543
:10CBAC00CACF130444A8938454A81309C9A715CD5C
:10CBBC009565938545C012059730FB1FE780C047EC
:10CBCC0037270020232EA7CA0DC10346CACF9307CF
:10CBDC00CACF83C717002380C90081451206238062
:10CBEC00F4009730FB1FE780006AB727002003C5CD
:10CBFC0007D683C704009565938555C03E9513757C
:10CC0C00F50F2300A40012059730FB1FE780C042EC
:10CC1C002320A90049C5034604008145120697301C
:10CC2C00FB1FE78040660327090083460400814709
:10CC3C0025077D56639EF604EF108074B1473305CB
:10CC4C00F5029565938565C0420541819730FB1FC0
:10CC5C00E780803EB727002023A2A7CC2A8401CDF1
:10CC6C00EF10007231463306C5028145228597309C
:10CC7C00FB1FE78040612254B25092540259F24992
:10CC8C00624A37D504001305C59945616F10E06FF2
:10CC9C0085072300C70093F7F70F410761BF2300F7
:10CCAC0004002380040049BF41119397050126C25B
:10CCBC0006C622C44AC0C187AE8463D1070A37298D
:10CCCC000020034509CCEF50AF872A8429CD0347B8
:10CCDC000500930700096315F70403471500CD47BA
:10CCEC00631CF706B72600200348250003C536BA97
:10CCFC0037270020834767A81306640081458146C7
:10CD0C00130767A8AA886318D80299C12300F700F3
:10CD1C008347070091C7034509CC8545EF50EFC207
:10CD2C002285EF40DFF52165258DB24022449244E7
:10CD3C0002494101828083450600AE9793F5F70FB7
:10CD4C0093F7F80F63F4A50093F7F50F850693F6A8
:10CD5C00F60F0906854545BF012DD9B793F7150088
:10CD6C000145E1D7EF00107009CDB727002083C72C
:10CD7C0067A881CBB727002003C507CC8545EF50AA
:10CD8C00CFBC13C5140055B785462A8763FBC60470
:10CD9C0083C7150003C60500A207D18F2310F50029
:10CDAC00639CD70083C7350083C62500A207D58FA7
:10CDBC002311F50001458280894601456394D70211
:10CDCC0083C7350083C62500A207D58F2311F70032
:10CDDC0083C7550083C64500A207D58F2312F700E1
:10CDEC0082800545828091476314F60283C7150043
:10CDFC0003C70500A207D98F2310F50083C73500A0
:10CE0C0003C72500A207D98F2311F50001458280A5
:10CE1C000545828091476314F60283C7150003C74A
:10CE2C000500A207D98F2310F50083C7350003C76F
:10CE3C002500A207D98F2311F500014582800545F5
:10CE4C008280A1476314F60483C7150003C705004D
:10CE5C00A207D98F2310F50083C7350003C725001F
:10CE6C00A207D98F2311F50083C7550003C74500CE
:10CE7C00A207D98F2312F50083C7750003C765007D
:10CE8C00A207D98F2313F5000145828005458280C6
:10CE9C008947631CF60083C7150003C70500A2076A
:10CEAC00D98F2310F5000145828005458280835778
:10CEBC00260079714ECE06D622D426D24AD013073C
:10CECC00F007AE896372F70209473AC42316F100E2
:10CEDC00300093F5F50FEF10E01BB2502254925432
:10CEEC000259F2494561828003574600D9462A8986
:10CEFC00328463F8E6008357660063F4F6006379C6
:10CF0C00F70023140100300093F5F90F4A85E1B7BF
:10CF1C000355060002C4EFF0CFF1AA8459C1EFF01B
:10CF2C009F9083C784006369F5001146A246CE85A5
:10CF3C004A85EF10A00B55B7340026869305F00FE9
:10CF4C004A85EFF00FDA75F1A24703578400DC47EE
:10CF5C002390E700035724002391E7000357440074
:10CF6C002392E700035764002393E70003D74400A0
:10CF7C002394E700DC4485CB93F4F90F2286A68535
:10CF8C004A858297C167FD172A86E311F5FA224577
:10CF9C009947F9452300F50023029500EFF05F8DCA
:10CFAC002DBF094661B7014651B7A947631CF6046A
:10CFBC0083C7150003C70500A207D98F2310F500FE
:10CFCC0083C7350003C72500A207D98F2311F500AD
:10CFDC0083C7550003C74500A207D98F2312F5005C
:10CFEC0083C7750003C76500A207D98F2313F5000B
:10CFFC0083C7950003C78500A207D98F2314F500BA
:10D00C00014582800545828083C705002300F50019
:10D01C0083C71500A300F50083C7350003C725009F
:10D02C00A207D98F2311F50082802322050003C7A4
:10D03C00450089476304F7000545828083D6650067
:10D04C000D47E37BD7FE9C45011106CE22CC26CAA8
:10D05C004AC84EC683C4170003C60700A204D18C6D
:10D06C00138644006311D60403C4370083C727001A
:10D07C00AE8922045D8C9307C4FFC207C1832A8941
:10D08C00636FF70003A58900231199002310890011
:10D09C00F155EF409FB72322A900014531A022850D
:10D0AC00EFF0AFD265F10545F2406244D2444249FB
:10D0BC00B24905618280397122DC2E8483470400D9
:10D0CC004AD806DE26DA4ED619472A89B285639AE3
:10D0DC00E706034624002800EFF0FFD0AA8415E9E8
:10D0EC0003558100EFF06FCEAA898345140015C952
:10D0FC0037E704002E86130707FD34009D454A854B
:10D10C00EF00D0424E850946814535234E85EFF020
:10D11C008FD9F250625426854259D254B2592161AA
:10D12C00828089472310F100835781000A862311DE
:10D13C00F1008357A1002312F1004A85EF0090758E
:10D14C00C9BF4947639DE702035624002800EFF04E
:10D15C005FCFAA845DFD372500201305C5CC83570E
:10D16C00C50099E3814475B7034714008346040056
:10D17C000345E5003C000146CA85912659BF51473D
:10D18C006390E702035624002800EFF0FF87AA847F
:10D19C0049F18345140030004A85EFF05FD195BF0B
:10D1AC0059476393E706035624002800EFF0BF8B22
:10D1BC00AA8425F1835581004A85EFF0AFCA1DC9B9
:10D1CC0058458356A10083570700B697C207C18301
:10D1DC002310F700C1DB5C47D1D7B727002083C7EA
:10D1EC0067A8C9D3B727002003C507CC8545EF40F6
:10D1FC00DFF505B789473EC0835781000A86834512
:10D20C0014002312F10015BF834514000A86231065
:10D21C000100EF003068B9B75D71A6C256DA86C658
:10D22C00A2C4CAC04EDE52DCAA8A03C51500AE8465
:10D23C0032C6EFF0AFBCB24501ED8144B640264496
:10D24C00268506499644F259625AD25A6161828007
:10D25C00230205002311050083C9040085472A8495
:10D26C00639AF90003C624002808EFF0FFB1AA84E2
:10D27C0005492DA09D476394F904034705008D478C
:10D28C00E31DF7FA03C6240028080549EFF09FB800
:10D29C00AA8409E5054681452285712E2285EFF089
:10D2AC00CFDE034584003C080147CE862686D68512
:10D2BC003924E30509F82285EFF0EFBE41B7CD47DD
:10D2CC00639DF900034705009147E318F7F603C681
:10D2DC0024002808EFF0DFBB59BFD547E39FF9F4D2
:10D2EC00034A05008947E31AFAF403C62400280808
:10D2FC000549EFF09FCBAA8455F183570102BDE39A
:10D30C00035781011306F0035C44930607FCC20625
:10D31C00C182636CD6000356A101D94663F7C600DF
:10D32C008356C101D94563EFD500035524002391E1
:10D33C00E7000549EF00305703560102D2852285DC
:10D34C00692CA9BF8355E1012391E7002392C70003
:10D35C002390B7002393D70085472300F400014A9C
:10D36C000149D9BF014AC9BF7971AA8522D426D2F5
:10D37C0003542500AA84280806D6EFF01FCBF245EB
:10D38C0099E535E985452285EFF04FE5C1A0835736
:10D39C0081011547639BE7060357A1018D4763FC89
:10D3AC00E7046800EFF05FC60357E100DD4763FC5C
:10D3BC00E7008345D100B7071700850710082285C1
:10D3CC003EC8EF00304D8357E1000357A101910790
:10D3DC006305F7002285EFF06FDF8347C1007246CB
:10D3EC006C00858B1106228591CFEFF0FFE201C511
:10D3FC002285EFF0AFDD884451D59730FB1FE780D5
:10D40C00E0D149B7EFF03FCBDDB711476389E700B7
:10D41C001387A7FF42074183854663EEE602314737
:10D42C00F117B387E702372700201307C7CCBA9749
:10D43C0003D7070069D303C527003008A2850D2048
:10D44C005DF9035781019147E31EF7F2B250225464
:10D45C009254456182802C082285812E49FDFDB7AE
:10D46C0001114AC82A89314526CA06CE22CC2EC6BD
:10D47C00B284EF40FF8531C1B2459307000A2310F7
:10D48C00F5002311B5002A84214611058DC0A6850F
:10D49C009730FB1FE78000D8A2854A85EF405F924A
:10D4AC000145F2406244D244424905618280814583
:10D4BC009730FB1FE78020DDC5B70545DDB77971D7
:10D4CC0026D2AA841305000206D622D42ECE32CC44
:10D4DC0036CA3AC83EC6EF40AFFF31C96246F24584
:10D4EC004247D246B2472A84130520FA2300A400EF
:10D4FC00A300C4002311B4002302E400A302D4004F
:10D50C0013058400614691CFBE859730FB1FE780E1
:10D51C0060D0A2852254B2502685925445616F404A
:10D52C003F8A81459730FB1FE780E0D5DDB7B250CD
:10D53C0022549254456182805845797122D406D682
:10D54C002A84AE8649C383572700231DF100930715
:10D55C002006639FF504B727002003D627A883571E
:10D56C0067006373F600B28713F6F70F8355270134
:10D57C00834707018D8F93F7F70F81E5890793F7A1
:10D58C00F70FB297FD17B3C7C702231EF1008357DD
:10D59C0024008355640003458400231CF1000147DB
:10D5AC003C080146EFF0BFF1B25022544561828035
:10D5BC000347C701B727002083A7C7CB1207BA9729
:10D5CC0083D76700D9B72EC61946814528089730EE
:10D5DC00FB1FE78040CBB2465DBF797122D406D6E3
:10D5EC0026D22A848DC181470147930600062E86D8
:10D5FC008355640003458400EFF07FECB250225455
:10D60C00925445618280B284280059469730FB1FA2
:10D61C00E78060C72314910089E8835724004844AD
:10D62C006C002315F100EFF0CF973C0001479306F7
:10D63C000006014675BF797106D6814799ED83576F
:10D64C00250058452316C1002314F1003C0011C7D6
:10D65C00835727002315F1003C002E868355650067
:10D66C0003458500014793060006EFF05FE5B250D5
:10D67C0045618280411122C406C6834705001147CB
:10D68C002A846395E7022E86835565000345850041
:10D69C0081470147CD46EFF09FE249468355640030
:10D6AC002244B240154541016FF00F8A13F7B70FB2
:10D6BC0089466317D7000146EFF03FF25146F9BF98
:10D6CC000D476398E7002244B240014641016FF0D8
:10D6DC009FF6B24022444101828003D70500B14637
:10D6EC00B727002071173307D7029387C7CCBA9797
:10D6FC00D84319EBD8412395A7000145D8C303D7CC
:10D70C0025002394E700828059458280797122D4C8
:10D71C00404526D24AD006D6AA842E8925C0484434
:10D72C0019C59730FB1FE780609F232604008357A1
:10D73C00040083D5640003C584002315F1008357CE
:10D74C0024000147930640062316F10083578400FA
:10D75C004A862317F1001C483EC883D724002314A3
:10D76C00F1003C00EFF0BFD5A30E240123280400E8
:10D77C00B25022549254025945618280280031469D
:10D78C0081459730FB1FE78000B083D7240083D5F9
:10D79C00640003C584002314F10001473C00930688
:10D7AC0040064A86EFF0BFD1E1B7797152CC2A8A94
:10D7BC0003D5050026D206D622D44AD04ECE56CA60
:10D7CC00AE84EFE09FE019E18547BDA84045AA89EA
:10D7DC0065DC83576500E39947FF835784006387B3
:10D7EC0007128346C401B72A002003A7CACB9206AE
:10D7FC00FD173697C20703576700C1832314F40043
:10D80C006316F70093053006EFF01FD35C48A5EFC5
:10D81C00C840034915008347050022093369F90004
:10D82C0083D7240013072900631AF702F955EF4038
:10D83C00CFBDC8C02391240103C589002686D2859B
:10D84C00EFF01FC2814721E1B25022549254025989
:10D85C00F249624AD24A3E8545618280956593853C
:10D86C0015C04A859720FB1FE780007D48C8C8403B
:10D87C00231C2401F955EF404FB983D72400C8C0AD
:10D88C00F9172391F400484859C503D62400835650
:10D89C00A401835784013308D60063C007090347EA
:10D8AC00C40183A7CACB95451207BA9783D7270023
:10D8BC0063CF0705CC4036959730FB1FE7808095EA
:10D8CC000357A40183D72400BA97C20703578401D6
:10D8DC00C183231DF400E399E7EE03D7290003C5A8
:10D8EC00890030002314E1005848D2852315F1003B
:10D8FC003AC6EFF0FFB611C548489730FB1FE780DA
:10D90C00E081232A0400232C04007DBD99454E851B
:10D91C00EFE05FDE55BDA545DDBF9145CDBF03D71B
:10D92C0025007DC3B727002083D627A8ED4763EEDB
:10D93C00E60C011122CC2E8426CAAA8448409145BB
:10D94C0006CEEF408FAC83572400AA862300F50047
:10D95C0083572400A183A300F500835704002301FF
:10D96C00F50083570400A183A301F500035624009E
:10D97C00C167F9171106420641826396F4042AC462
:10D98C00314532C6EF40CFB4AA85CD471DC59307AC
:10D99C0000F92300F5003246F957A2462311F50091
:10D9AC0089472302F500B72700202313C50014C5AF
:10D9BC0003C507CCEF40CFC08147F2406244D2444C
:10D9CC003E850561828081452685EF40107EAA87C1
:10D9DC0011E9B726002003C766A865D37D172383FA
:10D9EC00E6A8E1BF09476304E5021D476303E502AE
:10D9FC0049476302E5027D47E311E5FCB7260020A9
:10DA0C0003C766A88147D1BFED473E858280D147C9
:10DA1C006DB791475DB789474DB701114AC831477A
:10DA2C001309C5FF3307E902B727002026CA9384E0
:10DA3C00C7CC06CE22CCBA94D84029CB1384C7CC01
:10DA4C00B727002083C667A8854795CA2314A10071
:10DA5C0083D7840003D5A4002C003AC62315F1000B
:10DA6C00EFF0FFEB11C5C8409720FB1FE780006B60
:10DA7C00B147B307F902A29723A207008547F240EA
:10DA8C006244D24442493E85056182808147C5BFCC
:10DA9C00797126D24445372700204AD083D76400B9
:10DAAC00035927A852CC06D622D44ECE56CA2A8A5F
:10DABC0063F327013E8903D7240142091359090155
:10DACC0083D7040141CB998F4A8463D527011394E2
:10DADC000701418089452285EFF06F81AA89CD4AE3
:10DAEC0025C183D724002AC6231581002314F100F5
:10DAFC0083D7240185E383D70401930925002300F0
:10DB0C00F50083D70401A183A300F50063762405F7
:10DB1C0003D4040183D72401CC4422864E85BE95C0
:10DB2C009720FB1FE780006F03556A002C00EFF075
:10DB3C001FDFAA8A15C54E859720FB1FE780005E64
:10DB4C00B2502254568592540259F249624AD24A32
:10DB5C004561828089078DBF7914420441805DBF85
:10DB6C0003D7240183D704003A94FD17C20742045B
:10DB7C0003D70401C18341802390F40023998400CE
:10DB8C006377E400D5FFFD57A38EF40055BF8145A4
:10DB9C005285EFF0BFB76DB779714AD037290020A5
:10DBAC0052CC034A99A822D456CA5AC85EC662C43B
:10DBBC0006D626D24ECE5284B72A0020054B930BA4
:10DBCC00F00F372C002083A7CAA793144400BE94EF
:10DBDC0083C90400639D6907DC44B5CBD84725CBCA
:10DBEC0003D7070029CBB727002083C767A899CF95
:10DBFC002685EFF0FFE9AA8515E9B727002083C732
:10DC0C0057A805046351F402A30489A8B250225406
:10DC1C004E8592540259F249624AD24A424BB24B57
:10DC2C00224C45618280A30409A8CDB72685EFF06C
:10DC3C00FFAD8149E1BF83C7D701639A7701930593
:10DC4C0020062685EFF05F8FDC44A38E0700834708
:10DC5C005CA805041374F40F6363F4000144E3142B
:10DC6C0044F7C1BF4111154506C6EFF01FDB09C5CE
:10DC7C000545B240410182801945EFF01FDA6DF97C
:10DC8C001145EFF09FD96DF51D45EFF01FD96DF1E2
:10DC9C00B727002083C757A8E9DFB24041016FF0D6
:10DCAC00BFEF83D705000D47F117C207C18363652A
:10DCBC00F706DC41B5C3411122C42E84854526C22A
:10DCCC0006C6AA84912F39C92685AD25C167F917D7
:10DCDC006381F40219ED8357240081CF835604002D
:10DCEC0019476393E60437270020035727A863FDE1
:10DCFC00E702B727002083C767A8A285268599C7A6
:10DD0C002244B240924441016FF07FC12244B240A0
:10DD1C00924441016FF07F9C094582805145B2408D
:10DD2C0022449244410182806D45D5BF397126DA77
:10DD3C004ED6AA84AE895D4589454AD806DE22DCDA
:10DD4C00328936C63AC4EFE09FDA35C522472A84B9
:10DD5C00014511C7B24613054400B6850297935787
:10DD6C00850023003401A3002401A301F40095478E
:10DD7C00231CF100B727002083C767A82301A40048
:10DD8C001105231DA10022CE2C08268595C3EFF08A
:10DD9C001FB9AA8411C522859720FB1FE780003884
:10DDAC00F250625426854259D254B2592161828074
:10DDBC00EFF0BF92F9BFCD44E5B7797126D24AD0C6
:10DDCC0052CC56CA06D6BA8A22D44ECE19472E89C0
:10DDDC00B284368A639DE506035526000944EFE0BC
:10DDEC00CFFE2AC62DCD5C458359650083D727000D
:10DDFC002390F400B247B726002015472380570123
:10DE0C0003C686CC2391E700130716001377F70F90
:10DE1C002384E6CC2382C70001E705472384E6CCA4
:10DE2C005147631AE90015472391E400DC4703D7F7
:10DE3C0084002394E7005287A686CA854E85EFF0AE
:10DE4C00FFEE2A84324515C4EFE0FF8509A842860F
:10DE5C007400BE85AA89EFE0CFE82A8441DD2285D3
:10DE6C00B250225492540259F249624AD24A456144
:10DE7C008280F945EFE0DF9FDDB783D705002300F3
:10DE8C00F50083D70500A183A300F50083D72500F7
:10DE9C002301F50083D72500A183A301F5001145CB
:10DEAC00828083D705002300F50083D70500A1836A
:10DEBC00A300F50083D725002301F50083D72500A7
:10DECC00A183A301F50083D745002302F50083D776
:10DEDC004500A183A302F50083D765002303F50059
:10DEEC0083D76500A183A303F5002145828083D7E6
:10DEFC0005002300F50083D70500A183A300F500DE
:10DF0C000945828083D705002300F50083D70500DF
:10DF1C00A183A300F50083D725002301F50083D747
:10DF2C002500A183A301F50083D745002302F5004A
:10DF3C0083D74500A183A302F50083D76500230393
:10DF4C00F50083D76500A183A303F50083D7850073
:10DF5C002304F50083D78500A183A304F50029458C
:10DF6C00828003D705008546AA872300E50003D7E6
:10DF7C0005002183A300E50003D70500631DD7002E
:10DF8C0003D725002301E50003D725002183A30136
:10DF9C00E5001145828009456315A70203D72500CA
:10DFAC0019452381E70003D725002183A381E700CE
:10DFBC0003D745002382E70003D745002183A382C2
:10DFCC00E700828083D705002300F50083D7050086
:10DFDC00A183A300F50083D725002301F50083D787
:10DFEC002500A183A301F50011458280797126D209
:10DFFC004AD04ECEB2842A89AE8929468145480042
:10E00C0022D406D636849720FB1FE780C027231620
:10E01C0091008DEC835724002312F100B7270020C8
:10E02C0083D727A82314F1005C448DC383C6C70192
:10E03C00372700200327C7CB920683D78700369754
:10E04C00035727002315F1002313E10037E70400E1
:10E05C004A85130707F1540013F6F90FD545EFF075
:10E06C00FFCC2A8911C19DE085472300F4002302CF
:10E07C000400014681452285EFF02FD6B250225480
:10E08C004A8592540259F249456182802285EFE01B
:10E09C008FE1EDB737E70400B2861307E7F62E865B
:10E0AC0085456FF0BFC801112317A100B7E6040026
:10E0BC004165700001489307F00F0D47938666E8A1
:10E0CC0099457D1506CEEFF05FCFF2400561828059
:10E0DC00B7E60400B28701482E8611479386E6EA1C
:10E0EC00C9456FF09FCD37E70400B2861307A7EF41
:10E0FC002E86CD456FF09FC3011122CC3724002012
:10E10C00130444D026CA4AC84EC606CE2A89AE8904
:10E11C00930404031C4081C7CE854A858297110461
:10E12C00E31A94FEF2406244D2444249B24905617A
:10E13C00828041113727002022C406C626C213074D
:10E14C0047B98347C7030345D7033724002013047B
:10E15C0084D5A304F400AA9793F7F70F2304F400D3
:10E16C00A5CF1305C0033385A702A5658505B72484
:10E17C0000209720FB1FE78020EC034684009307C8
:10E18C00C00381453306F60223A0A4D09720FB1FC1
:10E19C00E780600F83A704D083468400014789077A
:10E1AC007D566341D7022244B24092443725002069
:10E1BC00130600038145130545D041011723FB1FAE
:10E1CC006700630C2390C7002381070023A5070277
:10E1DC0005079387C703F1B7B2402244924441012B
:10E1EC008280B727002003C607D6B727002003A7D5
:10E1FC0007D081476315F600814636858280BA8642
:10E20C001307C703835567FCE389A5FE850793F7BE
:10E21C00F70FCDB7011122CC2EC632C406CE2A84FC
:10E22C00EFF03FFC2246B24511E9C167F9176303D1
:10E23C00F4005145F2406244056182805455834795
:10E24C00450095C213F7270141456314A7001545F6
:10E25C0075F2C18B3D45F9DF83C7A6010145E3FB90
:10E26C00B7FC3145C1BFC18B0145E9F71545D9B79D
:10E27C00797126D24AD0B7240020416922D44ECEDF
:10E28C0052CC56CA5AC806D6AA890144938484D55E
:10E29C00372A0020930AC0037D19054B83C78400DD
:10E2AC006364F400014535A8B307540303270AD06F
:10E2BC00BA9703D727006316270105041374F40FCC
:10E2CC00F1BF03C55700300093856700EFC0E1052F
:10E2DC001946CE8528009720FB1FE78020FFE31E00
:10E2EC0065FDB250225492540259F249624AD24A04
:10E2FC00424B45618280B727002083C507D6C16693
:10E30C00B727002003A707D0FD1681476395F500BA
:10E31C00014632858280035827003A866306D8006E
:10E32C0003480700E307A8FE850793F7F70F1307C9
:10E33C00C703E9BF411106C6EFF0BFEA11C503558B
:10E34C004501B240410182800145E5BFB72700205D
:10E35C0083C607D6B727002003A707D001458147FE
:10E36C0011076393F60082800346070001C605057A
:10E37C001375F50F850793F7F70F1307C703D5B779
:10E38C00B727002003C507D68280372700209306C5
:10E39C0047D08147130747D031468C4291E58A0715
:10E3AC00BA9788C30145828085079106E397C7FE1B
:10E3BC004D458280411106C622C4EFF09FE21DCD6F
:10E3CC002A84035525008545EFF01FD3485409C511
:10E3DC009720FB1FE78080D422851306C00381455C
:10E3EC009720FB1FE78020EAFD572311F40023023E
:10E3FC0004000145B2402244410182800945DDBF41
:10E40C00411106C6EFF0FFDD11C50345C500B24052
:10E41C00410182800145E5BFC167F9176304F5022C
:10E42C00411122C406C62E84EFF0BFDBAA8701453A
:10E43C0091C703C54700698C33358000B240224434
:10E44C004101828005458280011106CE2EC6EFF077
:10E45C005FD9854711C903574501B2458547630507
:10E46C00B700231AB5008147F2403E8505618280D2
:10E47C0031CD01114AC84EC637290020C16922CCC2
:10E48C0026CA52C456C206CE0144AA84130989D5A1
:10E49C00372A0020930AC003FD1983478900634B78
:10E4AC00F400F2406244D2444249B249224A924AB0
:10E4BC00056182803305540383270AD03E95835728
:10E4CC0025006383370182940504C1BF8280B7277E
:10E4DC00002003C607D6B727002083A707D0C16644
:10E4EC00014589070147FD1691456313E6008280BB
:10E4FC0003D807006309D80003C8A7006315B80048
:10E50C0005051375F50F05071377F70F9387C703E9
:10E51C00E9BFB727002003C607D6B727002083A67C
:10E52C0007D00147814791066310E602858393C7A4
:10E53C00F7FFC207C18305456364E5028547339540
:10E54C00A70042054181828083C5060081C583D521
:10E55C00C602CD8F05071377F70F9386C603E9B76D
:10E56C0093F61700E1FE050585831375F50FE9B7E2
:10E57C00797156CAAA8A2E8526D24AD04ECE52CC52
:10E58C005AC85EC662C406D622D4AE84328B368C90
:10E59C00BA8B3E8AC2894689EFF0BFC449E1416516
:10E5AC007D15EFF01FC42A84554531CC1946DE8504
:10E5BC0013056400A30284019720FB1FE78080C52C
:10E5CC008357010323119400230264012319F400DF
:10E5DC00835741032300540123260402231AF40019
:10E5EC00230644012317340123182401EFF07FF292
:10E5FC002318A402232A04022685232C0402814515
:10E60C00EFF09FAF0145B250225492540259F24997
:10E61C00624AD24A424BB24B224C456182804545FC
:10E62C00DDB7B727002083C607D6B727002003A77E
:10E63C0007D081476395F60041657D1582803A8647
:10E64C001307C703835547FF6395A50003552600A1
:10E65C008280850793F7F70FF1BFB727002003C817
:10E66C0007D6B727002083A607D0416601477D1641
:10E67C00954811436314E8000145828083D7260036
:10E68C0036856380C704CC5A8DCD83C7350083C5CE
:10E69C00250089CD938597FD93F5F50FE37FB3FCAA
:10E6AC009387D7FA93F7D70F89EF82809385F7FD7D
:10E6BC0093F5F50FE3F3B8FC9387D7FA93F7D70FDD
:10E6CC00CDDF05071377F70F9386C60365B7B7271A
:10E6DC00002083C507D64166B727002003A707D0C3
:10E6EC007D16814725486394F50001458280835649
:10E6FC0027003A85638CC600545B89CA83C63600F2
:10E70C009386E6FD93F6F60FE372D8FE850793F732
:10E71C00F70F1307C703C1BF011122CC2A84494547
:10E72C0006CEEF602FFC15C12AC62285EFF07FAB19
:10E73C0009CD6244B7270020324683550503F240C9
:10E74C0003C5B7D505616F303FBFF2406244056128
:10E75C00828039714ED652D4AE892A8A93053005FF
:10E76C00414526DA4AD856D206DE22DC32C6368934
:10E77C00BA8A9720FB1FE780208CCD4431C92A84AC
:10E78C0089446382090432468145231AC1004146FB
:10E79C009720FB1FE78020AF5686CE8522859720D9
:10E7AC00FB1FE78020A72146630E0902CA852808B3
:10E7BC009720FB1FE78000A6A28650082C085285E4
:10E7CC00EF404010AA8422859720FB1FE78000951C
:10E7DC00F250625426854259D254B259225A925A56
:10E7EC0021618280814528089720FB1FE780A0A922
:10E7FC00E1B7411122C4405926C206C6AA8429CCCD
:10E80C00085409C59720FB1FE7804091285809C57B
:10E81C009720FB1FE7808090685809C59720FB1F45
:10E82C00E780C08F285C09C59720FB1FE780008F0D
:10E83C00685C09C59720FB1FE780408E0325040800
:10E84C0009C59720FB1FE780608D22859720FB1F51
:10E85C00E780C08C23AA04022244B727002083D56A
:10E86C000403B240924403C5B7D541016F309FD524
:10E87C00411126C206C622C4AE84EFF09F9621C574
:10E88C004C592A84A9C183A8C50703A88507FC593C
:10E89C00B85983C6650003D6050083C525002685B7
:10E8AC00EF606FEC2285EFF0DFF4EFF05FE201CD6B
:10E8BC002244B7270020B240924403C5B7D5854502
:10E8CC0041016F309F88B2402244924441018280C2
:10E8DC00011122CC06CE2A842EC6EFF09F905C59F3
:10E8EC0091CF83D70700B245639A8700854763971A
:10E8FC00F5006244F24005616FF0BFEFF2406244F4
:10E90C0005618280411106C622C426C2EFF0FFD4F5
:10E91C0021C54059AA8429C0834724008DCBB72731
:10E92C00002083A787D389C7DC4399C322858297AC
:10E93C00034734009307F0026310F702224403D517
:10E94C002400B2409244814541016FF07FF2B72719
:10E95C00002083A747D3C1BFB24022449244410157
:10E96C008280411126C24AC006C622C4AA842E89BE
:10E97C00EFF03F8731C140595DCC83570400639C55
:10E98C00970A8347340013071002639CE7088347F8
:10E99C002400D9C37C540327040883D7470105E717
:10E9AC0013F717000DC3185403574700058B01CFFD
:10E9BC0093072002A301F400B2402244924402497E
:10E9CC0005454101828013F7270009CB18540357E2
:10E9DC004700098B01C793074002E9BF918B89CB94
:10E9EC001C5483D74700918B81C793076002D9B71A
:10E9FC00B727002083A787D3E1D3DC43D5DF22855B
:10EA0C008297034734009307F0028145E316F7FA27
:10EA1C002685EFF0FFE54DB7B727002083A747D336
:10EA2C00E1BF1307A0026398E70063040900130910
:10EA3C002003CA85F1BF631C09002685EFF06FFA2D
:10EA4C0019C58347450093E707012302F500A68506
:10EA5C004A85EF505FE68DB7797126D29947231D11
:10EA6C00B100AA842E858D4522D406D632C636C472
:10EA7C00231CF100EFE0AF872ACE4D441DC1324676
:10EA8C00A246AA85328582962A8419E52C08268509
:10EA9C00EFF02FA12A8411C572459710FB1FE78058
:10EAAC00E0672685EFF05FC72285B250225492545E
:10EABC00456182804111B706050022C42E862E8442
:10EACC009386464D894506C626C24AC02A89EFF070
:10EADC00BFF883450400AA844A85EFF07FD9B24081
:10EAEC00224426850249924441018280B7270020A6
:10EAFC0083A747D395CB9C4385CB1D71A2CC86CEE7
:10EB0C00984110082A843AC8D84185453ACA829758
:10EB1C0001C92306A100035524006C00EFF09FF9F6
:10EB2C00F6406644256182808280AE8715C5785593
:10EB3C0005C7834607002380D50083461700A380B2
:10EB4C00D500834627012381D50083468701584B86
:10EB5C00A381D500D8C18280414681453E851713DB
:10EB6C00FB1F67004372B727002083A787D391C789
:10EB7C0003A38700630303000283094582803727C0
:10EB8C000020032707F41DC75843AA8705450DC766
:10EB9C0003A50708411106C6930605021306050CCA
:10EBAC0093050506130505040297B2401375F50F7E
:10EBBC00410182800545828082804DC9357122CD0C
:10EBCC002A840355050026CB4AC94EC756C306CF27
:10EBDC0052C55AC1DEDEB68AB2892E89EFF06FE0DB
:10EBEC00AA8439C50C182285EFF03FF48347240022
:10EBFC00138A6400A9CBEF507FA52A8B014583CBE8
:10EC0C005400EF50BFA2AA840C100818EF10806DAE
:10EC1C0008542C10EF10A06DD288268A56C05E883E
:10EC2C00D2875A8714103010CE854A85EF20D02811
:10EC3C00FA406A44DA444A49BA492A4A9A4A0A4B7F
:10EC4C00F65B0D618280EF507FA0AA8B014503CB50
:10EC5C005400EF50BF9D2ACE08540C10EF10806862
:10EC6C002C100818EF10A068F2484DBF8280C147E5
:10EC7C0009CD1455C14791CA785501CB83C73600CD
:10EC8C00BD4663F4F600834787013E858280894741
:10EC9C006309051063870510411106C622C426C2FC
:10ECAC00834715002E842380F50083472500A3801D
:10ECBC00F500834735002381F50083474500A38188
:10ECCC00F50083475500858B9396870083D74500C5
:10ECDC0093F7F7EFD58F2392F5008346550093F702
:10ECEC00F7DFA20693F60620DD8E2392D5000347AC
:10ECFC00550093F6F6BF220713770740558F2392E2
:10ED0C00E50083475500FD769386F67F8D87858BCE
:10ED1C00758FAE07D98F2392F50083466500F99B5A
:10ED2C00858ADD8E2392D5000347650093772700F3
:10ED3C0013F7D6FF5D8F2392E5008347650093F6AA
:10ED4C0047009377B7FFD58F2392F50003476500F3
:10ED5C00DD9B4D45218BD98F2392F500EF608F9869
:10ED6C00AA845145EF600F980347340093F4F40FD5
:10ED7C00C947636297021375F50F636EE50083460E
:10ED8C0004001147E1476368D70083461400054728
:10ED9C006363D7008147B240224492443E854101CF
:10EDAC0082803E85828015C1AA8709458DC141119B
:10EDBC002E8541469385170006C69710FB1FE780EA
:10EDCC006045B240014541018280094582808280C4
:10EDDC0089471DC595C5411106C603471500AE8769
:10EDEC0019462380E500930525001385170097101D
:10EDFC00FB1FE7802042B24081473E854101828063
:10EE0C003E85828015C1AA8709458DC141112E8589
:10EE1C0041469385170006C69710FB1FE780803F7D
:10EE2C00B240014541018280094582808280894738
:10EE3C001DC995C9411106C6034725008346150017
:10EE4C00AE872207558F2390E500214693053500A8
:10EE5C00138527009710FB1FE780C03BB24081470A
:10EE6C003E85410182803E85828015C1AA87094575
:10EE7C008DC141112E8541469385170006C697100A
:10EE8C00FB1FE7802039B2400145410182800945D2
:10EE9C0082808280894719C991C903471500BD46F4
:10EEAC00E14763E5E6002380E50081473E858280EB
:10EEBC0015C1AA8709458DC141112E8541469385FF
:10EECC00170006C69710FB1FE780C034B2400145FF
:10EEDC004101828009458280828015C1AA8709453B
:10EEEC008DC141112E8541469385170006C697109A
:10EEFC00FB1FE7802032B240014541018280094569
:10EF0C00828082801DC1AA87094595C141112E8539
:10EF1C00130600049385170006C69710FB1FE780A5
:10EF2C00602FB24001454101828009458280828078
:10EF3C0015C1AA8709458DC141112E85414693857E
:10EF4C00170006C69710FB1FE780C02CB240014586
:10EF5C00410182800945828082801D71A2CC2A8465
:10EF6C00084586CEA6CA2306010083440500354712
:10EF7C009387F4FF93F7F70F636AF70C37D7060004
:10EF8C008A07130787AEBA979C4382870C08EFF069
:10EF9C001FD0C9476312F50299472306F1000355A8
:10EFAC0024006C00EFF01FB1F6406644D644256196
:10EFBC0082800C08EFF07FEB29C98347C100E5F391
:10EFCC0003552400EFF04FF5C5B70C08EFF05FEEDA
:10EFDC00E5B70C08EFF01FECC5B70C08EFF0BFDC81
:10EFEC00E1BF0C08EFF0BFE4C1BF0C08EFF09FE1EC
:10EFFC00E1B70C08EFF0DFDDC1B70C08EFF0FFED67
:10F00C0065BF834715002308F10003552400EFF07A
:10F01C004F9DA1470DC10347C500631BF702B727DE
:10F02C00002003A787D39D4719C7184309C71008A9
:10F03C00A6850297AA872306F10041B70C08EFF0CA
:10F04C007FEC9DBF0C08EFF0BFEEBDB79D47B1B78D
:10F05C00B727002003A747D3F9B7011122CC06CE5E
:10F06C0026CA4AC84EC603470500930720092A84BE
:10F07C00631CF7128347150039476395E70A8356DB
:10F08C0045000967610781476398E610B72900209E
:10F09C0003A589D4CE84630105100C4403C9050073
:10F0AC00631F09008347050085052146A9CF290563
:10F0BC009710FB1FE780001683A784D4B5C349457E
:10F0CC00EF201FC12A841DC5930710FC2300F500F7
:10F0DC00A300250183A584D4090541468905971011
:10F0EC00FB1FE780201383A784D4A28503C51700D8
:10F0FC00EF201FCD03A584D49710FB1FE7800002DF
:10F10C0023A404D431A809059710FB1FE7808010B5
:10F11C00EF30007B05494DF183A789D4238027016B
:10F12C0085479DA81307E003639EE7080347250066
:10F13C009547631FF70203554500EFF06FAC9147FD
:10F14C00E310F5FEB727002083A747D3F1DB03A319
:10F15C008700E30703FC0356E400035544009305C2
:10F16C0064006244F240D2444249B24905610283D0
:10F17C00A147631EF70083456400035544006244B5
:10F18C00F240D2444249B24905616FF08FFD9306BB
:10F19C0000038147E301D7FEF2406244D244424966
:10F1AC00B2493E85056182809306000A8147E315CA
:10F1BC00D7FEEFF09FDA084425D59710FB1FE780A8
:10F1CC00E0F5B9BF8147C9BF011126CA06CE22CCD2
:10F1DC0089441DCD95CDAA842E8468008D45EF50B1
:10F1EC000F978347E1002685228693F7F70393E771
:10F1FC0007046C002307F100EF200043AA8409E9FF
:10F20C000D466C00130534009710FB1FE78080003F
:10F21C00F24062442685D244056182805D714EDEE7
:10F22C0086C6A2C4A6C2CAC052DC56DA5AD85ED66A
:10F23C00894945CD5DCA138B4500420B135B0B010D
:10F24C00AE8A2A8A930530055A85B2849710FB1F23
:10F25C00E78080DE2A84CD4949C9EF500FC12A8945
:10F26C005686D285935A8900135A0901937BF90F5C
:10F27C001305440093FAFA0F137AFA0F1359890104
:10F28C009710FB1FE7806009A3017401230154014F
:10F29C00A300440123002401EF508FBCAA854146F2
:10F2AC0008089710FB1FE7804007214734005A8657
:10F2BC00A2850808EF20E05DAA891DE121462C00FB
:10F2CC0023807401A380540123814401A381240170
:10F2DC00138544009710FB1FE7802004EF50AFB953
:10F2EC0022859710FB1FE78060E3B64026444E85CD
:10F2FC0096440649F259625AD25A425BB25B61613A
:10F30C00828001114AC82A892E8506CE22CC26CAB3
:10F31C002EC6EFE01FED71C5405971C483475400F0
:10F32C000947B24593F6B70F6387E60011471305FB
:10F33C00E00F6392E708835704000945639DB70605
:10F34C00930484004146CA8526859710FB1FE780ED
:10F35C0060EC4146CA85130584019710FB1FE780BA
:10F36C0060EB0347340085469307F7FE93F7F70FDE
:10F37C0063E9F6041306C4033285C14532C6EF4077
:10F38C001FFD32469306C402A6852285EFF0FF824C
:10F39C008347240089CB22856244F240D2444249FF
:10F3AC0005616F10A01B03473400C947E305F7FE46
:10F3BC00A301F4000145F2406244D2444249056184
:10F3CC008280930710050145E317F7FE834724005D
:10F3DC00FDD322856244F240D244424905616F104C
:10F3EC00601E0945C9BF4945F9B7397152D42A8AFB
:10F3FC00328526DA4ED606DE22DC4AD8AE8932C6F3
:10F40C00EFE03FDEC94459C54059C94441C4835754
:10F41C00040032466390C70883475400A18BB1CBDC
:10F42C0037290020832709F49304E00FA5C79C47D4
:10F43C00B5C39304840126854146D2859710FB1FE2
:10F44C00E78040DD832709F48325040826869C4742
:10F45C0093850504180881462E858297AA84414617
:10F46C00CE8508089710FB1FE78040E693F4F40F55
:10F47C0011E18944034734009307B005631CF7007E
:10F48C002285EF10E0108347240091CF9307C0052D
:10F49C00A301F400F250625426854259D254B25959
:10F4AC00225A216182809307E005DDB729CD011135
:10F4BC0026CA06CE22CCAA840945A9C10D4628002D
:10F4CC002E848D059710FB1FE780C0D48347A100C5
:10F4DC0070002C0093F7F70393E7070426852305A8
:10F4EC00F100EF20601419E90D46A2856800971011
:10F4FC00FB1FE780A0DD7D153335A000F240624490
:10F50C00D2440561828009458280011152C42A8A45
:10F51C0032854EC656C25AC006CE22CC26CA4AC81E
:10F52C002E8BB28AB689EFE0DFCB09ED8944F2402D
:10F53C00624426854249D244B249224A924A024B3D
:10F54C00056182805C592A89C544F5F34D45EF501D
:10F55C007F991374F50F5145EF50DF98E38809FC40
:10F56C0083C78901E3E487FC1375F50FE360F5FCB1
:10F57C0093053005130540089710FB1FE780C0ABBF
:10F58C00232AA9022A84CD445DD113064008814563
:10F59C009710FB1FE78020CFA30104002301440137
:10F5AC00230264012310540123263407232404026C
:10F5BC00A30204008144E30C0AF62285EF001074C8
:10F5CC00AA8435D54A85EFF0CFA295B7397122DCE4
:10F5DC0006DE26DA4AD84ED652D456D25AD05ECE51
:10F5EC0062CC66CA0944630B061063090710AA8B28
:10F5FC003A89368BB28A2E8CEFE0BFBE2A8A5144F0
:10F60C00630E050E9305300541459710FB1FE780EF
:10F61C00A0A2AA894D447DC18344190083472900C7
:10F62C00A204C207BE9483470900BE9483473900E5
:10F63C00E207BE9483278A0263E697007D5709444C
:10F64C006399E70A63070C0083474A000544898BDA
:10F65C00CDC3930C4B00214681450A85C20C9710F3
:10F66C00FB1FE78040C293DC0C01930530056685D7
:10F67C009710FB1FE780409C2A8C4D443DC95A864D
:10F68C00D68511059710FB1FE78020C91146CA8546
:10F69C0062859710FB1FE78040C8414693058A019D
:10F6AC004E859710FB1FE78040C721478A866686E8
:10F6BC00E2854E85EF20E01D2A841DE521468A85D2
:10F6CC0028009710FB1FE78040C521469305490091
:10F6DC0028009710FB1FE78060BF8547631EF5026B
:10F6EC00A6855E85EF505FB662859710FB1FE7809D
:10F6FC00E0A24E859710FB1FE78040A22285F250B6
:10F70C006254D2544259B259225A925A025BF24B69
:10F71C00624CD24C216182800544F9B77971939780
:10F72C00050122D406D626D24AD04ECEC1872E84CD
:10F73C0063D50704B7240020938484D503C5340013
:10F74C00EF200FE02AC611CDEFF03F91B24519E53D
:10F75C0003C524009307F00F631EF5002E85EF20E0
:10F76C000FD22165218DB250225492540259F24984
:10F77C0045618280EF20CFE4EDB793F7150091C778
:10F78C00EFF04F9813451400F9BFA1E10145E1BF1B
:10F79C00850493F4F40FEFE0BFBEE3F9A4FE3395B8
:10F7AC0099001319050113590901B3772401EDD3FD
:10F7BC004A85EFE01FE7C167FD176305F500DD45DE
:10F7CC00EFF00F8B3345240179BF85448549E1B7B0
:10F7DC00B727002023A407D4B727002023AC07D2D7
:10F7EC0037070500B72700201307C7E123AA07D264
:10F7FC00B727002023A6E7D4370705009387C7D483
:10F80C00130787B2D8C337E704001307E77598C707
:10F81C0037170500B7270020130767DB23AEE7D2A5
:10F82C00371705009387C7D31307E791D8C337174A
:10F83C000500130727C098C78280B727002083C70D
:10F84C00C7D5A18B89C7B72700209387C7D4372783
:10F85C000020232CF7D201458280B727002083C7D4
:10F86C00C7D5918B89C7B72700209387C7D3372774
:10F87C000020232AF7D201458280011106CE2AC628
:10F88C00EFF01FF53245B72700209945A38DA7D47B
:10F89C00EFD04FA0F24037F504001305C58D05617C
:10F8AC006FE0BFAE1C5581C7A1473E858280011118
:10F8BC0022CC26CA2A84AE84130500049305300595
:10F8CC0006CE9700FB1FE780207708D46305051050
:10F8DC0013060004A6859710FB1FE780A0937854AD
:10F8EC008347270193F68700638E0610145483C652
:10F8FC002600A18A6388061083270408E9EF930584
:10F90C003005130500109700FB1FE780E0722320E1
:10F91C00A4088D4771C1A3020400785483C7140056
:10F92C008346170081EF81EE83C72400918BDDEBBA
:10F93C0083472701918BDDE7854711A889C62147AD
:10F94C00A302E40099C78347540093E70701A3027D
:10F95C00F4006C5483C72501858B91CF1C5405474B
:10F96C0083C727008D8B6398E7008347640093E778
:10F97C0017002303F4008327040899C78347640006
:10F98C0093E787002303F4008347540005476398EB
:10F99C00E70C930484004146814526859710FB1F94
:10F9AC00E780608E41468145130584019710FB1F4B
:10F9BC00E780608D1306C4033285C14532C6EF4023
:10F9CC001F99832704083246BDC72285EF00903F5C
:10F9DC009307000525CDA147F2406244D2443E85F1
:10F9EC000561828083C70400834607001547B387EF
:10F9FC00E70237D706001307C7B3BA97B69783C782
:10FA0C000700B1B783C6140091C68346170099C28C
:10FA1C00E14735BF83C62400D58F918B91DF83C717
:10FA2C000400834607001547B387E70237D7060063
:10FA3C00130707B2D9B722859306C402A685EFF047
:10FA4C00CF972285EF00903159F5C147035504003B
:10FA5C00A301F4008145EF508FE98147B5BF13F73F
:10FA6C00870149C3C18B930484004146A9CB890506
:10FA7C0026859700FB1FE780E079414681451305F9
:10FA8C0084019710FB1FE7800080834764001306F6
:10FA9C00C403328593E747002303F400C14532C603
:10FAAC00EF40FF8A8327040832468DC32285EF007E
:10FABC0070319307200505F1A301F40079BF81454E
:10FACC0026859700FB1FE780007C45BF9306C40288
:10FADC00A6852285EFF06F8E2285EF003028CD476A
:10FAEC0061DDD5BD094785456388E70093F7D70FDE
:10FAFC0011476397E700894503550400EF502FDF4A
:10FB0C008347640093E747002303F400832704082A
:10FB1C0081C7930710054DB7C54779BF83472500AB
:10FB2C0063830726797122D406D626D24AD083471E
:10FB3C003500130750052A84639FE70603497500B7
:10FB4C001306C503C14593573900AA97328583C460
:10FB5C00870032C6EF40AFFFB727002083A707F41A
:10FB6C00A9C79C47B9C30325040893767900B3D67B
:10FB7C00D4403246858A93050504180893E6060896
:10FB8C001305050882971375F50F05E141460C081E
:10FB9C001305C4029700FB1FE780C0672285EF00A6
:10FBAC00F01B93076005A301F400B2502254925449
:10FBBC00025945618280130710026395E7021C55B8
:10FBCC000327050883D7470069EB13F7071071C7A4
:10FBDC007855035747011377071061C393077002D9
:10FBEC00A301F4008347340013077002639FE70CF2
:10FBFC003C5885E39305300571459700FB1FE78062
:10FC0C00A04328D819C5714681459700FB1FE78092
:10FC1C0080672458B9C883C7A40191E72285EFF007
:10FC2C000F85238DA4002858814541469700FB1F62
:10FC3C00E780606528583D478345A5019387F5FF0C
:10FC4C0093F7F70F6364F700EF406FF0EF206FB19D
:10FC5C003C58A1452398A70013852701EF402FEFAF
:10FC6C002C5803550400EF00D04093078002035535
:10FC7C000400A301F400EFE0CFD6414611C5835731
:10FC8C00E50013D617003E96B727002003C5B7D55D
:10FC9C0006068545EF204FEA09BF13F7072011CB65
:10FCAC007854035747011377072001C79307900235
:10FCBC0005BF93F707409DD77C5483D7470193F733
:10FCCC0007408DD39307B00221BF13078002639BBB
:10FCDC00E7023C5889CB83D50701035504001386F2
:10FCEC002701EF00903E1C5483D7470013F70720E1
:10FCFC002DC37854035747011377072039CB93074B
:10FD0C009002B5B713079002639CE700EF40BF94D5
:10FD1C00AA8503550400EF00503A9307A00281BF57
:10FD2C001307A0026393E704EF405F92AA8585470F
:10FD3C0001456384F500814505452EC6EF401F8FB4
:10FD4C002A86B24503550400EF00B0331C5483D708
:10FD5C00470093F707408DC77C5483D7470193F72F
:10FD6C00074099CF9307B00219B71307B0026399F4
:10FD7C00E700EF40FF8EAA8503550400EF007038B2
:10FD8C009307F0020DB58280411122C4405926C25E
:10FD9C0006C67C54AA8483D7470113F7071019C7EA
:10FDAC00185403574700137707101DE313F7072068
:10FDBC0019C71854035747001377072011EB93F713
:10FDCC0007408DCF1C5483D7470093F707409DC73E
:10FDDC0093071002A301F4002285EFF03FD40347F0
:10FDEC0034009307F0026310F702224403D5240079
:10FDFC00B2409244814541016FE09FA79307F00206
:10FE0C00A301F400DDB7B240224492444101828048
:10FE1C00397122DC405926DA4AD84ED606DEAA8938
:10FE2C00AE843289630F043C0355250083570400CC
:10FE3C006384A700A14429A08347240091EB9D442F
:10FE4C00F250625426854259D254B25921618280B3
:10FE5C009387E5FF93F7F70F2D47E362F7FE37D74C
:10FE6C0006008A07130787B5BA979C438287B28529
:10FE7C002285EFF03FA3AA84E1B74146CA8513055A
:10FE8C00C4049700FB1FE780E03822851127AA8461
:10FE9C0011C1A14483473400130740056397E70061
:10FEAC0093079005A301F40061BF130760056395E8
:10FEBC00E7009307A005FDB7D147EDB79309C4053B
:10FECC004E854146CA859700FB1FE780A034032569
:10FEDC00040855C983473400130790056399E7005C
:10FEEC00228591279307E005A301F40059A8130775
:10FEFC00A0056394E7088347740013D73700229753
:10FF0C00834687009D8BB3D6F640B727002083A786
:10FF1C0007F4858A93E606F893F6F60F81DF9C4783
:10FF2C0091DB9305050818084E8613050504829786
:10FF3C009374F50FE39004F041460C081305C404C8
:10FF4C009700FB1FE7808038834774004D47850777
:10FF5C0093F7F70FA303F4006377F7002285E125ED
:10FF6C009307E00581B7B727002003C5B7D58545B2
:10FF7C00EF20AF9D9307500535B71307C005E381FC
:10FF8C00E7F6814475BD130984004E86CA85228527
:10FF9C001408EFE09FC241469305C404080897007B
:10FFAC00FB1FE780A032E30D05E88A861306C40325
:10FFBC00CE854A85EF1090040DE12285EFE03FCB12
:10FFCC00B72700202A8783A747D50355040081460D
:10FFDC0001468A858297AA8411C1A1449307200205
:10FFEC00D1B583450600EFE0BF8861BF03473400FD
:04FFFC009307200245
:020000025000AC
:10000000E315F7E47C5889EB9305300571459700BB
:10001000FB1FE780200368D86858E30805E24146E3
:10002000CA859700FB1FE780A01F64582285EFE078
:10003000DFC4238DA400930730026DBD0347340055
:1000400093073002E313F7E0835706006858214610
:10005000930529002318F50049059700FB1FE78049
:10006000201C7C5483D7470113F7270035CB185445
:1000700003574700098B2DC793074002A5BD0347CF
:10008000340093074002E312F7DC3C5C81EB8545CA
:100090005D459700FB1FE780E0FA28DC285CE30859
:1000A00005EE834709004146CA85230BF5009700FA
:1000B000FB1FE780E016930750022DBD0347340075
:1000C00093075002E313F7D8285C194693051900EB
:1000D00041059700FB1FE780A0147C5483D747019C
:1000E000918B9DCF1C5483D74700918B95CB930761
:1000F000600209B57C5C89EB93053005514597009A
:10010000FB1FE78020F468DC685CE30B05D2414606
:10011000CA859700FB1FE780A0107C5C7D5798CBB9
:100120004E85EFF03FC7A5B503250408130600046C
:10013000CA85130505049700FB1FE780600E228522
:10014000EFE0BFA483473400130700056395E70081
:100150009307400545B313071005639CE700B727D5
:10016000002003C5B7D58545EF10FFFE9307500566
:1001700051B313072005E39CE7E0B727002083A7CE
:1001800007F4E38F07CA9C47E38C07CA832504085A
:1001900093048400180893850508814626862E85D9
:1001A0008297035504001008A685EF40FFFD9307D2
:1001B000B00589B3034734009307E005E317F7C898
:1001C0008325040841464A859700FB1FE780C0103D
:1001D000AD44E30D05C6032504084146CA859700D2
:1001E000FB1FE780E0032285EFE03FA9B72700204F
:1001F0002A8783A747D52C5803550400814601461A
:100200008297AA8411C1A1449307100255B1AD474A
:10021000E39FF5D683460600835525001306650047
:1002200003450500EF408FFA9DB3894761C2DDCDDC
:100230002300A60083C70500A300F60083C71500AE
:100240002301F60083C72500A301F60083C735000C
:10025000A30206002302F60083D74500A183858B05
:10026000A302F60003D745001377072009C793E7D9
:100270002700A302F60083D7450093F7074099C7EC
:100280008347560093E74700A302F60083D7450053
:1002900013974701635807008347560093E7870089
:1002A000A302F6002303060083C74500858B2303C2
:1002B000F60003D74500098B09C793E727002303FE
:1002C000F60083D74500918B99C78347660093E773
:1002D00047002303F60003D745008147218B19C748
:1002E00003476600136787002303E6003E8582808C
:1002F0002E86AA8505456FF05FF32E86AA850945EF
:100300006FF0BFF289478DC505C5411106C6AE879E
:100310000D47AA852380E700138517004146970003
:10032000FB1FE780E0EFB24081473E8541018280BC
:100330003E85828089478DC505C5411106C6AE87B9
:100340001147AA852380E7001385170041469700CF
:10035000FB1FE780E0ECB24081473E85410182808F
:100360003E85828089478DC505C5411106C6AE8789
:100370001947AA852380E700138517004146970097
:10038000FB1FE780E0E9B24081473E854101828062
:100390003E85828089479DCD15CD411106C61D47FA
:1003A0002380E50003570500AE872146A380E500C2
:1003B0000357050021832381E5009305250013855C
:1003C00037009700FB1FE780A0E5B24081473E85DC
:1003D000410182803E85828089478DC505C54111D6
:1003E00006C6AE872147AA852380E700138517003C
:1003F00041469700FB1FE780A0E2B24081473E855F
:10040000410182803E858280894795C90DC941118D
:1004100006C625472380E50003470500AE87194639
:10042000A380E50093051500138527009700FB1FA7
:10043000E78000DFB24081473E85410182803E85F2
:10044000828089478DC505C5411106C6AE872947FB
:10045000AA852380E7001385170041469700FB1FFC
:10046000E78000DCB24081473E85410182803E85C5
:100470008280894795C50DC5411106C6AE873147B3
:10048000AA852380E7001385170013060004970050
:10049000FB1FE780E0D8B24081473E854101828062
:1004A0003E85828089478DC505C5411106C6AE8748
:1004B0003547AA852380E70013851700414697003A
:1004C000FB1FE780E0D5B24081473E854101828035
:1004D0003E858280894791C909C995472380F500E7
:1004E00083470500A380F50081473E8582808947C8
:1004F00091C909C9AD472380F50083470500A38052
:10050000F50081473E85828015C55D718A8586C666
:10051000A2C42A84EFE02FE203550400B7060500C9
:100520000A869386062F9D45EFE0CFD3B64026443A
:10053000616182800545828015C55D718A8586C6A8
:10054000A2C42A84EFE02FDF03550400B70605009C
:100550000A869386A62F9D45EFE0CFD0B64026446D
:1005600061618280054582805D71A2C49305C502E8
:100570002A8441460A8586C69700FB1FE78040CA49
:1005800003550400B70605000A8693864630C54524
:10059000EFE04FCDB6402644616182805D71A2C418
:1005A0009305C5032A8441460A8586C69700FB1F2A
:1005B000E78000C703550400B70605000A86938646
:1005C0004633C545EFE00FCAB640264461618280DC
:1005D000B727002083A707F4B1CB9C435D71A2C469
:1005E00086C62A841305E00F95CF032504089305DA
:1005F000050C1305050882978325040813060004DB
:100600000A85938505089700FB1FE78060C10355A5
:100610000400B7060500938626470A869305100452
:10062000EFE04FC4B6402644616182801305E00FBD
:100630008280317122DD2A840355050026DB06DF26
:100640004AD94ED752D556D35AD15ECF62CDEFD0CC
:100650001FBA3C58AA8489EB930530057145970071
:10066000FB1FE780209E28D82858CD470DC971462A
:1006700081459700FB1FE780C0C10329040722853D
:10068000EFE0AFDF230DA9008347240037290020C6
:10069000638A0712832709F485E39307E00FFA5072
:1006A0006A54DA544A59BA592A5A9A5A0A5BFA4B86
:1006B0006A4C3E852961828083AB0701E38F0BFC86
:1006C000032B0408EF305FF92A8C0145EF30DFF689
:1006D00083C754003858130B0B029309C403130A41
:1006E000C405938A64003AC0B337F0002A879308A0
:1006F00001045688B33680015286CE855A85829B86
:100700001C5403C727002307E10203C71700A306F1
:10071000E10283C707002306F102832709F4B5DF4E
:1007200003AB4701E30B0BF683C75400B337F0006C
:100730003ECEEF307FF2AA8B0145EF30FFEF03276B
:100740000408F2472AC03AC2B338700156887810BC
:10075000930684004E86D2858800029B7C5403C792
:1007600027012305E10203C71700A304E10283C7A1
:1007700007002304F102832709F403A94701EF309E
:10078000BFED2A8B0145EF303FEB83C854009C0836
:100790002A883EC2B3381001B3376001381093067F
:1007A00084015286CE8556C0880002990355040004
:1007B000B70605009386464A9008C545EFE08FAA24
:1007C000AA87F1BD83C65400832709F4032B0408CC
:1007D000B336D00083AB070136CEEF30FFE72A8C6B
:1007E0000145EF307FE53C58F246130B0B02130A2C
:1007F000C4059309C403938A64002A8893080104FA
:100800004E86D2853EC05687B33780015A85829B7B
:100810001C54130B010303C727002307E10203C77E
:100820001700A306E10283C707002306F10283270E
:1008300009F483AB470183C75400B337F0003ECEC1
:10084000EF309FE12A8C0145EF301FDFF2472AC0CD
:10085000B338800156887810930684004E86D2857E
:100860005AC28800829B8325040841465A85970016
:10087000FB1FE78060A6AD47E31205EE0DB5B70696
:1008800005002E8693864636C5456FE0AF9D5D71A7
:10089000B287A2C42300B1002A84BE8513051100CB
:1008A000194686C69700FB1FE7808097B7060500AC
:1008B0000A86228593868640A145EFE0AF9AB6402E
:1008C000264461618280B70605002E869386863DA8
:1008D000C5456FE02F995D71B287A2C42310B100A6
:1008E0002A84BE8513052100214686C69700FB1F7A
:1008F000E7800093B70605000A862285938646396D
:10090000AD45EFE02F96B640264461618280B70680
:1009100005002E8693862644C5456FE0AF94797115
:1009200022D406D626D283473500130730052A8401
:100930006384E708130750056396E7089307A0054B
:10094000A301F50083477500C14513D737002A97E7
:10095000834687009D8B1305C503B3D6F640858A71
:1009600093E606F893F6F60F36C6EF301F9FB246B1
:10097000B727002083A707F49DCB9C478DCB032589
:10098000040818081306C403930505041305050895
:1009900082971375F50F01ED1305C40241460C084B
:1009A0009700FB1FE780C0872285EFF0FFBBB250A6
:1009B000225492544561828093079005A301F5006B
:1009C00081467DB7130710026396E7027C55032723
:1009D000050883D747016316070E13F71700630254
:1009E000070E185503574700058B61CF9307200268
:1009F000A301F4008347340013072002639DE70E30
:100A00003C5889EB93053005714597F0FA1FE78054
:100A1000606328D82458C9C02285EFE00FA6238D33
:100A2000A4002858814541469700FB1FE780608657
:100A300028583D478345A5019387F5FF93F7F70FA6
:100A4000636DF702B727002083C707F5D5C341467A
:100A5000814508089700FB1FE780A083B725002089
:100A60001946938505C1080897F0FA1FE780407B77
:100A700030580C082E85EF102113EF104FCF3C5843
:100A8000A1452398A70013852701EF301F8D2C580F
:100A900003550400EFF0BFDE930730020355040056
:100AA000A301F400EFD0AFF4414619C10356E500AD
:100AB000B727002003C5B7D506068545EF109F88E8
:100AC000FDB513F7270009CB185403574700098BCE
:100AD00001C79307400229BF918BE38D07F01C5497
:100AE00083D74700918BE38707F09307600209B72C
:100AF000EF30BF8659B713073002639AE7023C58BC
:100B000089CB83D507010355040013862701EFF035
:100B10009FDC7C5483D7470113F7270021CF18545B
:100B200003574700098B39C79307400285BF130756
:100B30004002639CE700EF30DFB2AA850355040052
:100B4000EFF07FD89307500291BF130750026390D4
:100B5000E704EF307FB00DE9814505452EC6EF3043
:100B6000BFAD2A86B24503550400EFF05FD27C5436
:100B700083D74701918B9DC71C5483D74700918B26
:100B800095C39307600219BF85450145C1BF13078F
:100B900060026399E700EF307FADAA85035504003A
:100BA000EFF0FFD67C540327040883D7470119EFE1
:100BB00013F7071001CF1854035747001377071096
:100BC00011C793077002A301F400D5B313F70720F0
:100BD00011CB1854035747001377072001C7930719
:100BE0009002D5B793F7074091CB1C5483D74700A9
:100BF00093F7074081C79307B002F1B79307F0025C
:100C0000D9B7397122DC26DA4ED652D406DE4AD85C
:100C1000AE89328AAA84EFD08FDD405941468145A2
:100C20000A8597F0FA1FE780C06625C803590400BB
:100C3000631599060347340093071002631FF702F8
:100C40008327040899CF2C58A9C94A85EF10504929
:100C50000545F2506254D2544259B259225A216188
:100C600082808A861306C4059305C4031305840095
:100C7000EF0090391DE18A85C9BF2C5899CD83D7E3
:100C80000501639C47012146C9054E8597F0FA1F6F
:100C9000E780806419C12C584DBF2685EFD02FD531
:100CA0002A8405455DD44C54A1C983D705016395B9
:100CB00047052146C9054E8597F0FA1FE780C061B8
:100CC0008547631BF502B727002083C7379F91C76D
:100CD0004C5483C7B501639BA70CBD452685EF1017
:100CE000703AB727002083A747BC0145BDD31D45F7
:100CF000894582970145B1BFB727002003C717F583
:100D0000B7290020938949B9058B3E8931C3B7279C
:100D100000200347540083C747F4631BF702B7253D
:100D200000201946938555F41305640097F0FA1FC7
:100D3000E780805A8547631DF50083A7090381C7B3
:100D400091451D458297BD452685EF10B03309B703
:100D500037270020034707F583A7090331CB034753
:100D600019F5098B09CB81C795451D4582972685C5
:100D7000EF105037F1BD81C78D451D458297414623
:100D80008145080897F0FA1FE780A050B72500209A
:100D90001946938505C1080897F0FA1FE780404877
:100DA0000C082E850A86EF0031608A85268579BD7C
:100DB0008545C5FF6DBF797122D440594AD04ECECA
:100DC00052CC06D626D2AA892E8A3289630D046AAD
:100DD0000355250083570400638CA700A144B2503B
:100DE0002254268502599254F249624A4561828012
:100DF0008344240099C09D44DDB79387F5FF93F7A2
:100E0000F70F3147E369F7FE37D706008A07130764
:100E100087B8BA979C4382871C54E9F39305300541
:100E20001305000497F0FA1FE780C02108D45DD5B0
:100E300003470900914763F4E7008D444DB703472A
:100E400019008547E3EBE7FE13060004CA8597F017
:100E5000FA1FE780E03C0C547054A3020400D44114
:100E60005C4A858AFD8E83574601F99BD58F231AEC
:100E7000F600D841544AF59B0583058B8582F98E8F
:100E80008606DD8E231AD600DC41584AED9A898306
:100E9000858B09837D8F0A07558F231AE600D4417D
:100EA0005C4A5D9B8D82858A8D83F58F8E07D98FF5
:100EB000231AF600D841544A93F7F7EF2183058BA4
:100EC000A182F98EA206DD8E231AD600DC41584A93
:100ED000A583858B25837D8F9317970013F7F6DF06
:100EE0005D8F231AE600D4415C4AA982858AA983D2
:100EF000F58F9396A7009377F7BFD58F231AF60047
:100F0000D441584AAD82858A2D83758FFD769386AC
:100F1000F67F2E07F58FD98F231AF6008347260117
:100F200003250408A18B6387071083C72500A18BC5
:100F300063820710E31405EA9305300513050010DA
:100F400097F0FA1FE78000102320A408E30705EEBE
:100F50007C54A30204000347190083C6170089EAE2
:100F600045C38347540093E70701A302F40029A077
:100F7000A147A302F40075F72285EFF0EFDB6C5474
:100F800083C72501858B81CF1C5483C727008D8B98
:100F900099C78347640093E717002303F40083276E
:100FA000040899C78347640093E787002303F4008C
:100FB0008347540005476393E70C41468145130579
:100FC000840097F0FA1FE780C02C41468145130545
:100FD000840197F0FA1FE780C02BC1451305C403B5
:100FE000EF30AFB7032704089307000511E3C147AB
:100FF00003550400A301F4008145EF400F90C5B3F1
:1010000003C72701118B19E703472900118B19E347
:101010008547A1BF83C70700154783460900B387EB
:10102000E70237D706001307C7B3BA97B69783C747
:10103000070025BF19C597F0FA1FE780E00E2320AF
:1010400004087C5403C7170011C70347190019C3CC
:10105000E14721BF03C72701118B09E70347290097
:10106000118B5DD783C70700154783460900B387F7
:10107000E70237D70600130707B245BF13F787010A
:1010800031CFC18B130584004146A9C3890597F070
:10109000FA1FE780E018414681451305840197F067
:1010A000FA1FE780001F83476400C1451305C4038E
:1010B00093E747002303F400EF302FAA83270408A7
:1010C00081CF93072005A301F40011BB814597F060
:1010D000FA1FE780001CC1B7CD47F5B7094789451E
:1010E0006386E70011476398E700854503550400D0
:1010F000EF40AF8021A01947E389E7FE83476400F2
:1011000093E747002303F4008327040881C793076C
:10111000100555BFC54745BF4146CA851305C404E0
:1011200097F0FA1FE780C00F83473400130760056C
:10113000639CE700B727002003C5B7D58545EF10AE
:101140008F819307500541B745476383E7029306B4
:10115000C4021306C403930584002285EFD0BFA602
:101160002285EFF06FC0AA8411C1A144D147A1BF6D
:10117000C94791BF9309C4054E854146CA8597F07A
:10118000FA1FE780E0090325040861CD8347340096
:10119000130790056398E7002285EFF02FC09307AF
:1011A000E00515B71307A005639EE706B7270020E3
:1011B00083A707F4E38107C403A88700E30D08C2EF
:1011C00083477400930505084E8613D7370022978E
:1011D000834687009D8B0A87B3D6F640858A93E6BF
:1011E000060813050504029841468A851305C404C0
:1011F00097F0FA1FE780400E11E1D2842285EFF0CC
:10120000EFB983477400CD461307E005850793F7D0
:10121000F70FA303F40063E4F60013076005A301CE
:10122000E40075BE1307C005E39BE7BAB7270020AB
:1012300083A707F4E38107BC9C47E38E07BA9305B5
:101240000508130984000A8781464A862E858297FD
:10125000035504000A86CA85EF301FF39307B005D3
:101260009DB58A864E86930584002285EFD0BF9572
:1012700041469305C4040A8597F0FA1FE780C0052C
:101280008547D284E31DF5B42285EFF02FB1AA84FF
:10129000E31605B4930710023DB5034734009307E6
:1012A0007002E31AF7B47C5889EB93053005714559
:1012B00097F0FA1FE78000D968D86858E30D05B2A7
:1012C000CA85414697F0FA1FE78080F50329440755
:1012D0002285EFD09F9A230DA90093078002E5B3E2
:1012E0000347340093078002E317F7B083570600E3
:1012F00068582146930529002318F500490597F001
:10130000FA1FE780E0F17C5483D7470113F70720E9
:1013100025CF1854035747001377072035C7930785
:10132000900255B30347340093079002E315F7ACDE
:101330003C5C89EB930530055D4597F0FA1FE7802B
:1013400060D028DC285CE30805AA4146CA8597F0EE
:10135000FA1FE780E0EC9307A002B5B3034734001F
:101360009307A002E319F7A883470600285C1946F3
:1013700093051900230BF500410597F0FA1FE7804C
:1013800020EA7C5483D7470193F70740B1C71C5428
:1013900083D7470093F70740A1C39307B00225B353
:1013A000034734009307B002E317F7A47C5C89EB92
:1013B00093053005514597F0FA1FE780A0C868DC17
:1013C000685CE30D05A04146CA8597F0FA1FE780E7
:1013D00020E57C5C7D5798CB03D529008145EFD073
:1013E000EFC9F5BA034734009307F004E3F8E79E2A
:1013F00003250408E304059E13060004CA851305AB
:10140000050497F0FA1FE780A0E12285EFF04F9CDA
:10141000AA842285EFD06FF78347340013070005B5
:10142000639FE700B727002003D6E90003C5B7D5BF
:1014300085450606EF001FF19307300569B11307D4
:1014400010056395E70093076005B5B913072005FC
:10145000E397E7989307C005BDB1034734009307AE
:10146000E005E31DF796032504084146CA8597F079
:10147000FA1FE780E0DA2285EFF0AF9BAA8419BD5E
:1014800083450600A9BF85478144E39AF594032864
:1014900046008347360003472600834616008355DF
:1014A0002500034606000145EF30EFC80DBA81471D
:1014B000C1463307F500B388F5000347070083C82A
:1014C00008003308F6008507334717012300E800BA
:1014D000E391D7FE82800147BD471308F00F330622
:1014E000F50083460600B388F500FD178606558F84
:1014F0002380E8000347060093F7F70F1D83E3906E
:1015000007FF82808147930800F8414893F6F70F60
:101510003387F50063FCC600B306F50083C60600FA
:101520002300D7008507E39307FF82806395C600F9
:1015300023001701C5BF23000700EDB701114AC8FA
:1015400056C22E89AA8A93053005414506CE22CC83
:1015500026CA4EC652C4328A97F0FA1FE78080AE80
:10156000AA8493053005414597F0FA1FE78080ADC6
:101570002A84CD49A5C431CD4146814597F0FA1F53
:10158000E78020D12686A2855685EF00E161AA89F1
:1015900029E18387040063D30706A2852685EFF03F
:1015A0009FF3B7D506004A869385C5BB2285EFF029
:1015B0001FF08307090063D80704A2854A85EFF06E
:1015C0009FF1B7D5060052869385C5BB2285EFF003
:1015D0001FEE268597F0FA1FE78000B511C422851B
:1015E00097F0FA1FE78040B4F24062444E85D2443F
:1015F0004249B249224A924A05618280CA852685BB
:10160000EFF07FED7DB7D2854A85EFF0DFECD1B703
:1016100081474146B306F5003387F50003470700CD
:1016200003C806008507334707012380E600E393DC
:10163000C7FE8280011126CA4EC6AE84AA899305D0
:101640003005130500034AC806CE22CC328997F034
:10165000FA1FE780209F2DC51306000381452A84C9
:1016600097F0FA1FE780E0C24146CE85228597F0C9
:10167000FA1FE78040CBA6850D461305D40197F0ED
:10168000FA1FE78040CA130604029305040122856D
:10169000EF008151AA840D469305D4024A8597F044
:1016A000FA1FE78040C8228597F0FA1FE780C0A79D
:1016B000F240624426854249D244B24905618280A3
:1016C000CD44FDB75D714EDE62D4AE892A8C9305A0
:1016D000300513050003A6C2CAC052DC56DA5AD838
:1016E0005ED686C6A2C4B28B368BBA84BE8A4289C5
:1016F000468A97F0FA1FE780E09463050510130609
:10170000000381452A8497F0FA1FE78080B841469C
:10171000E285228597F0FA1FE780E0C041468145C7
:101720000A8597F0FA1FE780C0B61D46DE850A8558
:1017300097F0FA1FE78020BF1D46DA851305710078
:1017400097F0FA1FE78020BE33392001B3349000B0
:1017500041468145080823072101A307910097F01E
:10176000FA1FE78000B31946D685480897F0FA1F9C
:10177000E78060BB1946D2851305A10197F0FA1FD7
:10178000E78060BA930404014146CE85268597F030
:10179000FA1FE78040B98A852685EFF07FE7930935
:1017A00004024E86A6852285EF0001402A890DE9B4
:1017B0004146CE85268597F0FA1FE78060A60C0883
:1017C0002685EFF0FFE44E86A6852285EF00C13D19
:1017D0002A8946454146CE8597F0FA1FE780A0B496
:1017E000228597F0FA1FE7802094B64026444A8568
:1017F00096440649F259625AD25A425BB25B225C65
:10180000616182804D49D5B7011126CA52C4AA84AC
:101810002E8A13050003930530054AC84EC606CE2E
:1018200022CC3289B68997F0FA1FE780A08135C5AE
:101830002A84A685414697F0FA1FE780C0AE93043C
:1018400004012146D285268597F0FA1FE780A0ADD6
:10185000CA8521461305840197F0FA1FE780A0ACE2
:1018600013090402A6854A862285EF00E133AA8483
:101870004146CA854E8597F0FA1FE780C0AA2285A7
:1018800097F0FA1FE780408AF24062442685424979
:10189000D244B249224A05618280CD44F5B73971FC
:1018A0005AD05ECE2A8BAE8B41459305300506DEBD
:1018B00026DA52D456D262CC66CA6AC8368C328DC9
:1018C000BA8C22DC4AD84ED697E0FA1FE7808077A0
:1018D000AA8A93053005414597E0FA1FE780807694
:1018E0002A8ACD44638E0A0859C52A86D6855A8528
:1018F000EFF0DFC4AA8441E193053005414597E04C
:10190000FA1FE78020742A8993053005414597E046
:10191000FA1FE7802073AA89630A090E6306050E81
:101920001304FD0011841376FD0049C07D144204A8
:10193000418035EE131544004E86D6855E95EFF056
:101940001FB7414681454A8597F0FA1FE7806094AA
:10195000014D93170D01C18363F48708BDC04A850B
:1019600097E0FA1FE780407C638709004E8597E087
:10197000FA1FE780607B568597E0FA1FE780C07A00
:1019800063070A00528597E0FA1FE780E079F2507A
:10199000625426854259D254B259225A925A025B55
:1019A000F24B624CD24C424D2161828001441315AE
:1019B00044008A855E95EFF0FFB44E86D2850A8595
:1019C000BDBF93154D000A86DE954A85EFF03FAE08
:1019D0004A868A855A85EF00211DAA84050D95BF88
:1019E000BDFC0A86CE854A85EFF07FAC4A868A85A3
:1019F0005A85EF00611BAA846686CA85628597F0C6
:101A0000FA1FE780E081A1BFCD4491BFCD44A9BFBB
:101A1000397162CC2A8C594526DA4AD84ED652D42E
:101A200056D25AD05ECE06DE22DCAE8B328BB68A20
:101A30003AC63E8AC289468983440104EF000FAA50
:101A400049C19167938717E92310F5008547230162
:101A5000F5002A8432472105630C0C049307100318
:101A6000A301F4001946814597F0FA1FE7806082D0
:101A700023036401A3035401230A94002312740175
:101A8000231744012318340123192401A285B72701
:101A900000206254F250D2544259B259225A925AFA
:101AA000025BF24B624C03C587D521616F000FB218
:101AB000A30104001946BA8597E0FA1FE780407633
:101AC00045BFF2506254D2544259B259225A925AE6
:101AD000025BF24B624C21618280797156CAAA8AFC
:101AE0001305100326D24AD04ECE52CC06D622D4AD
:101AF0002EC6328AB684BA893E89EF002F9E2DC148
:101B0000B2453746020193078500130616E92A8479
:101B10005CC110C123045501A304B5001946D28548
:101B2000290597E0FA1FE780A06FCE85230894006F
:101B300013051401268697E0FA1FE780606E2308DC
:101B40002403A285B72700202254B2509254025990
:101B5000F249624AD24A03C587D545616F000FA793
:101B6000B250225492540259F249624AD24A456113
:101B70008280011122CC2A84314506CE2EC632C481
:101B800036C23AC0EF008F9529C19167938717E954
:101B90002310F500B2452246924602478D472301A5
:101BA000F500A30185006244B72700202312B50089
:101BB0002313C5002314D5002315E500F240AA85A0
:101BC00003C587D505616F006FA0F24062440561CF
:101BD000828001114AC82A89394526CA06CE22CCFC
:101BE0002EC6B284EF008F8F31C1B24591679387C3
:101BF00027E92310F50091472301F500A3012501F2
:101C00002312B5002A84A6851905214697E0FA1FFC
:101C1000E7800061A285B72700206244F240D244E9
:101C2000424903C587D505616F004F9AF24062446F
:101C3000D24442490561828001114AC82A8941453E
:101C400026CA06CE22CC2EC6B284EF002F8929C127
:101C50009167B245938727E92310F50095472A84B9
:101C60002301F500231225012146190597E0FA1FEB
:101C7000E780005BA28523179400B7270020624409
:101C8000F240D244424903C5B7D505616F000F94B5
:101C9000F2406244D244424905618280011122CC63
:101CA0002A84394506CE2EC632C436C23AC0EF0069
:101CB000EF8229C19167938717E92310F500B24598
:101CC00022469246024799472301F50023128500D8
:101CD000B727002062442313B5002314C500231541
:101CE000D5002316E500F240AA8503C587D5056116
:101CF0006F00CF8DF240624405618280797122D4F9
:101D000006D62A842EC632C436C23AC0EFC02FCEC1
:101D10001DC1B245224692460247231CB100231D35
:101D2000C1002C081306F00F2285231ED100231FAB
:101D3000E100EFC0AFBAB250225445618280011178
:101D400022CC2A84394506CE2EC632C436C23AC0C9
:101D5000EFF0DEF829C19167938717E92310F500AA
:101D6000B2452246924602479D472301F5002312C1
:101D70008500B727002062442313B5002314C50053
:101D80002315D5002316E500F240AA8503C587D5A3
:101D900005616F00AF83F2406244056182805D712E
:101DA0002AC613052002CAC04EDE52DC56DA5AD8C3
:101DB0005ED662D466D26AD086C6A2C4A6C26ECEF1
:101DC0002E8CB28B368B3AC43E8DC28CC68A035A97
:101DD00001058359410503498105EFF03EF069C5CE
:101DE00091663243938616E9A9472A842310D500C9
:101DF0002301F500930DE4002105930444012247DB
:101E0000630D030693071003A301F40019468145EF
:101E100097E0FA1FE780E047194681456E8597E015
:101E2000FA1FE780004719468145268597E0FA1F8B
:101E3000E780204623037401A303640123002403E5
:101E400023128401231D5401231E4401231F340146
:101E5000A285B72700202644B64096440649F25989
:101E6000625AD25A425BB25B225C925C025DF24DD6
:101E700003C587D561616FF07EF5BA85A3010400C3
:101E8000194697E0FA1FE780A039EA856E85194662
:101E900097E0FA1FE780C0381946E685268597E067
:101EA000FA1FE780E03779B7B640264496440649E2
:101EB000F259625AD25A425BB25B225C925C025D7A
:101EC000F24D6161828079715EC6AA8B61454ECE0A
:101ED00052CC56CA5AC862C406D622D426D24AD098
:101EE0002E8BB28A368ABA893E8CEFF03EDF2DCD3A
:101EF00037470B01130717E913048500AA8418C19B
:101F000040C101491305240023007401A3006401AA
:101F10001946D68597E0FA1FE780803013059400B4
:101F2000230444011946CE8597E0FA1FE780402F2D
:101F3000A307840103C7340005091379F90F41048D
:101F4000E362E9FC2254B7270020B2500259F2495B
:101F5000624AD24A424BB24B224CA68503C587D572
:101F6000925445616FF09EE6B25022549254025949
:101F7000F249624AD24A424BB24B224C45618280BE
:101F8000011122CC2A84214506CE2EC632C436C287
:101F9000EFF0DED415CD224692469167938717E97C
:101FA0002310F500B245B1472301F500A3018500D8
:101FB0002303C500A303D5006244B72700202312E2
:101FC000B500F240AA8503C587D505616FF01EE014
:101FD000F2406244056182805D71A6C28344C105FE
:101FE0002AC6CAC0138544024EDE52DC56DA5AD8DD
:101FF0005ED662D466D26AD06ECE86C6A2C42EC425
:10200000B28D368DBA8C3E8CC28B468B835A0105BD
:10201000034A4105E6490659EFF05ECC49CD32430B
:10202000A24537460D0193078500130616E92A8459
:102030005CC12304650010C1A304B5001946EE85F8
:10204000290597E0FA1FE780A01DCE852308A4018B
:10205000A308940123098401A3097401230A6401DC
:10206000231B5401230C440113059401194697E0E6
:10207000FA1FE780E01A13054402A30F940008D06A
:10208000CA85268697E0FA1FE7808019A285B727C0
:1020900000202644B64096440649F259625AD25A64
:1020A000425BB25B225C925C025DF24D03C587D558
:1020B00061616FF0BED1B640264496440649F2599C
:1020C000625AD25A425BB25B225C925C025DF24D74
:1020D00061618280411126C2AA84514506C622C48C
:1020E000EFF0DEBF49C19167938717E92310F50030
:1020F000B9472301F50083C714002A84938564003F
:10210000A301F50083C7340003C724002105A207FB
:10211000D98F231EF5FE83C744001946230FF5FE11
:1021200083C75400A30FF5FE97E0FA1FE780400F26
:1021300083C7C400A2852307F40083C7E40003C754
:10214000D400A207D98F2318F40083C7F400230911
:10215000F4002244B7270020B240924403C587D53B
:1021600041016FF0BEC6B2402244924441018280D8
:1021700079714AD037290020930889D506D622D410
:1021800026D24ECE52CC56CA5AC85EC662C403C3CB
:1021900078009308F00F630013092A8C1385070158
:1021A000C289BE843A8AB68A328BAE8BEFF01EB3F8
:1021B0002A8435C19307000D2310F500D947230168
:1021C000F5002312850123037501A3036501230490
:1021D0005501A304450123059500130989D58DC830
:1021E000410548C42686CE8597E0FA1FE780400364
:1021F000A285225403457900B25092540259F24903
:10220000624AD24A424BB24B224C45616FF01EBC2F
:1022100023260500F1BFB250225492540259F249CC
:10222000624AD24A424BB24B224C456182804111F4
:1022300022C42A84194506C6EFF05EAA0DC591672F
:10224000938717E92310F500C1472301F5002312F6
:102250008500B72700202244B240AA8503C587D550
:1022600041016FF0BEB6B24022444101828041116B
:102270000D4506C6EFF09EA60DC5930710F9230085
:10228000F5009307E003A300F500C5472301F5001F
:10229000B7270020B240AA8503C587D541016FF05A
:1022A000FEB2B24041018280011122CC2A8429452C
:1022B00006CE2EC632C436C2EFF05EA215CDB245B0
:1022C00092469167938717E92310F5002246C94784
:1022D0002301F5002302B500A30185002304D500E6
:1022E0006244B72700202313C500F240AA8503C526
:1022F00087D505616FF09EADF24062440561828032
:1023000001114AC82A892D4526CA06CE22CC2EC6DE
:10231000B284EFF0BE9C29C5B245930710F92300A3
:10232000F5009307E003A300F500CD472301F50076
:10233000A30125012302B5002A84A68515051946A7
:1023400097E0FA1FE780C0EDA285B727002062441E
:10235000F240D244424903C587D505616FF01EA7FC
:10236000F2406244D244424905618280011122CC8C
:102370002A84214506CE2EC6EFF05E9605C9B245E9
:102380009167938717E92310F500D1472301F500E2
:102390002303B50023128500B72700206244F240D2
:1023A000AA8503C587D505616FF05EA2F24062443D
:1023B00005618280011122CC2A84214506CE2EC6D9
:1023C00032C4EFF0BE911DC52246B24593071059A5
:1023D0002310F500230185002303C5006244B727BD
:1023E00000202312B500F240AA8503C587D50561F8
:1023F0006FF0DE9DF240624405618280011122CCC3
:102400002A84214506CE2EC632C4EFF03E8D1DC96A
:1024100022469167938727E92310F500B245A1472B
:102420002301F50023038500A303C5006244B727F9
:1024300000202312B500F240AA8503C5B7D5056177
:102440006FF0DE98F240624405618280011122CC77
:102450002A84314506CE2EC632C436C23AC0EFF0C9
:10246000FE8715CD22468567B2459246024793877F
:1024700017C92310F500230185002303C50062441A
:10248000B72700202312B5002314D5002315E5003B
:10249000F240AA8503C587D505616FF03E93F240EF
:1024A000624405618280011126CAAE844AC82A8925
:1024B0001385C40006CE22CC32C6EFF03E821DCD7D
:1024C0008567938717E9B2452310F500230195002E
:1024D000231225012A84310508C4268697E0FA1FB5
:1024E000E78000D4A285B72700206244F240D2449E
:1024F000424903C587D505616FF05E8DF2406244A5
:10250000D244424905618280011122CC2A841945B6
:1025100006CE2EC6EFF08EFC05C98567938717F9A6
:102520002310F500B2458547A301F500230185007E
:102530006244B72700202312B500F240AA8503C5E4
:1025400087D505616FF09E88F24062440561828004
:10255000411122C42A840D4506C6EFF02EF805C5A8
:10256000930710F92300F500E947A300F5002301C4
:1025700085002244B7270020B240AA8503C587D52D
:1025800041016FF0BE84B2402244410182800111BA
:1025900022CC2A84214506CE2EC6EFF02EF40DC99A
:1025A0009167938727E92310F500B245930700034D
:1025B0002301F500230385006244B727002023127E
:1025C000B500F240AA8503C5B7D505616FF01E803E
:1025D000F2406244056182800111214506CE2EC67B
:1025E00032C4EFF0AEEF05C98567B2452246938746
:1025F00007392310F50085472301F500B727002090
:102600002312B5002313C500F240AA8503C507CCE9
:1026100005616FF0AEFBF24005618280397122DC0A
:102620001304F5FF4AD852D456D25ECE420406DED9
:1026300026DA4ED65AD0894B2A8A3289B68A418008
:1026400063967515B72B002083C78BA85E8B8944D2
:102650008DCF83C9160083C706009144A209B3E950
:10266000F900B727002083D747BAF51763DFF900D1
:102670009307C6FF639DF90831452EC6EFF00EE6BD
:102680002A84B24519ED9304F00FF2506254268566
:102690004259D254B259225A925A025BF24B2161EA
:1026A00082804209135909012302B5002313250131
:1026B000930700F91509A1652310F50023114501C1
:1026C00085054A8597E0FA1FE780C09708C415C9B9
:1026D00083C78BA89385EAFF13562900FD1723842F
:1026E000FBA897E0FA1FE78080B71C44A285890702
:1026F0001CC4B727002003C507CCEFF02EED8144A2
:1027000069B7228597E0FA1FE78000A2ADBF930763
:10271000D6FFE3CAF9F6B1473304F402B724002028
:1027200083A744CCA29703C7A70019C7884309C54C
:1027300097E0FA1FE780409F13854900A165420595
:102740008505418103AA44CC97E0FA1FE780808F7A
:1027500083A744CC229A2320AA00A297884305D5B8
:1027600005472385E70083478BA84A86D685FD1752
:102770002304FBA897E0FA1FE78080AA83A744CC34
:102780003E94231324012312340195BF8547E39C13
:10279000F5EEB1473304F402372B002083274BCCEE
:1027A000DA89A29703D76700884345CB83D74700D0
:1027B000B306C700910763C2D70A3A95D68597E05A
:1027C000FA1FE780E0A503274BCC8144229783576B
:1027D0006700CA97C207C1832313F7000357470056
:1027E0001107E394E7EA3145EFF04ECFAA8521C106
:1027F000930700F92310F50083274BCC23027501C2
:1028000023114501A29703D767009C432313E500DA
:102810001CC5B727002003C507CCEFF02EDB8327AC
:102820004BCC3E942313040023050400B9BD832739
:102830004BCCA297884311C997E0FA1FE780C08E5E
:1028400083274BCCA29723A0070083A749CC3E94B3
:1028500023130400230504005DB511C997E0FA1F96
:10286000E780808C83A749CCA29723A0070083A789
:1028700049CC85443E94231304002305040031B55C
:102880006F20F17D6F20317F6F3001566F30510224
:102890006F30E101411106C6EF20317EB2400145A3
:1028A000410182806F3041036F3061056F30A108B4
:1028B0006F30C10A6F30C10C6F30C10E6F30A11084
:1028C0006F30A1126F30A1146F3041166F30411874
:1028D0008347160003460600A2075D8E6F308119FC
:1028E0006F30C11A6F30811D6F30C1496F30A14CFC
:1028F0006F30A1526F30C1546F30E1566F300159C3
:102900006F30215B6F30415D03430100030E4100D6
:10291000834E8100034FC100834F01018342410177
:10292000834381017EC816CA1ECC7AC676C472C2A1
:102930001AC06F30615C6F3061616F3081636F30DE
:10294000A1656F30C1676F30E1696F30016C6F3026
:10295000216E6F3041706F3061726F50D14A6F508D
:10296000B15C6F50315F6F3061756F3081776F5040
:10297000B166411122C406C62A8483576500034705
:102980004500834655000346250083453500035521
:102990000500EF50917811E9834584000355040048
:1029A0002244B24041016F606103B24022444101C0
:1029B00082806F50117D6F6081081307A5FF420769
:1029C00085672A8841831385A7C7636CE50213874F
:1029D00007C801456368B70263E605031307301FA4
:1029E0006362C702138766FF42074183938767C705
:1029F00063EAE70005063306B6028E063325D600E5
:102A0000828001458280B7D6060081479386C6BC86
:102A10001308F00F3387F60003460700131706016B
:102A200041836364E50063130601828003D60500D9
:102A30006365C7002390E5008280850793F7F70F51
:102A4000D1BF41119397050122C406C626C2C18792
:102A50002E8463D50702EFF06EAFAA8409CD8347B9
:102A60000500054793C707086364F700EFA07011DE
:102A70002685EFF08EA12165218D21A893F7150001
:102A800091CFB727002083A747DD91C382971345D5
:102A90001400B240224492444101828093F7250001
:102AA00091CBB727002083A787DD91C38297134579
:102AB0002400C5B793F7850099CBB727002083A7DB
:102AC00047DEBC5B91C3829713458400D9B793F767
:102AD000450099CBB727002083A747DEFC5791C359
:102AE00082971345440075B793F7050281CFB72746
:102AF000002083A787DF83A7070991C38297134527
:102B0000040241BF93F7050181CFB727002083A7B7
:102B100087DF83A7C70891C382971345040195BF38
:102B2000939725010145E3D607F6B7270020938741
:102B300087D683C6770003C6670083C5570003C5E1
:102B40004700EF30017E096505BF411126C2B72756
:102B50000020B724002013068012814522C423AE32
:102B600007F22A84B7270020138584D606C623AA35
:102B700007E84AC097D0FA1FE780A0710145EF30FF
:102B8000A0180145EF30801FB7270020A38F87B220
:102B9000B707D707138484D6B1075CC8B7C70C0C36
:102BA000938707141CCCB7C7D707938707145CCC4F
:102BB000F177938707147D472310F4022320E40E56
:102BC00081470327040D2322F40EB7772D04938742
:102BD000F71F5D8F8327440D37290020130949B95A
:102BE00093E7E709232AF40C232EF40C8347E9002A
:102BF0002328E40C232CE40CA30EF40AA302F40C07
:102C0000F977FD172313F4102314F410FD4723055F
:102C1000F41093073030231DF402231EF402A30C9A
:102C20000402EFF0FEF69307C01C231DF406835741
:102C3000490003570901A301A400A983A302F408D2
:102C40009306B00F938784D663F4E6001307B00FA2
:102C500093150701C1811386E50093163600C2065D
:102C6000C1822395E7022397E7022396D702239890
:102C7000D7026D45938484D663F3A5006D472391F5
:102C8000E40293058014368763F4B60013078014BA
:102C90002392E7022394E7020547A38FE702370751
:102CA00003001307C71CB8C33717070613070744E9
:102CB000B8C7370716000E061307079023A20704AC
:102CC0002393C702D8DBEFF09038EF502005EFE0F8
:102CD00050342244B2409244024941016FA07043F3
:102CE000397122DC3704400026DA4ED6AE84AA8938
:102CF0009305E4FF054506DE4AD8EFF05EF2498C05
:102D0000131704014183218393178400135904018D
:102D1000D98F231601001379F90F10088A854E8583
:102D20002317F100A306210102C002C202C402C897
:102D300002CA02CC02CEEFE030678347E1010347CD
:102D4000D101A3818400A2074207BA970347F1018A
:102D5000218023828400BA97F25062542380F400C9
:102D600013D78700C183A3822401A380E4002381B9
:102D7000F4004259D254B25921618280B725002013
:102D800037250020011119469385C5BA130505E5BD
:102D900006CE22CC26CA4AC891644EC697D0FA1FE6
:102DA000E78000489385F4FF0145EFF01EE52A8493
:102DB000FD550145EFF0BEE6A287FD147D5933F7BE
:102DC0009700B366E500D5CA631425016307970A27
:102DD00037240020130784D6230CF70EA18393E732
:102DE00007FC9169C164232AA70EA30CF70E1304F4
:102DF00084D6FD19FD14CE850145EFF01EE02A8929
:102E0000FD550145EFF0BEE1B3672501EDD7FD5754
:102E10006314F500E30139FF93570501230EF40E07
:102E200093578501A30EF40E8317840E231DA40E61
:102E3000230F240F4205135989001379F9034185A3
:102E4000A30F240F658DE58F6312F5020317C40FDE
:102E50008317A40E658FE58F631AF7000317E40F3D
:102E60008317C40E658FE58FE307F7F8F2406244DD
:102E7000D2444249B24905618280A6850145EFF0FE
:102E8000DED72A84FD550145EFF07ED9A28705BF24
:102E9000411126C2B724002006C622C44AC0938727
:102EA00084D603C7E70383C7F703636AF7000144C7
:102EB0002285B240224492440249410182802A89FB
:102EC000930510201305800B97D0FA1FE780801719
:102ED0002A8471DD1306800B8145938484D697D0B4
:102EE000FA1FE780003B63150900C1572304F40073
:102EF000BC4CB5E3E0C8A0CCE0CC2320040085475F
:102F0000238FF4028547A304F400930700F9A30577
:102F1000F400B7270020938787EB9853DC5378C4DD
:102F20003CC8FD57230BF400A30EF40683C7A4048A
:102F30002306F40AB727002003C587BA2304A40692
:102F4000EFE0706E83476406A30AA40093E737009E
:102F50002303F406B1BFFC4C80C3E0CC2320040063
:102F600083C7E403850769BF011152C4372A0020D3
:102F700083270AEE06CE22CC26CA4EC656C21307B7
:102F800080074AC82A84F8D30945EFF0402FB729B3
:102F9000002083A749EBB72A002037063300D85713
:102FA000930530020545719B13671700D8D79843E6
:102FB0001377F7CF98C398431377F7CF136707209A
:102FC00098C303A74AF31447D18E03260AEE14C709
:102FD000B70603009386862534CA5457F59A54D70A
:102FE0000347E4079376F7079843137707F8558F5D
:102FF00098C3EFF05EBE64449D472308F400230F9E
:10300000A4062380F4008547A38104002381F400F3
:103010007C4893F707209DCB9147A381F400834719
:10302000E40A8346D40A78449A07D58F2302F7002E
:1030300083C72400814685072381F4000346040BDF
:103040008345D40A0345E40AEFF0200C7C4893F74B
:103050000740B1C303C734007C4483C62400136710
:103060008700A381E4000357A408B697A381E70073
:1030700083C7240078448346F4073E978357A40807
:103080009206A183BD8BD58F2302F70083C724004E
:1030900089072381F40083C52400835644089307DD
:1030A000D00F372700208D8F130787D663DED722F6
:1030B000034604088546930780426305D60085676A
:1030C00093878784F9469387371AB3C7D702034695
:1030D000870713660601230CC70603270AEE41661D
:1030E00010C7B386D702860634D383C6340093E66E
:1030F0000601A381D40078448346E4072E97A301F8
:10310000D70083C62400784436972302F70003C70C
:1031100024007C44BA97034704081607A382E700FB
:1031200083C724008D072381F4008347040693F7A7
:10313000070485C703C734007C4483C62400136793
:103140000704A381E40003475401B697A381E70075
:1031500083C7240085072381F4008347C4070547FC
:10316000C11793F7F70F6366F70603C92400B72565
:1031700000201546930739000329C4049385E5E62A
:103180003E99A1472300F90093078002A300F900AC
:103190001305290097D0FA1FE78080080347C4076A
:1031A000C147631AF71483578408A1072311F40851
:1031B000C547230EF40683472408A303F900835769
:1031C0002408A1832304F90083C72400A5072381D1
:1031D000F40003564408014931C203C7240068447F
:1031E0008325840A930737003E9583C73400C18B3B
:1031F000638D071079593309E9401379F90F4A862D
:1032000097D0FA1FE780C0018327840ACA973CDC65
:1032100083574408B38727412319F40603C72400C2
:103220009377F70385073E991379F90FA3082401D3
:103230002381E4007C44A380270183260AEE9307C0
:1032400070F9A305F400DC42F99BDCC2B72700202B
:1032500083A7C7F3F1C30347A40003A549EB3706CF
:103260000082BA9783C7070058557D16939587014A
:1032700093F7F703E185E607718FD98F5CD51307C4
:10328000A00383A74AF36357B70AF84F370600072E
:10329000518FF8CF0327C40883A749EB37550500A2
:1032A000814598C70327040913058551D8C3B7275B
:1032B0000020938787EBA3810700238207007C44CB
:1032C000BCDEEFF0EED503461401834504086244EA
:1032D000F240D2444249B249224A924A014505612C
:1032E00017E3FA1F670043268347870793F7F70E14
:1032F000230CF7061DBD0357840883572408998FB4
:103300000947E34AF7EAC9476DB597D0FA1FE78046
:1033100020F10349440819B78305840603A549EB46
:103320003706008293F7F503139797015C557D16D6
:10333000F18FA1B713072002635AB700F84F370681
:1033400000F97D16718F3706000599B7370700F928
:103350001306F7FFF84F6945718F37060003E349FD
:10336000B5F2370600012DB7B726002083A506EE7B
:10337000411122C426C206C64AC093078007FCD169
:10338000B727002083A747EB2A8437053300D85797
:10339000719B13671700D8D798431377F7CF98C35B
:1033A00098431377F7CF1367072098C33727002078
:1033B000032747F31047498E10C73706030013064B
:1033C0008625B0C95057759A50D70347E40713763E
:1033D000F7079843137707F8518F98C364449D47C4
:1033E0002308F4002380F4008547A381040023818F
:1033F000F4007C4893F7074085CFA147A381F400F0
:103400007C440357A4082382E70083C72400784440
:103410000346F4073E978357A4081206A183BD8B89
:10342000D18F2302F70083C7240089072381F4008A
:1034300003C52400035724079307E00F898F63D344
:10344000E708034604080547930780426305E60042
:1034500085679387878479479387371AB3C7E702CD
:1034600037260020130686D68345860783A606EEF8
:1034700093E50501230CB606416690C63387E70243
:103480000607B8D283C6340093E60601A381D400B0
:1034900078448346E4072A97A301D70083C6240013
:1034A000784436972302F70003C724007C44BA9778
:1034B000034704081607A382E70083C724008D078B
:1034C0002381F4000356240701491DCE03C72400BD
:1034D00068442C5C930737003E9583C73400C18B4A
:1034E000ADCF79593309E9401379F90F4A8697D05E
:1034F000FA1FE780E0D23C5CCA973CDC8357240784
:10350000B38727412319F40603C7240001459377A5
:10351000F70385073E991379F90FA3082401238146
:10352000E4007C44A3802701930770F9A305F4000D
:10353000B7270020938787EBA3810700238207002A
:1035400003461401834504082244B24092440249D0
:10355000410117E3FA1F670023FF97D0FA1FE780A6
:1035600020CC034924072319040679BF011122CC7A
:1035700006CE2A8426CA4AC84EC652C4EF40407BB3
:10358000835784080347C40785072314F4088D472D
:103590006317F70C9147230EF4067C4893E78700E6
:1035A0007CC8B7270020938787D603C79707098B66
:1035B0006DDF03C797071377C70FA38CE706B727FD
:1035C000002083A787B88297B7270020938707BE7C
:1035D00083D6870003576408DC433307D70293067A
:1035E0000032130707193357D702B306E5003686B2
:1035F00063E4A60063E4F6003386F640B7260020B5
:1036000083C6B6BA232CC4086368D604158E373532
:1036100005009306D407A2851305E576EFE0DE9F4B
:103620002285B7240020EFF03F94938484D6EFE006
:10363000B03C83C78407C18BD9CB83C7840793F77A
:103640000702E5DF83C78407228593F7F70C238CF5
:10365000F406EFF07FD1F1BF958F3E964DBFB724B2
:10366000002083A784B882972A8983A784B8829789
:10367000E30DA9FE83A784B803298409B724002099
:103680008297938404BE636CA904B727002083C784
:10369000B7BA3305A94083D9840063E3A70039E1B1
:1036A0008357640813070032D040B38737039387EA
:1036B0000719B3D7E702032784093E97BA866364E4
:1036C000F7006364C700B306C740232CD408F24058
:1036D0006244D2444249B249224A05618280DC40B8
:1036E0003E9965B737290020130789D68347970786
:1036F0004E86814693E71700A30CF70637470F0065
:1037000013070724B335E502B727002003AA07EE05
:10371000B70708002324FA003305E502EF80716A39
:1037200006052326AA06130789D683479707898BA0
:10373000EDDF83479707D04093F7C70FA30CF70639
:103740008357640813070032B38737039387071939
:10375000B3D7E702032784093E97BA866364F7006C
:103760006364C700B306C740232CD40855BD834704
:10377000C507B1CB411122C406C626C249472A84D7
:10378000639CE70203572508835785086316F702F1
:103790009304050AB725002015469385E5E626859E
:1037A00097D0FA1FE780C0A72685EF40B024914745
:1037B000A300A408230EF40622852244B2409244BA
:1037C00041016FF0BFDA82808347E501411122C4D5
:1037D00006C69907A308F5007C4511472308E500B4
:1037E0002380E7007C45034715012A84A380E70076
:1037F00083475503858B91E7034745038947631941
:10380000F70078448347070093E707042300F70095
:103810006844930564031946090597D0FA1FE780A9
:1038200020A068440356E4014C54210597D0FA1FA8
:10383000E780009F930730F9A305F400B2402244CB
:103840004101828041114AC037290020930789D65F
:1038500083A7470B06C622C426C299E3054515AACD
:10386000AA84130989D6EFE030198327490B829780
:10387000EF4080262A847DD1DC50AC482324F50813
:1038800003C7B4009307A009631BF7108547230003
:10389000F51483C734062303F514A303F51483C773
:1038A000F50003C705010148A2074207BA9703C7FD
:1038B000E5001546F905BA9703C735FF13058413CC
:1038C0006207BA97232CF40883C755FF03C765FF27
:1038D000A2074207BA9703C745FFBA97232EF408F9
:1038E00083C775FFA30BF40283C795FF03C785FF4A
:1038F000A207D98F231CF40283C7B5FF03C7A5FF16
:10390000A207D98F231DF40283C7D5FF03C7C5FFC4
:10391000A207D98F231EF40283C7F5FF03C7E5FF73
:10392000232E0413A207D98F231FF4028147232CCF
:10393000F41297D0FA1FE780A08EB8488347370269
:10394000FD8BA30AF40203473702ED1793F7F70F35
:1039500015832308E4022D476368F7028357A40305
:1039600005679306A7C7E917C207C18363EEF60090
:103970008356C4039307301F63E8D7008357E403DB
:10398000130707C8637EF70203558400EF404031F8
:103990000145B2402244924402494101828083277A
:1039A000890D13971701E35C07EEFC4403C707007A
:1039B00083C70500F98F9583858B2300F514C5B562
:1039C0008327890B228582978327090E035584005C
:1039D000294693F7072091E3054693050008EF90E9
:1039E000F0338327890D1397170163590700035597
:1039F0008400514693050008EF9050328327490513
:103A0000FC4B13974700E35B07E403C58400A38BDB
:103A10000400494693050008EF90503081B5B72760
:103A2000002083C797D6411122C406C626C24AC0C9
:103A30002A848DEB0347040185476316F70E8347FD
:103A4000D40303475404858B631DF70C1946930573
:103A500064041305E40397D0FA1FE780E087B334CA
:103A6000A00091A883475504CDC78347B504130729
:103A7000000493F7070C639EE708085921C5130952
:103A80006404CA851305A502EF90703B8547AA849C
:103A9000631AF502085889472302F4048347350066
:103AA0001946CA8593E72700A302F404510597C07D
:103AB000FA1FE780E076B24022442685024992440C
:103AC000410182800347040185476304F70483476B
:103AD0000406918B9DEF8347C40385EF13054404CF
:103AE00097D0FA1FE780205808D805C589472302D8
:103AF000F4048347350019469305640493E72700CF
:103B0000A302F404510597C0FA1FE7806071854451
:103B10005DB78347C403898B91DF1C5883C71700A7
:103B200091FB814449BF83470406918B89FB8347FE
:103B3000D40013F717000DC3834634010D47639D6E
:103B4000E60068402C442244B240924402494101BC
:103B500017D3FA1F67002363898BD5DB0347340132
:103B60009547E316F7FAF1BF4111B727002022C4A9
:103B700006C6938787D6238C0706930710F9A305FB
:103B8000F500B727002003A407E90DC0B7270020E0
:103B900003C5F7B38545EFE07EB2930710273305E1
:103BA000F50222832244B24041010283B240224402
:103BB000410182808347A50199C70347A50063148B
:103BC000F7006FF07FFA0347950111CF8346A500F8
:103BD0006382E6022305E500B727002003C5F7B39B
:103BE00089456FE04ED7F1DF0347A50079FB230538
:103BF000F500DDB7F9D7E5BF2C49314783C715007C
:103C000093F7F7032309F5006386E700930700089D
:103C10003E85828083C705000D47BD8BA309F50053
:103C2000E396E7FE41114AC01309650322C4194611
:103C30002A84A1054A8506C626C297C0FA1FE780D6
:103C4000A06991470DC52C4813056404194683C724
:103C5000050089059987858BA302F40497C0FA1F94
:103C6000E780005C2285EFF09FDB09E9A147B240C5
:103C70002244924402493E8541018280130500049A
:103C800083044401EF10CFA662056185E3C0A4FE62
:103C900064449D472308F4002380F4008547238172
:103CA000F400A381F400CA8519461385440097C027
:103CB000FA1FE780E05683C7240003C73400014998
:103CC000990793F7F70F136787002381F400A38107
:103CD000E4007844BA970357C406A381E70083C77A
:103CE00024007844834614063E978357C406920600
:103CF000A183BD8BD58F2302F70003C724000907DA
:103D00001377F70F2381E4008356E401CDCE834778
:103D10000406795993F7070491C375593309E940AB
:103D20001379F90F6371D90A03463406751985466C
:103D30001379F90F930780426305D600856793874F
:103D40008784F9469387371AB3C7D70237260020EE
:103D5000130686D68345860793E50501230CB60630
:103D600037260020032606EEC1650CC6B386D702AF
:103D7000860634D283C6340093E60601A381D400BC
:103D80007444034624063697A301C70083C6240063
:103D9000784436972302F70003C724007C44BA977F
:103DA000034734061607A382E70083C724008D0764
:103DB0002381F4005C54CA973CDC8357E401B38749
:103DC00027412319F4068347040693F7070485C7A0
:103DD00003C734007C4483C6240013670704A3810F
:103DE000E40003475401B697A381E70083C724008A
:103DF00085072381F40003C524000356E4014C54D5
:103E00009307350068443E952DCE636CC90697C074
:103E1000FA1FE780E0400349E40103C724009377D9
:103E2000F70385073E99A30824012381E400834713
:103E30005403858B91E70347440389476319F700CF
:103E400078448347070093E707042300F7007C4486
:103E500083451401A380B70003453406930790F906
:103E6000A305F400EFE080170346140183453406F0
:103E70000D4597D0FA1FE780206DEFE0E0378147CE
:103E8000FDB34A8697C0FA1FE780803979B72C497D
:103E90001307200283C7150093F7F7032309F500E2
:103EA000639DE714411122C406C626C283C70500DC
:103EB00015472A84BD8BA309F500639CE7021946C8
:103EC000A1051305650397C0FA1FE780E0409147FD
:103ED000630F05102C4819461305640483C70500B9
:103EE00089059987858BA302F40497C0FA1FE780A0
:103EF00020332285EFF0BFB2A14775C9B724002057
:103F000083A704BE938404BE82979307E5013E878E
:103F1000D44063E4A70063E4D7003387D740644408
:103F2000A1472308F40058D02380F400854723815B
:103F3000F400A381F400194693056403138544003B
:103F400097C0FA1FE780C02D83C7240099072381FB
:103F5000F40083C7340093E72700A381F40083476C
:103F6000540481CB78448347070093E707F8230084
:103F7000F7001946930564041385A40097C0FA1F3F
:103F8000E780002A83C72400990793F7F70F13F7F8
:103F9000F7030507A308E4002381F40083475403D3
:103FA000858B91E70347440389476319F7007844F9
:103FB0008347070093E707042300F7007C44834509
:103FC0001401A380B700034534069307A0F9A305A5
:103FD000F400EFE0A00003461401834534060D45CC
:103FE00097D0FA1FE7804056EFE000218147B240AA
:103FF000224492443E8541018280930700083E8519
:10400000828041114AC037290020832709EE22C44B
:104010001307800706C626C2F8D32A840945EFE0B5
:104020000026B727002083A747EBB7250020D857E5
:10403000719B13671700D8D7032609EE5842136700
:10404000170058C2372700200327C7F3630C07184F
:104050008346A400370500827D1536970347070085
:10406000D457131887011377F7031358884166074D
:10407000E98E558FD8D79306A00303A745F363DFD6
:104080000617744F37050007C98E74CF984313770E
:10409000F7CF98C398431377F7CF1367072098C3D8
:1040A00003A745F3B70533001447CD8E14C7B706F1
:1040B00003009386862534CA5457F59A54D703478C
:1040C00024069376F7079843137707F8558F98C31C
:1040D00037C7898E130767ED98C737575500644473
:1040E00013075755D8C39D472308F4002380F400D5
:1040F00085472381F400A147A381F4007C44035742
:10410000C4062382E70083C724007844834614064C
:104110003E978357C4069206A183BD8BD58F230299
:10412000F70003C524009307E00F09051375F50F89
:104130002381A40003562407898F63CFC7047C44DE
:104140002C5C0D053E9597C0FA1FE780600D03C7F4
:104150002400834724079376F7038507B697A308BF
:10416000F4002381E40083475403858B91E70347E0
:10417000440389476319F70078448347070093E7AE
:1041800007042300F7007C4403471401A380E700E1
:10419000930780F9A305F400832709EE7844B8DF7C
:1041A000B727002083C7C7BE81EB3755050081457F
:1041B00013058551EFE0CEE6B7270020938787EB04
:1041C000A3810700238207000346140183453406B8
:1041D0002244B240924402490145410117D3FA1FDB
:1041E0006700833603088406370500827D15137740
:1041F000F80393169701D857698FA5BD930620023F
:1042000063DA0601744F370500F97D15E98E37052D
:1042100000059DBDB70600F91385F6FF744FE94808
:10422000E98E37050003E3C108E737050001A9BDA2
:10423000397152D4372A002003260AEE22DC26DA0E
:1042400056D206DE4AD84ED6930780077CD2B727CF
:10425000002083A747EBB7053300B72A0020D857C3
:104260002A84938A0ABE719B13671700D8D7984394
:104270001377F7CF98C398431377F7CF13670720C7
:1042800098C337270020032747F31447CD8E14C760
:10429000B70603009386862534CA5457F59A54D737
:1042A000034725069376F7079843137707F8558F4A
:1042B00098C364459D472308F50085462380F40094
:1042C000A38104002381D4008347F5050D4763854E
:1042D000E70019476396E74C8547A381F400194628
:1042E000930564031385440097C0FA1FE78040F3E9
:1042F00083C7240099072381F4000347F4059947F5
:104300006316F70483C734001385A40093E72700DE
:10431000A381F40083475403898B638D071C0C58D9
:1043200083C725016388071C1946D10597C0FA1F6A
:10433000E78000EF78448347070093E707F82300FE
:10434000F70083C7240099072381F40083C7340052
:1043500003C7240093E78700A381F4007C44BA9745
:104360000357C406A381E70083C72400784483462B
:1043700014063E978357C4069206A183BD8BD58F42
:104380002302F70083C62400890693F6F60F2381E3
:10439000D4000357C4016301071883470406795901
:1043A00093F7070491C375597C483309D9401379B1
:1043B000F90F918B81C739191379F90F8149637FFF
:1043C000E90803473406751985471379F90F9309EE
:1043D00080426305F700856993898984F947938949
:1043E000391AB3C9F90237270020130787D60346C5
:1043F000870713660601230CC70603270AEE4166EA
:1044000010C7B387F90286073CD383C7340093E70C
:104410000701A381F4007C4403472406BE96A381D0
:10442000E60003C724007C44BA972382370103C700
:1044300024007C44BA97034734061607A382E7009A
:1044400083C724008D072381F4001C54CA973CDCE9
:104450008357C401B38727412319F4067C4891464A
:1044600013F7C700630BD700B1466314D720834608
:1044700014060347F407639EE61EA18BCDC7B7273A
:10448000002083A787B883298409829763E9A90854
:10449000B7470F003385A94093870724B335F5024A
:1044A00003D68A0081463305F502EF808111AA897F
:1044B000B7074B00138749ED9387B7C763EBE71A3C
:1044C00049468145680097C0FA1FE78080DCB7C77E
:1044D0000300938737FC63CE370DBD09F947B3C995
:1044E000F902B2477977F98FCE0993D93901B3E947
:1044F0003701C5A88347D40381CB7844834707009D
:1045000093E707F82300F70019469305E40397C0E3
:10451000FA1FE780E0D035B58149014981B783A70B
:104520004A00BE99B5B783C7340083463406C18BB1
:104530009DC3F9470547B389F90283572407639957
:10454000E600938787078587BE99938949298DB7A8
:1045500093870707D5BF83C724000357C4010546C7
:104560003E979307070F6395C6009307870F8587CC
:1045700037270020130787D603469707938987526A
:104580009387575413661600A30CC70603270AEE39
:104590003706080010C77946B3C7C702B387C702FA
:1045A00086077CD7834714062300D408A30FF4069C
:1045B00001B7B7872500138737ED63463703130725
:1045C000C01293896909B3C9E902B24789661387A2
:1045D000F6FFD58F33F7E900F979B3F93701B3E97D
:1045E000E9004EC619A863C737178357C10069771A
:1045F000F98F1167D98F2316F10083576408684437
:104600006C00139707018357C100D98F3EC68327DB
:10461000040A0327C4083EC88327440A13168700E8
:10462000618393F6F701B727002083C7B7D69D8B28
:104630009607D58FD18F3ECA832704094946A20722
:104640005D8F835784083ACC231EF10083C7240072
:104650008D073E9597C0FA1FE78080BC83C7340062
:1046600093E70702A381F40083C72400C9072381CD
:10467000F4008347040693F7070485C703C7340093
:104680007C4483C6240013670704A381E400034726
:104690005401B697A381E70083C7240085072381CF
:1046A000F4000356C40179E6014983C62400834718
:1046B000E40513F7F60305073A999A07D58FA3087F
:1046C00024012381F40083475403858B91E703473A
:1046D000440389476319F70078448347070093E749
:1046E00007042300F7007C4403471401A380E7007C
:1046F000930760F9A305F400784483270AEEB8DF36
:1047000083C7CA0081EB37550500814513058551E4
:10471000EFE00E91B727002003270AEE938787EB7F
:10472000A3810700238207005C43014593E717003C
:104730005CC3034614018345340697D0FA1FE78013
:10474000A0E0F2506254D2544259B259225A925ABD
:1047500021618280B787DAFF93876709BE99834713
:10476000D10093F7F7F993E70706A306F100930743
:10477000C012B5B303C524000C5493073500684438
:104780003E956369C90097C0FA1FE78060A9034995
:10479000C40121BF4A8697C0FA1FE78060A831B7DD
:1047A0001387E7FF1377D70F631C071AA381D40081
:1047B0009305650319461385440097C0FA1FE780E7
:1047C00020A683C7240003C73400B7290020990717
:1047D00093F7F70F136787002381F400A381E400A8
:1047E0007844938989D60149BA970357C406A381AF
:1047F000E70083C724007844834614063E97835716
:10480000C4069206A183BD8BD58F2302F70003C790
:104810002400914709071377F70F2381E4008346AB
:10482000F405639AF60A83470406795993F7070457
:1048300091C375598357C4013309E9401379F90FBE
:10484000637BF90803463406751985461379F90F19
:10485000930780426305D600856793878784F9466E
:104860009387371AB3C7D70203C68907C165136692
:104870000601238CC90603260AEE0CC6B386D702AE
:10488000860634D283C6340093E60601A381D400A1
:104890007444034624063697A301C70083C6240048
:1048A000784436972302F70003C724007C44BA9764
:1048B000034734061607A382E70083C724008D0749
:1048C0002381F4001C54CA973CDC8357C401B3878E
:1048D00027412319F4068347040693F7070485C785
:1048E00083C7340003C7240093E70704A381F400BF
:1048F0007C44BA9703475401A381E70083C724008F
:1049000085072381F4000347F40591476318F704F2
:104910000356C40121C603C524000C549307350077
:1049200068443E956366C90297C0FA1FE780408FCE
:104930000349C4010347F40591476318F72483C76B
:10494000890793F7070F93E75700238CF906B1BB4C
:104950004A8697C0FA1FE780A08CE9BF0149D9BFFA
:1049600093F7B70F0547E391E7D4A381F4009305CC
:10497000650319461385440097C0FA1FE780408AF3
:1049800083C7240099072381F40083C7340093E789
:104990002700A381F4008347D40381CB7844834765
:1049A000070093E707F82300F700834754031385B4
:1049B000A400898B6381071A0C5883C72501638C77
:1049C00007181946D10597C0FA1FE780608578441B
:1049D0008347070093E707F82300F70083C7240005
:1049E00003C73400B7290020990793F7F70F13671F
:1049F00087002381F400A381E4007844938989D659
:104A00000149BA970357C406A381E70083C724006E
:104A10007844834614063E978357C4069206A183C2
:104A2000BD8BD58F2302F70003C7240085470907F4
:104A30001377F70F2381E4008346F405639AF60A9F
:104A400083470406795993F7070491C3755983572F
:104A5000C4013309E9401379F90F637BF908034670
:104A60003406751985461379F90F9307804263055B
:104A7000D600856793878784F9469387371AB3C72B
:104A8000D70203C68907C16513660601238CC906D0
:104A900003260AEE0CC6B386D702860634D283C636
:104AA000340093E60601A381D4007444034624062F
:104AB0003697A301C70083C62400784436972302A3
:104AC000F70003C724007C44BA970347340616074F
:104AD000A382E70083C724008D072381F4001C54C0
:104AE000CA973CDC8357C401B38727412319F406D6
:104AF0008347040693F7070485C783C7340003C7B9
:104B0000240093E70704A381F4007C44BA97034789
:104B10005401A381E70083C7240085072381F400A3
:104B20000347F40585476310F7060356C40121CEF9
:104B300003C524000C549307350068443E95636E0A
:104B4000C90297B0FA1FE780A06D0349C40103476B
:104B5000F4058547DDB38347D40381CB784483478D
:104B6000070093E707F82300F70019469305E403CD
:104B700097B0FA1FE780C06A95B54A8697B0FA1FCA
:104B8000E780006AE9B70149D9B783C7890793F776
:104B9000070F93E7670055BB011156C2B72A0020E3
:104BA0005AC0138B8AD683274B0A06CE22CC26CA3C
:104BB0004AC84EC652C4639107582A840945EFD0AB
:104BC000006C37290020032609EE93078007B729D8
:104BD00000207CD283A749EB372A0020B705330099
:104BE000D857938A8AD6719B13671700D8D79843F2
:104BF0001377F7CF98C398431377F7CF136707203E
:104C000098C303274AF31447CD8E14C7B706030091
:104C10009386862534CA5457F59A54D78346A40000
:104C200013F6F607944393F606F8D18E94C35C43CB
:104C300093F7F7EF5CC30100010003274AF35C43DD
:104C400093E707105CC38347E4007844BD8B2308D7
:104C5000F4002300F7001D476444639EE73C85474A
:104C6000A38104002381F4000347F4058D46631AF1
:104C7000D7268357C401639F07167C481147B18B21
:104C8000638AE71631476398E700034714068347B2
:104C9000F4076301F7168547A381F40019469305CD
:104CA00064031385440097B0FA1FE780605783C7F9
:104CB0002400990793F7F70F2381F40003470406B4
:104CC0001377070415C303C7340013670704A381D0
:104CD000E4007844BA9703475401A381E70083C7EF
:104CE000240085072381F400238C0A0683C6240050
:104CF0008347E40513F7F60305079A07D58FA30842
:104D0000E4002381F400930740F9A305F4008347EE
:104D10005403858B91E70347440389476319F700E0
:104D200078448347070093E707042300F7007C4497
:104D300003471401A380E700832609EEDC4293E7D2
:104D40001700DCC2B727002083A7C7F3638E07389C
:104D50000347A40003A549EB37060082BA9783C72F
:104D6000070058557D169395870193F7F703E18562
:104D7000E607718FD98F5CD51307A00383274AF309
:104D80006352B738F84F37060007518FF8CF03A7A3
:104D900049EBB7C7898E938767ED1CC7B757550096
:104DA000938757555CC3B7270020938787EB094744
:104DB000A383E700A3810700238207007C443755C3
:104DC000050083444406814513058551BCDEEFD0C0
:104DD0003EA5034614016244F2404249B249224AC8
:104DE000924A024BA685D2440145056117C3FA1FBA
:104DF00067008375A147A381F4008357C40623820B
:104E0000F4008357C406034714067444A1831207B1
:104E1000BD8BD98FA382F60003C62400054709067F
:104E20001376F60F2381C40083C78A07832609EE11
:104E30006318F708034784019307E6008E07231AD7
:104E4000F4069387C708B387E702F9450945238C21
:104E5000AA06416588C6938707FBC207C18393876B
:104E60007716B3C7B70213970701B387B702418319
:104E70008607BCD283C7340093E70701A381F400FF
:104E80007C443E968347240693E70704A301F6007B
:104E900083C624007C44B6972382E70083C624009F
:104EA0007C4421837D8BB697834634069606558FC6
:104EB000A382E70083C724008D072381F4003DB55A
:104EC000B852F94705833357F702BC52EC52858339
:104ED000FD8BAE97FCD28D47238CFA0642074183A7
:104EE00051BF19466318C70A0357C40145E7A38198
:104EF000F400138544009305640397B0FA1FE7801C
:104F0000203283C724001385A40099072381F4006D
:104F100083C7340093E72700A381F4008347540339
:104F2000898BB9C70C5883C72501B9C31946D10568
:104F300097B0FA1FE780C02E78448347070093E7B5
:104F400007F82300F70083C72400990793F7F70FAA
:104F50002381F4000347040613770704E30607D808
:104F600083C63400784493E60604A381D4009DB33D
:104F70008347D40381CB78448347070093E707F83E
:104F80002300F70019469305E40397B0FA1FE78062
:104F9000202955BFA147A381F4008357C40623826B
:104FA000F4008357C406034714067044A183120714
:104FB000BD8BD98FA302F60003C62400054709065E
:104FC0001376F60F2381C40083478B07832509EEF0
:104FD0006313F704034784019307F6008E07231A2F
:104FE000F4069387C708B387E702F9460945230CFF
:104FF000AB06416588C5938707FBC207C1839387CA
:105000007716B3C7D70213970701B387D702418337
:105010008607BCD185B5B851F94705833357F702E8
:10502000BC51E8518583FD8BAA97FCD1230CDB068C
:105030004207418381B50547639CE708B147A30850
:10504000F40083475403898BADC30C5883C72501F3
:10505000A9CF1946D1051385840097B0FA1FE780C0
:10506000201C78448347070093E707F82300F700E4
:105070006844194693056403090597B0FA1FE78051
:10508000201A83A78A0D13971701635D07008347D2
:10509000E400B98B81EB78448347070093E707026C
:1050A0002300F700930720F98DB18347D40399C7F4
:1050B00083C7040093E707F82380F4006844194687
:1050C0009305E403210597B0FA1FE78060154DB7FB
:1050D0000356C4010C54138584009307660093F7AC
:1050E000F703A308F400C5B78305840603A549EBBD
:1050F0003706008293F7F503139797015C557D16E9
:10510000F18F8DB913072002635AB700F84F3706A5
:1051100000F97D16718F3706000585B9370700F94C
:105120001306F7FFF84F6945718F37060003E34E0A
:10513000B5C43706000191B9F2406244D2444249F5
:10514000B249224A924A024B05618280B727002069
:105150004111938787D622C4A05306C605478346CC
:10516000C4006390E60283C7870711476315F70001
:105170002285EFE07F9F22852244B24041016FF0FB
:10518000BFA1B240224441018280B727002083A7FB
:1051900007DC99E33E85828003C78700E30CA7FE06
:1051A0009C43C5BF011106CE22CC26CA4AC84EC6B2
:1051B000EFF0BFFD11E90149F24062444A85D24453
:1051C0004249B2490561828083475503B7290020CF
:1051D0002A84938489D689EFB725002019469385C0
:1051E00005E51305640397B0FA1FE7806003A5A8DF
:1051F0000547639CE70083C724004949D5DFB725ED
:1052000000201946938565E5E9BF1C59A1EB83474A
:10521000C503230A050291EB034754038547230A7C
:10522000F4028947E319F7FC45BF1305C50397C08E
:10523000FA1FE78040DE08D815C1EF8000470C5800
:1052400083C7A50081CF8947230AF4021946B10517
:105250001305640397B0FA1FE78080FC03474403FB
:105260008947E31BF7FA83C714009DCB8347C40328
:1052700085CB83473404130700041305C40393F755
:10528000070C6392E70E97C0FA1FE780C0DD08D8CD
:105290001C5899C783C7270181C78947230EF40289
:1052A0000349C400E31909F085472306F400A30469
:1052B000F400B727002083C7B7BA238409D68349EF
:1052C000E40093940701231BF40613F7F9009947B0
:1052D000C18063F6E7040357C401B726002003C565
:1052E00026EC9317370037460F00AA971305A00F37
:1052F0003357A7029387970E13060624814691041D
:105300002607BA9737270020035587BEB3A5A70203
:105310003305F502EF70E12AAA94231B9406835704
:10532000E40623180406A9C7034564019307F00F98
:105330006307F500EFD0AEB0FD57230BF400035622
:10534000E40693066401120637650500A28513057D
:1053500045C7EFD06E94B727002003C5F7B3854546
:10536000EFC07EDF91BD97C0FA1FE780C0CA05B7C6
:105370008547E392F9FE034564019307F00F630745
:10538000F500EFD0CEABFD57230BF4000566930676
:105390006401130606804DBF411122C42A840945C9
:1053A00006C626C2EFC0B06DEFC010652285230689
:1053B0000400A3050400A3040400B7240020EFE0C8
:1053C000AFFA9384C4B303C534008545EFD04EA033
:1053D00003C534008945EFD0AE9F034564019307B0
:1053E000F00F6307F500EFD08EA5FD57230BF400F7
:1053F000B24022449244410182802C49411106C6A8
:1054000022C426C24AC083C715007D4793F7F7031D
:105410002309F500E91793F7F70F637BF70093046F
:105420000008B2402244268502499244410182800C
:1054300083C70500BD8BA309F500F51793F7D70FB8
:10544000F9FF2A841946A1051305650397B0FA1FD1
:10545000E78080E8914471D52C4885472302F40405
:1054600083C70500194689059987858BA302F40433
:105470001305640497B0FA1FE78080DA2285EFE015
:105480000FDA85472A89E31CF5F80347340195476D
:10549000631EF702EF00B063B727002083C707BD84
:1054A0006376F50283470401E36BF9F6B727002022
:1054B00083A787B88144829748D02285EFE08FB8D0
:1054C000E31125F72285EFF03FEDA1BF83470401EB
:1054D00081C71947E395E7F41305000483044401E9
:1054E000EFF01EA162056185E3CBA4F22285EFE017
:1054F000AFAD83451401034544068144EFC0102E2F
:1055000003461401834544060D4597C0FA1FE78002
:10551000A003EFC0704E31B779714AD0372900200F
:10552000930789D622D4A05326D252CC56CA37DA52
:105530000600B7240020B72A00204ECE5AC806D64F
:10554000130989D6130A4ABE938484EBB729002035
:10555000938A4AB9130B44018347B40031479387B8
:10556000E70693F7F70F6363F7188A07D2979C4310
:105570008287114783478907E31EF7FE2285EFE004
:105580003FCBD9BF0146930550020145EFC0902F94
:10559000130650028145054597C0FA1FE780C0FAFF
:1055A00083C73400858BBDCB284881465A86814508
:1055B000A381040097C0FA1FE780C0EF01E52285B0
:1055C000EFF0BFE30347B40093073009E306F7F8B1
:1055D000EFC090422285EFE0EFDDB25022549254AA
:1055E0000259F249624AD24A424B4561828083C7DE
:1055F0002400858B85C3834704012381040005476C
:105600006375F7001947E395E7FC9307B0F9A30525
:10561000F40099B783A709EEFC539DFF2382040091
:1056200045BF83C72400858B638B07382381040023
:10563000EFC0903CB724002083A784A985CFDC432A
:1056400095CB89472302F100834754041305610079
:105650001946A302F100834744019305640423061D
:10566000F10097B0FA1FE780A0BB83A784A9480088
:10567000DC4382978347740689CF834554040345EE
:10568000840013066404EF30E15383477406898B6A
:10569000B1F32285EFE04FCD89B7034534060146CB
:1056A00093055002EFC0101E8345340613065002C6
:1056B000054597C0FA1FE78020E983C73400858B32
:1056C00063840730284881465A868145A3810400B7
:1056D00097C0FA1FE78000DE01E52285EFE02FFB8F
:1056E0000347B4009307A009E308F7E6EFC0D03002
:1056F0004DB703453406014693055002EFC090189C
:105700008345340613065002054597C0FA1FE7800B
:10571000A0E383C73400858B6388072A2848814625
:105720005A868145A381040097C0FA1FE78080D87C
:1057300001E52285EFE04FCC0347B40093079009C1
:1057400065B783C72400858B638B072623810400FC
:10575000EFC0902A8347890709476307F70083470B
:1057600089070D476315F70283A609EE035744071F
:10577000BC521307C712858363FBE700930750F9F8
:10578000A305F400BC528583E39807DC19B70347EF
:1057900094018347A4011DCF8346A400630FD7243F
:1057A0006387F6002305E4002285EFF0EFBE83C790
:1057B000740093F7F70FE39107DA834789070947E6
:1057C0006307F700834789070D47E314F7EC930756
:1057D00050F935BDE9DF0347A40071FB2305F40050
:1057E000E1B783C72400858B638B071C23810400EA
:1057F00083478907C18B95C3EFC010208347890772
:1058000093F70702E5DF83478907228593F7F70CB3
:10581000230CF906EFE0EFFE81B383479907858BF0
:1058200091C7EFC0701D9307E0F9D5B3834789078F
:105830001547BD8B639BE700EF00702983C7CA0340
:10584000E376F5EA9307D0F9D9B383478907194777
:10585000BD8BE39DE7E89307C0F955BB83C72400E0
:10586000858BE38B07CE2381040083478907C18B97
:1058700089CBEFC070188347890793F70702E5DFEC
:1058800059B783479907858BC9FF83478907154710
:10589000BD8BE389E7FA834789071947BD8BE38C02
:1058A000E7FAEFC0701515BB8D47230EF40622856D
:1058B000EFD0DFCB0347B40093077009E30EF7C8BE
:1058C00029BB83C73400858B8DC7EFC0F012B72783
:1058D000002003A747EB3C57ED9B3CD723850400F2
:1058E0003717004083578701C607C583231CF7007D
:1058F0004DB383A709EEFC53E39007C6EFC0D00F6A
:10590000B727002003A747EB3C57ED9B3CD72385E7
:1059100004003717004083578701C607C583231C3F
:10592000F70023820400B5B383C72400858BC1CB65
:105930002381040083478907C18B8DC3834789076F
:1059400093F70702E5DF2285EFE0AFEB8347890796
:1059500093F7F70C230CF906EFC0100A2285EFE04D
:10596000AFA0B724002083A784A985CFDC4395CBC3
:1059700089472302F1008347540413056100194647
:10598000A302F10083474401930564042306F10058
:1059900097B0FA1FE780C08883A784A94800DC433A
:1059A000829783477406858BE38907C28345540435
:1059B0000345840013066404EF30C12039B983A77E
:1059C00009EEFC53E39A07B82382040005B3B72716
:1059D0000020938787EB03C72700058B01CF238126
:1059E0000700EFC070012285EFD0DFE52285EFF0E0
:1059F000BF9AE5B623820700D5B9E38A07DAF9BB77
:105A0000411126C2B7240020938784D622C4E04BDC
:105A100006C64AC0630404240347C4008547631FC5
:105A2000F722B7270020938787EB03C777009546B7
:105A30006387E60083C777000D47631EF7002244A3
:105A4000B7270020B2409244024903C5F7B3854509
:105A500041016FC04EF0835604021307006483C7F0
:105A600084D63347D702138984D6850793F7F70F77
:105A7000232089062384F4D663C6E700EFD02E9C4A
:105A8000238404D60347E4009D476318F704834743
:105A900094068DCF8356040763E7F602834584009E
:105AA00093073004A30BF4001305300493F6F60FAC
:105AB0000146EF30E11022852244B240924402496F
:105AC00041016FF07F8D85062318D40693053002BF
:105AD0000545EFD04E902301A4068547230CF90617
:105AE000034784018D47631AF70AEFC04EC80D893A
:105AF00001ED930770022305F40093075002A30CF5
:105B0000F4009307600231A885476311F5089307F5
:105B100060022305F40093075002A30CF4009307DE
:105B20007002230DF4000347E400B727002083C46C
:105B3000F7B385476319F70E03560402854526859A
:105B4000EFC05E8083475403898BF5C78347C40346
:105B5000FDC30C58EDC183C7A500F1CF8947230AC7
:105B6000F4021946B1051305640397A0FA1FE780F4
:105B7000206B0347C407894763E3E70C228522446F
:105B8000B2409244024941016FF00F8193075002E5
:105B90002305F400930770029DB789468347F400FC
:105BA0006319D70213F7170011CF1307500223050B
:105BB000E400898B81CF93076002A30CF400230DCE
:105BC000040095B7930760022305F4009307700261
:105BD000EDB79DC313F7170001CB930750022305C0
:105BE000F400A30C0400E1BF898B81C79307600216
:105BF000FDB793077002E5B783479401130740028E
:105C00006365F7009307500201A8850793F7F70F24
:105C100013077002E368F7FEA30CF40083479401B6
:105C20002305F40069BFB9450545EFC0DEFA035608
:105C300004022A9621B78547230AF4021DBFB7271D
:105C4000002083A787B883248409829763EEA40089
:105C5000835764073385A440E372F5F2B2402244CF
:105C60009244024941018280B727002083A747BEA2
:105C7000BE94F9BF011122CCFD5706CE230BF500CF
:105C80008357E5062A8485C7834605078345850033
:105C90009307C003A30BF50001461305C003EF20D3
:105CA000317222856244F24005616FF0EFEE834766
:105CB000E5000547BD8B6386E70083470506918BAA
:105CC000EDD3B727002083A787E493F7072085C388
:105CD00002C402C202C0814801488147014781468F
:105CE000054681451305C003EF20D1685DBF02C0A2
:105CF0008148014881470147814605468145130592
:105D0000C003EF20D16471BFB727002023A8A7E804
:105D10008280B727002083C7F7B3411106C689EBFD
:105D200037350500130525A4EFC01EC5EFC0FFE100
:105D3000B727002037370500938787D6130707E971
:105D4000F8D3375705001307471AB8D73767050048
:105D5000130707A0F8D7B240375705001307C71439
:105D6000B8DB4101828011C98327050A93E7070840
:105D70002320F50AFD572303F5028280B727002070
:105D800023ACA7E88280B727002083A787DB9C5736
:105D900099E33E85828003D78701E30CA7FE9387B2
:105DA0008705FDB7011122CC06CE2A840345650282
:105DB0009307F00F2E866309F5002EC6EFC03E88CC
:105DC0003246FD572303F4028347A4020357840499
:105DD0009306640293E707062305F402835704043D
:105DE000A285F240BA972313F40462443765050094
:105DF000130565D605616FC02EEA011122CC06CECF
:105E00002A84034575029307F00F2E866309F50077
:105E10002EC6EFC0DE823246FD57A303F40293067E
:105E20007402A2856244F24037750500130525DE31
:105E300005616FC06EE6011122CC06CE2A840345AF
:105E400085029307F00F2E866309F5002EC6EFC07A
:105E50000EFF3246FD572304F40293068402A28506
:105E60006244F240377505001305C5E005616FC057
:105E7000AEE2B7270020938787D683D5270203D6C3
:105E8000E70203D7070383D66702B7074801ED0788
:105E9000232EF51A2320F51C231CB51A231AC51A24
:105EA000231BE51A231DD51A6D48AE876373B8000E
:105EB000ED47939507012314F51C6D48C181B28706
:105EC0006373C800ED472312F51C13068014B687D0
:105ED0006374D600930780142315F51C9306801471
:105EE000BA8763F4E600930780142313F51C230795
:105EF000B50482800347651489468357A51C631E39
:105F0000D70283568514938787E899C6B3C7E702FB
:105F1000938757FD214731A02147B3C7E7029387F5
:105F200057FDB3C7E7020357851CC207C18363F35C
:105F3000E7003E872307E504828085466316D70085
:105F40009387C7FB1147F1BF938707FBE1B78357DF
:105F5000451B0357051C411106C663F3E7003E8746
:105F6000931807018357251C0357651B93D8080115
:105F70006373F700BA87139807018356C51B8357CD
:105F8000851B1358080163F3D700BE860357A51B72
:105F90008357E51B13930601135303016373F70043
:105FA000BA8783467514C2070947C183639AE6001E
:105FB0000566130606A942876370C802328729A8BE
:105FC000032705109316470163CC060005661306E8
:105FD00086844287E36406FF1318070113580801FB
:105FE000834665140947639EE6060357A503930697
:105FF000204E3307D70293F6F80F9A061386F63C25
:106000009386C64F634406019306C812158F63D367
:10601000E7003E87420705664183130606A9BA8753
:106020006373C700B287C207C1830356451C13F7C9
:10603000F80F9376F30F6316E6040356651C63129C
:1060400006050356851C631ED6020356A51C631A5B
:10605000F602230E0506EFF0FFE90945B2404101C3
:1060600082800327051093164701E3C006FC0566EE
:1060700013068684BE856373F600B2859397050187
:1060800065B70546230EC5062312E51C2313051D1F
:106090002314D51C2315F51CEFF0DFE501457DBF6A
:1060A0000357A51B8357E51B411106C66373F70011
:1060B000BA87034665141397070189464183631B1A
:1060C000D6068566938606A96373D700B6871397AD
:1060D000070141838357A51C6387E7008547231584
:1060E000E51C230EF5060357651B8357251C6373B8
:1060F000F700BA8703467514139707018946418351
:106100006317D6048566938606A96373D700B6879E
:106110001397070141838357651C6387E700854711
:106120002313E51C230EF506EFF0DFDCB24001453A
:1061300041018280856713868784E37DE6F88326A4
:10614000051093870780F58FD1F7328761B7856790
:1061500013868784E371E6FC832605109387078006
:10616000F58FD5FB328745BF0357A50495470356E6
:10617000E503B307F7028356A50393D5374063556C
:10618000B600118F93173700B3C7D702C207C18378
:106190002314F5048280832745110D469306F00FE2
:1061A00003C707000D8BA306E5006314C70083C671
:1061B0002700A30BD50003C70700418B2309E50087
:1061C00083C71700230BF50082808347C500CD9B52
:1061D0002306F5008280832745110347C50083C746
:1061E0000700935637408987B58F858B99C713472A
:1061F00087002306E50001458280054582808327CC
:1062000045110347C50083C70700935627408D8774
:10621000B58F858B99E7134747002306E5000145B5
:106220008280054582808327450E85072322F50E4F
:1062300091E78327850E85072324F50E8327850E96
:1062400093F7070891C785472322F50E2324050EEF
:106250008347A50293F7070491CF8357050403579B
:106260008504BA972313F5048327450A93F7F7BFEC
:106270002322F50A82808327C50E85072326F50E83
:1062800091E78327050F85072328F50E8327050F40
:1062900093F7070891C785472326F50E2328050E97
:1062A0008347A50213F7070409C793E707022305ED
:1062B000F5028280B727002083A707E0014591E31C
:1062C000828003C7B70011E305059C43CDBFB72704
:1062D000002083A707E00145054791E3828083C63C
:1062E000B7006393E60005059C43C5BF411122C476
:1062F00026C22A8491450145B724002006C693840E
:1063000084D6EFC05E8D03D7040B231BA4048547FE
:1063100063FDE7040355A41C8357641C3727002042
:1063200037460F00AA97035587BE938787571306F2
:106330000624B3A5A70281463305F502EF60612864
:10634000835704040357E4058355840583A884090F
:106350001D8F3307B7028327040905461383F5FF12
:10636000130E80023E9763676600B2402244924457
:10637000410182803308C603C687FD563A9881E7FB
:10638000231BC404DDB76314F4001C40F5DB83AEAB
:10639000C7086398BE0083A60709B306D840B3F6C2
:1063A000B60263E4A6009C43D9BF09066DBF411144
:1063B00026C2B7240020938484D603D7040B06C6D4
:1063C00022C4854763F3E7042A848357651C035579
:1063D000A51C3727002037460F00AA97035587BE14
:1063E0009387875713060624B3A5A7028146330572
:1063F000F502EF60011D0346540583A88409854614
:106400007D161303800263E7C600B2402244924423
:10641000410182803387660283270409FD553E9738
:10642000C68781E7231BD404CDB76314F4001C4056
:10643000F5DB03AEC7080328C408631A0E0103A8DE
:106440000709B305E84063640701B305074163E446
:10645000A5009C43F9B785067DB7835785037971FD
:106460004ECE93861700B7270020938707BE56CAE3
:1064700083D9870083AA4700B7270020138687D6D1
:106480008355060B06D622D426D24AD052CC5AC8FF
:106490005EC6054603278508637BB60EB3863603C2
:1064A000938487D693070032014A93860619B3D6A0
:1064B000F60236973A896364D7006364570133095B
:1064C00057412A84232825098357A41C0355651C9A
:1064D00037460F00130606243E9513058557B3254E
:1064E000350381463385A902EF60A10DAA8B03AB6A
:1064F00084098144B3879902130600648146B3B5C9
:10650000990213850732B337F500BE95EF60610B32
:106510004A955A87FD5731E733879902130600647D
:106520008146B3B59902130507323337E500BA95B2
:10653000EF6021092A993335A900CA876314AA009C
:1065400063645901B30759412328F408B250225417
:1065500092540259F249624AD24A424BB24B4561C7
:10656000828063148700184345DB0326C70883260F
:10657000C408631AD60083260709B387A64063645C
:10658000D500B307D54063EE7703184369B7834757
:10659000750393B7270093C71700B697B3873703E0
:1065A0009306003293870719B3D7D7023E97BA866E
:1065B0006364F70063645701B30657412328D50885
:1065C00071B78347740385048607FD17E3E4F4F28B
:1065D000A1B7B7270020938787D683D6070B054737
:1065E0006371D70E411122C403A4870906C626C2CF
:1065F000A28789EB09EC230E0500B24022449244A5
:106600004101828003C7D7016DFB9C43DDB7631452
:10661000A40000406DD08347B400D5E30327C4082D
:106620008327C508630DF7080347C50193070008D2
:10663000AA84631DF7048357A40319469305000831
:10664000231AF506231BF5068357C403231DF504FF
:106650008357E403231EF50403558500EF60106C97
:106660008547A38EF40083C7C40193F7F707238EF1
:10667000F400130584062244B24092443146930547
:10668000F00F410117A3FA1F6700A3C08357A503AA
:10669000194693050008231AF406231BF4068357B2
:1066A000C503231DF4048357E50303558400231E0B
:1066B000F404EF60B0668947A30EF4005DBF0040AC
:1066C00015BF230E05008280B7270020938787D649
:1066D00083D6070B411126C206C622C40547AA84E9
:1066E0006374D71A03278510098B630F071883A7D4
:1066F0008709BE85ADED03D6841C01447D58130681
:10670000260205862D067D55A5EB630E04108347F2
:10671000B4000357A403D5EB8947231CE404A30A60
:10672000F40403570406835704042285BA97C1076B
:106730001D8B998F231FF4048357C403231DF40476
:106740008357E403231EF404EFF05FBA8327440A5F
:1067500093E717002322F40A8547230AF4008D47A4
:10676000A30EF400B240224492444101828003C748
:10677000D5016DFB8C41BDBF98436394970051D701
:10678000BA8783A6070903A7040963E2E6023387F1
:10679000E64083A6C40863F4E6003377D702637645
:1067A000A7003A856373C700BE859C43B1BF158FB0
:1067B00083A6C70863F4E6003377D702E37707FFC1
:1067C0003A88E374C7FE3E84CDB783D7A403B3F7FA
:1067D000E702C9FB9D46994763F5E600935717000A
:1067E0008D070567231AF406130707C88A07635342
:1067F000F700BA87231BF4068357C40303558400AC
:1068000013065002231DF4048357E4039305000884
:10681000231EF404C947A30EF4002244B24092445C
:1068200041016F60B04FADC103D7A40383D7A50367
:10683000B3F7E702B1EB8387C40163D707049D4632
:10684000994763F5E600935717008D070567239A6C
:10685000F406130707C88A076353F700BA87239B18
:10686000F40683D7C40303D5840013065002239D86
:10687000F40483D7E40393050008239EF404CD4772
:10688000A38EF400EF609049238E0400E1BDB7278A
:106890000020B726002023AE07E8938606BEB72760
:1068A000002003D6860023A407E083576508AA8545
:1068B00003270509B387C70237460F001305F623E0
:1068C00013060624AA97B3D7C7023726002003462B
:1068D000B6BA3E96636EC7003306C74003A7C50825
:1068E00037150020938695021305C5CA6FB0CEF206
:1068F000DC423E97D5B7B727002003A787E90111EF
:106900004AC806CE22CC26CA4EC62A8959C7BE8995
:10691000B727002003D787E185476310F708B7241E
:106920000020938704BE83D787000354690803259A
:106930000509938404BE3304F402B7470F0013879C
:10694000F723938707243A943354F402636B850644
:10695000B727002083A787B83304854082976365F3
:10696000A406098C635304000144B727002003C523
:10697000B7BA83A989E90581637B8504098C37450A
:106980000F0013050524B335A40203D68400814605
:106990003305A402EF50F1428299930700FB2307CD
:1069A000F9008347990262448545F240D244424946
:1069B000B249B395F500C205C181014505616FB0CB
:1069C0008EF9DC403E9569B7DC403E9459BF0145E5
:1069D000E1B7411106C6EF10201019C983278511B0
:1069E000014581E7B240410182809C430505D5BF46
:1069F0007D55CDBFB7270020938787D603A7470AC9
:106A0000411122C426C206C62A84AE846314A7009C
:106A100023A2070A8327041281CB03558400014671
:106A200093050008EF60902F8357440481CB0355F2
:106A300084004D4693051008EF60502E03558400E6
:106A4000154693051008EF60702DB240230A940498
:106A50002305040023080400224492440145410117
:106A600082808347A500638C073683570508411150
:106A700022C406C626C285072310F5088347F50001
:106A8000230C05002A8413F7270005E703570504A4
:106A9000954763E4E700014501A89305E003EFF0A3
:106AA0007FF5A305A4020945B24022449244410166
:106AB000828013F7070239CF93F7F7FDA307F5009C
:106AC0008327050A0347B500A305050293E747009E
:106AD0002320F50A8547631FF7028357A503130692
:106AE000204E03274509B387C702B3D7E7023727EC
:106AF00000208346A7BA034775039386060533072C
:106B0000C702B697C207C1832312F5088607BA9752
:106B10002311F50883471401858BF5C78357E405D6
:106B2000035704046398E7288357C4038355C405B7
:106B3000034584022310F40683475405231FB4023F
:106B40009205A30BF40283576405F915B7240020BE
:106B5000231CF4028357A405938404BE231EF4026D
:106B6000EFB0AEE80347B400231004088357840352
:106B70006313071E03D78400D040B387E7021307CF
:106B8000003293870719B3D7E70203270409D10717
:106B90003E97BA866364F7006364C700B306C740D4
:106BA000835784052328D408231DF4028347D40186
:106BB00081C72285EFF0AFFF03D784008357A4037A
:106BC0009306003223110402B387E70233D6D702BB
:106BD000B3F7D7029306204E2326C408B387D70203
:106BE000B3C7E7022310F402835704042312F4020C
:106BF0008347F40093E70702A307F40083471401D7
:106C0000F99BA308F40083471401898BB9C7035784
:106C1000E41283570404B306F74013960601634059
:106C2000061A631CF7028147014893048413232C3E
:106C3000F412232E0413154693058412268597908B
:106C4000FA1FE780E05D2685EF10C05A83471401E4
:106C5000A306A412F59BA308F4008347140113F7BD
:106C6000070135C78356C414035704043386E6402E
:106C70009315060163C50514639BE604BD9BA30839
:106C8000F4008347A41499C7898B6384071485474C
:106C90002303F4148347B41499C7898B638E0712B6
:106CA0008547A303F4142285EFF08FBF8347C40701
:106CB00099C78327040A93E707102320F40A832740
:106CC000040AA305040293E707202320F40A83475C
:106CD000140113F707021DCF37270020032787DB96
:106CE00013068005834647001857B386C6023697B9
:106CF0008356C701035704043387E6401316070180
:106D0000634A06000357C4146316D70093F7F7FDD0
:106D1000A308F4008347A40293F70704E38D07D682
:106D20000357640483570404E317F7D603470401A9
:106D30009307A0046315F70085472308F400832711
:106D40008410C18BE38907D48327440A93E7074063
:106D50002322F40A89B30347441703568405218B81
:106D600019CF83560404035764178355A403158F62
:106D70003307B7023347C7023697231BE41685CB88
:106D800003D78400CC40B307F70213070032938780
:106D90000719B3D7E702032704093E97BA8663644D
:106DA000F7006364B700B306B7402328D408231D57
:106DB000C40219B5998F13970701E35607E49305A9
:106DC00080022285EFF01FC3A305A40213058002F1
:106DD000E1B9230304147DBDA3030414E9B50545FB
:106DE000828005C541119305200222C406C62A846B
:106DF000EFF05FC0FD57A305A40223080400A3031E
:106E0000F402B24022444101828082800DC94111C6
:106E100022C406C68347F5002A849305E003898BC4
:106E200091C3A145EFF01FBDFD57A305A4022308A0
:106E300004002304F402B240224441018280828093
:106E40008327050A797122D406D626D24AD04ECE9F
:106E500052CC56CA2A84638B073613F7270019CB06
:106E6000F59B2320F50A0355850019469305000874
:106E7000EF60C06A8327040A13F747004DC7ED9BF4
:106E80002320F40A8347A40293F7070491CF8327B2
:106E90008410C18B99C78327440A93E707402322B4
:106EA000F40A2285EFF04FAC0347B4008547034650
:106EB0004401835624066317F76C8357A403130712
:106EC000204EB387E70203274409B3D7E7023727E9
:106ED00000200347A7BA13070705BA97C207C18363
:106EE0000347B4022312F40886072311F40893071A
:106EF000000819C393070004230EF40019E6834722
:106F0000A40293E717002305F40281EA03558400E5
:106F10000D4693050008EF60606023110406230A04
:106F20000400A30E04008327040A13F787000DC38F
:106F300003558400DD9B2320F40A154693050008C1
:106F4000EF60C05D8347A40293E747002305F40286
:106F50008327040A13F7070139C7BD9B2320F40ACE
:106F60008347D40403558400214689C7A30604043B
:106F70001306000393051008EF60405A8347C404CA
:106F800089CF83278410C18B89CB8355A4042285A4
:106F90009205C205C181EFE0FFE08347A40293E7B9
:106FA00017002305F4028327040A13F7070415CBFF
:106FB0000347F40493F7F7FB2320F40AA14763FB8C
:106FC000E7008347B40099E78327440A93E7070162
:106FD0002322F40A03558400314693051008EF601C
:106FE000E0538327040A13F7070245CB8346B40016
:106FF00093F7F7FD2320F40A0327C4108327841096
:1070000099EA1377070801CB0327440A37064000A3
:10701000518F2322E40A93F707026380075AADE2F7
:107020008357641B0357641C6304F702834674147C
:107030000947639EE6560567130707A9637AF700B9
:107040008327440A056713070780D98F2322F40A90
:107050008357A41B0357A41C6304F70283466414DC
:1070600009476399E6540567130707A9637AF70090
:107070008327440A056713070780D98F2322F40A60
:1070800003558400114693050008EF6020498347AB
:10709000A40293E717002305F4028327040A13F7D9
:1070A000071005C70355840093F7F7EF2320F40A70
:1070B000230E04061D4693050008EF602046834713
:1070C000A40293E717002305F4028327040A13F7A9
:1070D000070809CF0355840093F7F7F72320F40A34
:1070E0001306700593051008EF6040438327040AD8
:1070F00013F7072031C393F7F7DF2320F40A834700
:107100006414230F0400A29703856716A301A41437
:10711000EFA010592301A4142285EFE0BFDD035531
:107120008400314693050008EF60403F8347A40286
:1071300093E717002305F4028327040A1397270116
:107140006357070079777D17F98F2320F40A832787
:10715000040A13970701635A0704B727002003C5E1
:10716000B7D683450403EFB0BE9E8357A40313072D
:10717000204E232AA408B387E70237270020B3D77D
:10718000A7020345A7BA61777D1713050505AA97DE
:107190002312F4088347A40293E717002305F4029F
:1071A0008327040AF98F2320F40A8327040A858B96
:1071B00091CF8347A40283454405228593E71700B6
:1071C0002305F402EFF01F83A305A402830714161E
:1071D00085C70307440399463306F74063D6C63E86
:1071E0008327440AB7061000D58F2322F40AF557E7
:1071F000A302F416A300E4168347A41613F727008E
:1072000045C3830644030307241663DCE600032713
:10721000440A37061000518F2322E40A1147A302C3
:10722000E41603073416635CD7000327440A3706C5
:107230001000518F2322E40A7157A302E4160307BA
:1072400004161306F007630CC7020346D416034561
:10725000E416158F62076187B306A6406352D738DC
:1072600093F60701639E063693F7F7F893E7070155
:107270002305F4168357041785072319F41683573B
:10728000241799CFFD17C207C1832319F41689EB80
:10729000035584001306000293050008EF600028E0
:1072A0008347A400B9C38327041299CF8347A4015D
:1072B00081EF03558400014693050008EF60002626
:1072C00001E58547230DF4008357440499CF834794
:1072D000140381EF035584004D4693051008EF60B9
:1072E000E02301E58547A308F4028347441713F719
:1072F000070179C7BD9B230AF4168327440A898BAB
:10730000E1E303470401D547630CF70A83471401FF
:10731000898BDDE78144814901498D4A130A500276
:107320001397840161879377370009872297034772
:10733000D7178607B397FA007D8F638BE700268601
:1073400005458145EF502125B3E9A9003369B9000E
:107350008504E39744FD032584138325C413337503
:1073600035012AC4B3F5250128002EC6EF00906828
:107370008347541363EEA700034544037D578547B5
:10738000591562052C0061853AC43EC6EFA0F07D18
:1073900003278413A2476317F7000327C413B247D8
:1073A0006300F70215462C00130584129790FA1F0C
:1073B000E78000E78327440A93E727002322F40AA3
:1073C00083464417A54713F796006316F70403573F
:1073D0000404835764176360F704B307F7401396F8
:1073E0000701634A0602834754171306000A05077C
:1073F000B387C7020356A403DD9A230AD416B3C782
:10740000C702BA97231BF4168327440A3707800064
:10741000D98F2322F40A8347A402E1CB918B91CF29
:1074200003460401C165938505A02285EFE0FF9C1A
:107430008347A402ED9B2305F4028347A402858BB6
:107440008DC3034574029307F00F6307F500EFB097
:107450000E9FFD57A303F4028347A402F99B230563
:10746000F4028347A402898B91CF8355E40303453B
:1074700084029205F915EFA05ED78347A402F59B1D
:107480002305F4028347A402A18B85C38355E4033B
:107490000D4622859205F915C205C181EFE0FF95E1
:1074A0008347A402DD9B2305F4028347A40213F75C
:1074B000070101CF0345640293F7F7F82305F402AF
:1074C000EFB0EE97FD572303F4028347A40213F7AE
:1074D000070201CF8355A4040345640293F7F7FD27
:1074E0002305F4029205EFA05ED08347C40193F711
:1074F000070C89CB0347B400854722856312F71236
:10750000EFF08F9C83570404ADC713074006B3F711
:10751000E702A5E3B727002083A747E9B7240020A7
:10752000938484D6898BB1C337290020130949B9C4
:10753000032709031DCB83D7040183D524012545E7
:10754000C207DD8D02978327090383D5E40029450F
:10755000829783270903831524032D458297832768
:10756000090383054403314582972397040023A828
:107570000400B250225492540259F249624AD24A4B
:107580004561828093070004230EF40019E68347C7
:10759000A40293E717002305F402E392069803552B
:1075A00084000D4693050008EF5050778DBA1307FD
:1075B000801469B41307801455BC8327440A7D776F
:1075C0001307F77FF98F5DBC998FE3D7F6C2832746
:1075D000440AB7061000D58F2322F40A8D4709B953
:1075E0008346B4168345C4163388B600635BE8004F
:1075F00013F807046317080093F7F7F893E70704F5
:1076000085B92A96E34DC7C68D8EE3CAE6C613F741
:107610000702E31607C693F7F7F893E7070289B95D
:10762000EFE03FFBC5B501114EC6B7290020938797
:1076300089D622CC03A4070A4AC837290020930719
:1076400009BE83D7870026CA83546408032504092A
:1076500006CEB384F402B7470F001387F72393874E
:10766000072452C456C25AC0938989D6130909BE49
:10767000BA94B3D4F402636F9502372A00208327AB
:107680008AB8B3049540829763EAA402898C63CBDD
:10769000040283570404A30F040085072310F40495
:1076A000834704146390071222859790FA1FE7809E
:1076B000806531AA832749003E95C1B783274900D9
:1076C000BE94E9B783278AB8829703278408636644
:1076D000E50A198D8357E403035789008E07B387A2
:1076E000E7021307003293870719B3D7E70263EB6A
:1076F000A708B74A0F00138BFA23938A0A248357EB
:10770000040485072310F4048347041491E72285B9
:107710009790FA1FE780205F2285EFF08FB46318FF
:107720000524832604098327C40803274900B69744
:107730003E8563E4D70063E4E7003385E740834791
:10774000F401835464082328A4088507A30FF400D8
:1077500083578900B384F402DA94B3D45403636B7F
:107760009504B304954083278AB8829763E8A404FC
:107770003385A440E34505F829BF83274900998F45
:107780003E9589BFA1452285EFF0CFA6A305A402AF
:10779000B727002003A347BC630B031C6244F240DD
:1077A000D2444249B249224A924A024B8945154580
:1077B00005610283B3049740AA9475B783274900F3
:1077C000BE947DB722859790FA1FE780205E2285C0
:1077D000EFF02FA9631D051803558900835764082E
:1077E000B7460F001386F623B387A70293860624B5
:1077F00003270409230B0402832A4900B297B3D755
:10780000D7026360F718B307F7408326C408232420
:10781000F408014BB387E600BE8463E4D70063E459
:107820005701B38457418357040223289408B1CBEE
:10783000835604040357440237460F002312D40230
:107840003387E640B387E702035724021306062472
:1078500081468145BA97C207C1833385A7022311A8
:10786000F402EF40115611CD2695B3349500AE9435
:10787000AA8763149B0063645501B307554123280D
:10788000F40883278AB88297AA8483278AB88297C4
:10789000E30D95FE83278AB883248408829763E7E3
:1078A000A40E3385A44063010510035A8900835751
:1078B0006408B7440F001387F423B3874703938406
:1078C0000424BA97B3D79702372700200347B7BAE3
:1078D000BA9763EBA70CB33595020359240252867D
:1078E000814633059502EF40D14DB30AA900330517
:1078F000490337460F001306062481468145EF40B1
:10790000514C05C1B337950252868146B385B40206
:107910003385A402BE95EF40D14A3305A940231117
:10792000A4023545EFA0B01523A0890A0347B4008F
:1079300085476311F706930700FD2307F400B72777
:10794000002003A5C7EA8145EFA09EEDB7270020E0
:10795000938787EB1547A383E700B727002083A70A
:1079600007EE37071000860A98C723A85707F2408A
:107970006244D2444249B249224A924A024B0561CA
:107980008280B3065701B387F64041B5832749008B
:10799000BE9401BF930710FC2307F400B727002013
:1079A000814503A547EA4DB723A0090A83479402FE
:1079B00085456244F240D2444249B249224A924A41
:1079C000024BB395F500C205C181014505616FA069
:1079D0008EF8411122C406C62A8483278411CDEB78
:1079E00083270412E1EB0325041109C59780FA1FD0
:1079F000E7808073034574029307F00F6304F5007A
:107A0000EFA0FEC3034564029307F00F6304F50083
:107A1000EFA0FEC2034584029307F00F6304F50054
:107A2000EFA0FEC1034594029307F00F6307F50032
:107A3000EFA0FEC0FD57A304F402035584008D247B
:107A4000B7270020938787D603D7070B15EF372773
:107A50000020232E07E837270020032747BE23A650
:107A6000E70AB727002083A7C7B999CF372400209A
:107A70001304C4B3085009C99780FA1FE780C06A8D
:107A80002320040223220402B240224441018280C6
:107A9000C84309C59780FA1FE780006983278411CE
:107AA00003D7A700136707F02395E7009C43232C17
:107AB000F41025B7C84309C59780FA1FE780C06650
:107AC0008327041203D7A700136707F02395E70065
:107AD0009C432320F41229B7B727002083A707E08F
:107AE00099E33E85828003D78700E30CA7FE9C4381
:107AF000C5BFB727002083A707E137270020C1664D
:107B0000834537BAFD16014703D6A7006309A600CF
:107B10006307D6000507C107E3D8E5FE81473E8528
:107B20008280411122C437240020130484D6832785
:107B3000840A06C626C2A1EBB72400200355E4023E
:107B4000938444B983C7F40013051502158585078E
:107B5000160592073E95420541819305B020978016
:107B6000FA1FE780204E05C183C6F4002324A40A2F
:107B700081471387160012072A97130640F59305CD
:107B800020F563D7F600B24022449244410182803E
:107B900099EB2315B50058C18507C207A30405005A
:107BA000C1834105F9BF2315C50023220500EDB7A8
:107BB0004111930530261305001D06C622C426C2B6
:107BC0009780FA1FE78000481306001D81452A842C
:107BD0009780FA1FE780E06B014505CCB7240020B1
:107BE000938784D683A68709938484D695CA3687DB
:107BF0008547035687006304F60618437DFB23146C
:107C0000F400B9E322859780FA1FE780E05103551D
:107C10008400B24022449244410182803687D1BF21
:107C200085472314F40023AC840823AE84082398EA
:107C3000F40AEFF01FEF83A7C40923A00700230570
:107C4000040023070400E1B783A7C40980C383D7D6
:107C5000040B23AE840885072398F40AE9BF138731
:107C600017009317070113160701C183E35806FA9B
:107C7000814771B7B7270020138787D60325870A66
:107C8000411122C406C6138487D609C59780FA1FFE
:107C9000E78080492324040AB240224441018280C3
:107CA000411122C437240020930784D683A6870974
:107CB00006C60147B687130484D6B1CB03D6870026
:107CC000631BA60405EB9842232CE4083E859780AD
:107CD000FA1FE78060458327C40923A00700835764
:107CE000040B9DE3EFF01FF9232C0408B24022445B
:107CF000410182808326C4096395F600232EE4089F
:107D0000F1B7944314C3D9B7FD172318F40A835766
:107D1000040BE9FFC1BF3E879C4345B737250020D0
:107D200071468145130505E01783FA1F6700635606
:107D30008327C50803568508797193D60701BD8E40
:107D4000C206C182358E1357764093575640898BB1
:107D5000058B5D8F93573640918B5D8F93571640FF
:107D6000A18B5D8F93171600C18B5D8F9317360023
:107D700093F707025D8F931756009355860093F78C
:107D800007041E065D8F1376F60F518F93D755406B
:107D900013D63540118A898BD18F13D67540D18F78
:107DA00013D61540218AD18F13961500418AD18FA1
:107DB0001396350013760602D18F1396550013766D
:107DC00006049E05D18F93F5F50FCD8FA20745468A
:107DD0005D8F3307C70222D42A8426D252CC56CADA
:107DE000032A040A832A440A5AC806D63697420749
:107DF000418393577740135557400989858BC98F25
:107E0000135537401189C98F135517402189C98FE0
:107E1000131517004189C98F131537001375050213
:107E2000C98F1315570093558700137505041E0756
:107E3000C98F1377F70FD98F13D5354013D7554016
:107E40001189098B498F13D57540498F13D515407A
:107E50002189498F139515004189498F1395350064
:107E600013750502498F13955500137505049E057A
:107E7000498F93F5F50F4D8F2207D98FB387C7022E
:107E80004AD04ECE5EC662C4B697C207C18313D72E
:107E9000774013D557400989058B498F13D5374053
:107EA0001189498F13D517402189498F13951700E0
:107EB0004189498F1395370013750502498F139532
:107EC000570093D58700137505049E07498F93F7D4
:107ED000F70FD98F13D5354013D755401189098B2A
:107EE000498F13D57540498F13D515402189498F86
:107EF000139515004189498F1395350013750502B7
:107F0000498F13955500137505049E05498F93F508
:107F1000F50F4D8F2207D98FB387C7021306500282
:107F20005285D685B697BD8E93940601C18033F6EF
:107F3000C402137BF60FEF40416305891DE98347B7
:107F4000140801498149B3849702130C5002C1807F
:107F50004A865285D685EF4041610589937BF90FAA
:107F600011C563863403850993F9F90F0509E311F7
:107F700089FF230F6407B250225492540259F249E8
:107F8000624AD24A424BB24B224C456182805E8BA0
:107F9000CDB78327450903568508797193D6070124
:107FA000BD8EC206C182358E135776409357564018
:107FB000898B058B5D8F93573640918B5D8F9357DF
:107FC0001640A18B5D8F93171600C18B5D8F9317A1
:107FD000360093F707025D8F93175600935586007E
:107FE00093F707041E065D8F1376F60F518F93D714
:107FF000554013D63540118A898BD18F13D67540E1
:10800000D18F13D61540218AD18F13961500418A3E
:10801000D18F1396350013760602D18F1396550033
:10802000137606049E05D18F93F5F50FCD8FA20729
:1080300045465D8F3307C70222D42A8426D252CC0C
:1080400056CA032A840B832AC40B5AC806D636970D
:108050004207418393577740135557400989858BD1
:10806000C98F135537401189C98F1355174021897E
:10807000C98F131517004189C98F13153700137560
:108080000502C98F13155700935587001375050412
:108090001E07C98F1377F70FD98F13D5354013D724
:1080A00055401189098B498F13D57540498F13D5D8
:1080B00015402189498F139515004189498F1395E2
:1080C000350013750502498F139555001375050486
:1080D0009E05498F93F5F50F4D8F2207D98FB387F2
:1080E000C7024AD04ECE5EC662C4B697C207C183ED
:1080F00013D7774013D557400989058B498F13D57E
:1081000037401189498F13D517402189498F13951D
:1081100017004189498F1395370013750502498F60
:108120001395570093D58700137505049E07498F53
:1081300093F7F70FD98F13D5354013D755401189D1
:10814000098B498F13D57540498F13D51540218967
:10815000498F139515004189498F13953500137583
:108160000502498F13955500137505049E05498F27
:1081700093F5F50F4D8F2207D98FB387C7021306EA
:1081800050025285D685B697BD8E93940601C18064
:1081900033F6C402137BF60FEF40213D05891DE93C
:1081A0008347F40801498149B3849702130C5002B4
:1081B000C1804A865285D685EF40213B0589937B55
:1081C000F90F11C563863403850993F9F90F050981
:1081D000E31189FF230F6407B250225492540259CD
:1081E000F249624AD24A424BB24B224C45618280EC
:1081F0005E8BCDB7834715000347250083464500B6
:10820000A2074207BA9703470500FD8A0548BA97B7
:10821000034735009305000201456207BA970147FD
:108220003316E8007D8E01C605051375F50F0507A9
:10823000E318B7FE8147214633D7F640058B01C7C7
:1082400005051375F50F8507E398C7FE82800111B8
:1082500052C656C4032A8513832AC51322CC26CAC4
:108260004AC806CE2A84A30B0512A3060512814430
:108270001309500226865285D685EF40012F0589C5
:1082800011C58347D4128507A306F4128504E3932E
:1082900024FFF2406244D2444249324AA24A056174
:1082A0008280411126C2B7240020138784D622C4BD
:1082B0000324070906C64AC083475406230204065E
:1082C00085E38547B72500202302F40619469385E8
:1082D00005E5130564069780FA1FE78060F461A046
:1082E0008546639CD700034727000DEB4945B24004
:1082F0002244924402494101828083254408138923
:1083000084D6E1E58347C40695E3034754068947CD
:10831000E309F7FA83472900F1DB8547B7250020F9
:108320002302F4061946938565E565B71305C4066F
:108330009790FA1FE78020CE2322A40805C1834727
:10834000A50089CF89472302F40619469305C50085
:10835000130564069780FA1FE78080EC0347440604
:108360008947E314F7FAB7050001FD150145EFA0B1
:108370001E8B68CCEFA0C03228CCC1451545EFA0BC
:108380009E858547A303F4008D472302F4008347AD
:108390008403372900202306A4000D471309C9B31D
:1083A000639EE70203564403835764040345390080
:1083B000C1453E96EFA08E9A03453900C145EF9026
:1083C0009ED90145238404D61DB783C7A50095DF38
:1083D00089472302F4061946B1059DBF09470345A5
:1083E00039006396E70003566404C145E1B70356BC
:1083F0004403E5BF4111930590241305000A22C4EC
:1084000006C69780FA1FE780E0C32A842DCD1306A5
:10841000000A81459780FA1FE780A0E7B727002070
:1084200023AC87DEB7270020938787EB9853DC5374
:1084300023020400232AE408232CF408FD57230018
:10844000F404930710FB2303F400B7870500938718
:10845000272A2324F408B78705009387A7792326C2
:10846000F408B7870500938707642328F408B72723
:10847000002083C7C7BE81EBB727002003A507EA0A
:108480009145EFA0EEB92285B2402244410182809D
:10849000411106C622C426C2AA84EF90F055930764
:1084A00000FB2383F400B727002003C5F7B393052F
:1084B000000237240020EFA0AE9183D644031307B7
:1084C0000064834784D63347D702850793F7F70FB5
:1084D0002304F4D663C6E700EFA06EF6230404D6A7
:1084E000B2402244924441018280011126CAB7243D
:1084F000002022CC06CE4AC84EC652C4938784EBD5
:1085000083C777001547138484EB6307F70083471D
:1085100074000D476311F7028347940089E79307BE
:1085200070102314F400F2406244D2444249B2492C
:10853000224A05618280B72700200D4583A987DF85
:1085400037290020EF90B053032749EBB7C7898E36
:10855000938767ED1CC7B7575500938757555CC382
:1085600003C7A9039307F00F6305F700FD57238D99
:10857000F902372A002003270AEE8547A38CF90267
:108580005C430145014693E717005CC3930720FB5A
:108590002383F9009D47A303F400238C04EA930589
:1085A000500223020400B7240020EF90B02D03A74F
:1085B00044F301455C57F59B5CD783C7590083267C
:1085C00049EB13F7F7079C4293F707F8D98F9CC242
:1085D000B727002083C7C7BE89C7B727002003A5D8
:1085E00007EAEFA04EA5032749EBB70633001C436B
:1085F00093F7F7CF1CC31C4393F7F7CF93E70720FC
:108600001CC383A744F39847558F83260AEE98C767
:108610003707030013078715B8CAA3020400A30095
:108620000400054798C2D8431377F7EFD8C3010079
:10863000010003A744F35C4393E707105CC3E5B56F
:108640004111B727002022C403A487DF06C626C233
:10865000834794032147638DE70A89448346540086
:10866000639D970A930770026382F6129307500284
:10867000930560026384F60093057002B72700201B
:1086800083A747EBA302B4003727002094433706A3
:10869000CEFF7D1693F6F6CF93E6061094C303271C
:1086A00047F3370833001447F18E14C7B72600206C
:1086B00003A506EE37060300B726002030C9238C39
:1086C00006EA938686EB23820600A3820600A38037
:1086D0000600854614C194431306861593F6F6CF1B
:1086E00094C3944393F6F6CF93E6062094C31447BD
:1086F000B3E6060114C730C95457F59A54D79843C6
:10870000137707F84D8F98C3930720FB2303F400DA
:10871000B240224492444101828093077002638DEB
:10872000F60293075002130760026384F6001307F2
:108730007002B727002083A647F3A302E400DC56AB
:10874000F59BDCD6B727002083A647EB9C4293F726
:1087500007F8D98F9CC24DBF83478403898B9DC77F
:10876000B72700200356A40403C5F7B393050002FE
:10877000EF90DEDE93075002A30C9402A302F400F4
:108780002244B240924441016FF03FD622852244F8
:10879000B240924441016FF0BFCFB72700209387CA
:1087A00087D603A7470A3DE3411122C403A4070962
:1087B00006C69307000B034764006304F700EF90BD
:1087C000B02383478403372700200345F7B313F70B
:1087D000170019C78547A30CF4020356240301A808
:1087E000898BEDDB0356A4048947A30CF40293059F
:1087F0000002EF90BED693075002230F0402A3029B
:10880000F4002244B24041016FF03FCE828001115A
:108810004EC6B729002083A709EE22CC26CA4AC833
:1088200006CED84337290020AA8413671700D8C37F
:10883000832649EB37C7898E130767ED98C63757EC
:10884000550013075755D8C2D84301469305F00F7A
:1088500013671700D8C3930730FB2303F500B7272E
:108860000020138487EB1D470345C503A303E400E1
:10887000238C07EA23020400EF90D00003A609EE40
:10888000A3020400A300040085471CC2832749EB10
:10889000B705330098431377F7CF98C398431377FE
:1088A000F7CF1367072098C337270020032747F324
:1088B0001447CD8E14C7B70603009386861534CAB5
:1088C0005457F59A54D703C7B4039376F7079843E0
:1088D000137707F8558F98C3F2406244D244424957
:1088E000B249056182807D572300E5040347950363
:1088F000411106C6230DE5022147A30CE5020347FB
:10890000B503A302E500EFF09FF037270020032610
:1089100007EE8177FD175446F58F5CC60F100000F7
:10892000832707EE37070200130600F898C737279A
:108930000020130787EB2302C7000567B240130727
:1089400027A9F8D3D4C741018280011122CC06CED9
:1089500026CA4AC84EC652C403479503A1472A8473
:108960006319F726930750FB2303F5000345C5035E
:1089700093052002EF9080660349C403894763F39F
:10898000270109491379F90F832444099307200229
:108990002304F40095472380F40003476400B729BB
:1089A00000209307400B938989D6631CF70083A7A7
:1089B000890D139717016356070093075002238010
:1089C000F40093072002A380F4000347440689477C
:1089D000130A6406631BF700832544081946528571
:1089E000B1059780FA1FE780A08383475406858BE3
:1089F00091E70347440689476318F70083C70400DB
:108A000093E707042380F4001946D28513852400D8
:108A10009780FA1FE780C0808347540799C783C7B0
:108A2000040093E707F82380F400194693056407D0
:108A3000138584009770FA1FE780807E8347840542
:108A40002387F40083479405A387F4008347A40594
:108A50002388F4008347B405A388F4007C4C13D723
:108A600087002389F400C183238AF400A389E400EA
:108A700089476313F9008D47A38AF40093171900FF
:108A8000A29703C7070583254409238CE40003D775
:108A900007052183A38CE40003C7A701238DE4000D
:108AA00003D7A7012183A38DE40003C7070283D75F
:108AB0000702238EE400A183A38EF40083D7090B61
:108AC000638707168D472317F404B7270020938781
:108AD00007BE83DE87009306003203D7A902138600
:108AE0000E193356D60234501307270283A2890980
:108AF00003AF470005872D07814313090032954FC7
:108B0000369616857D538357E40479ED63696700D3
:108B10008507C207C1832317F404E3F4FFFE8347EC
:108B2000E404238BF4008357E404A183A38BF400B3
:108B300083C76910238FF40083C77910A38FF400D3
:108B400083C789102380F40283C79910A380F4029D
:108B500083C7A9102381F4028347C400FD8BA3813E
:108B6000F40283C7390003C735029607D98FA38162
:108B7000F502B727002003A7C7F3B727002003A6F5
:108B800047EBB727002083A747F371C38346540000
:108B9000369703470700545637050082931587011F
:108BA0007D151377F7036607E98E558F58D6E18553
:108BB0001307A0036352B70AF84FB7060007558F93
:108BC000F8CFF2406244D2444249B249224A056198
:108BD0008280930740FB2303F500930520020145A3
:108BE000EF90C03F01494DB3B386D703032E05096B
:108BF00093860619B3D62603B388C600B3B6D80049
:108C000046886394D30063E4E8013388E841B306FF
:108C1000C84163690E01B3060E4163F5E60085079E
:108C20002317F40463F3660036830841E9BD83C764
:108C3000950103C785019946A207D98F8D838D07BA
:108C40003E8763F3F60019472317E404C9BD3727AD
:108C50000020034787BA81B713072002635AB70081
:108C6000F84FB70600F9FD16758FB706000581BFEE
:108C7000370700F99306F7FFF84F6946758FB70677
:108C80000003E34EB6F2B706000115BF411122C43E
:108C9000372400201304C4B326C2AA840345340039
:108CA000C14506C6EF90DE920345340093050002ED
:108CB000EF901E92B7270020938787EBA3830700CE
:108CC000B2402244238204002393040092444101D1
:108CD0008280411106C626C222C44AC0AA84EF106F
:108CE0007026EFE07FDF6DC5B85083A744090148C7
:108CF0002324E508B84CB72500202A84232CE50856
:108D0000F84C15469385E5E6232EE50803C7570181
:108D10001305851337290020A30FE5EE03C777015C
:108D200083C66701130989D62207558F2310E5F002
:108D300003C7970183C687012207558F2311E5F0EA
:108D400003C7B70183C6A7012207558F2312E5F099
:108D500003C7C70183C7D701A207D98F2313F5F033
:108D600083C7C40023220501A30EF5EE81471CC171
:108D70009770FA1FE780C04A03C764009307600B2F
:108D80006310F70685472300F41483C7C403230345
:108D9000F414A303F4142285EF10F0078327090EBF
:108DA00003558400294693F7072091E30546930570
:108DB0000008EF40A0768327890D139717016359A8
:108DC000070003558400514693050008EF400075E5
:108DD0002244B24002492685924441016FF01FEBC4
:108DE0008327890D13971701E35707FA83A74409CF
:108DF00003C7070083A7840983C70700F98F9583FA
:108E0000858B2300F41441BF011122CC06CE26CA63
:108E10004AC84EC68347C5072A8481EF0325440804
:108E200055E50347D40085476318F71468582C5C50
:108E300019AA0325450829C58347A500B1C383475F
:108E4000D407C9C3834734081307000493F7070CFA
:108E5000639AE7069304E407A6856905EF40207E40
:108E6000054783274408631DE5020947230EE406EE
:108E70001946A6851385C7009770FA1FE780403A08
:108E80000347C4078947E30BF7F819469305E4073E
:108E9000130564069770FA1FE780004441F121A092
:108EA00083C7170091EB8144F24062442685424912
:108EB000D244B24905618280B727002083C797D684
:108EC000E1D3D5B783471500C5FFF1BF834725011F
:108ED000A9DB83475407C1CF8347B40713070004B6
:108EE00093F7070C6395E70893096407CE8513058C
:108EF000A502EF40C0742A898547AA840325440847
:108F0000631DF9041946CE8551059770FA1FE78055
:108F10002031B727002083C797D681D78947230AF6
:108F2000F4068347D400E39127F98327440803D547
:108F3000270003D7470083D5670083D78700420700
:108F4000598DC207DD8D6244F240D2444249B24994
:108F500005611783FA1F6700032383471500A1D714
:108F6000B727002083C797D6E38D07EA2DBF834735
:108F70001500E39807EA05BF0347D4068347540763
:108F8000E313F7F21946930564071305E406977097
:108F9000FA1FE7806034B334A00039B7411106C628
:108FA00022C42A84EFF07F9AB727002003274409C0
:108FB00083A707EEB7068000B8DFB727002083A796
:108FC00047EB9843558F98C3D857719BD8D7978054
:108FD000FA1FE780E04AB240224401454101828005
:108FE000411122C42A840325850981460146814511
:108FF00006C626C24AC09780FA1FE780A04B6DE9DB
:10900000832484099D4683C70400BD8BA304F40018
:1090100003C714002305E400639ED70C83C7240014
:109020000346D40393D667006318D60C93F7F7036F
:109030001389440063F4E70C230A040683C7340051
:10904000858B85C78547230AF40683C70400CA8534
:1090500019469987858BA30AF40613056407977050
:10906000FA1FE780E01B1389A400230E040683C7C0
:109070003400898B85C78547230EF406832784092E
:10908000CA85194683C707001305E40719099D839C
:10909000A30EF4069770FA1FE780801883C7340088
:1090A000A18B81CB834719000347F4039183631994
:1090B000F7042285EFF05FD585479304F007631A24
:1090C000F5008347E40389CFFD17230FF402EF90E7
:1090D000A012B24022442685024992444101828076
:1090E00022852244B2409244024941016FF01FEBB5
:1090F0008544C5B79D44F1BF9544E1BF8D44D1BFC0
:10910000D144C1BF011126CAAA840325850981461D
:109110000146814522CC06CE4AC84EC69780FA1F2A
:10912000E7804039054451E903A9840921470344F4
:1091300009003D88A3848400834719002385F40037
:109140006315E4088349290013D7690049E31387AD
:1091500019006390E708034739008D47631DF70640
:10916000834709001946930549009987858BA38A8F
:10917000F406138564079770FA1FE780600A854735
:10918000238EF40683A7840919469305A90083C793
:1091900007001385E4079D83A38EF4069770FA1FDA
:1091A000E7800008B547639AF9022685EFF0DFC52E
:1091B00009C52685EFF0FFB101442285F2406244E3
:1091C000D2444249B249056182801D44FDB715442D
:1091D000EDB76544DDB74544CDB76144F9BF011132
:1091E00022CC2A840325850981460146814506CE85
:1091F00026CA4AC84EC652C49780FA1FE780802B01
:1092000063170528832484091D4603C70400937649
:10921000F700A304D40083C7140093F7F7032305D2
:10922000F4006391C61E7D57230DE40203C724009A
:10923000054693566700A30ED402639CC624137799
:10924000F70305076399E72403C73400E1479376E2
:10925000F7FB6394F624937787002A899389440067
:1092600085C783C754008566938606F0A207F58FED
:1092700083C6440093896400D58F2312F40483C706
:1092800054009183A30FF402418B014625CBEF805C
:10929000B07683C7090093F7F703A30DF40203C662
:1092A00029008967938707F022067D8E83C71900FE
:1092B0005D8E420641862311C40483C7290095832D
:1092C000230EF4028387090063D007109307C012AE
:1092D000834694033306F60285476397F600834777
:1092E000A400A9078E071D8EB7070080130746ED5F
:1092F00093C737ED63E5E71A230DD40283C7340023
:1093000093F7070491C7034794038947630CF71841
:109310000347A4039307F00F630DF70C13070050E6
:109320006366C70AB727002083A507EE01777D177C
:10933000D445758FD8C50F10000003A707EEB705F9
:109340000200B72400200CC7130500F8938584EBB6
:10935000130656ED2382A500060670D354C7BE89B6
:10936000138A84EB7C53FDFFA147A30CF4022285F2
:10937000EFF0EFC983A609EE8177FD17D846F98F84
:10938000DCC60F10000083A709EEB706020094C7E1
:10939000930600F82302DA0093062031F4D3D8C7ED
:1093A0009780FA1FE780C00D83C784EB858BB1C31C
:1093B00022856244238C04EAF240D2444249B249F5
:1093C000224A05616FF0DFC1F94719B7034704046A
:1093D0006311F7021306F6D8930710273356F602E7
:1093E0003795050093060404A2851305658EEF905A
:1093F000AE8AF24062444A85D2444249B249224A86
:1094000005618280398B4DE3E91793F7F70F7D47AC
:1094100013090008E36FF7FC8547230AF40683C7A6
:1094200004001946938524009987858BA30AF406C6
:10943000130564079770FA1FE78080DE8347940066
:10944000230E040605476393E70283258409230E50
:10945000F406194683C705001305E407A1059D839B
:10946000A30EF4069770FA1FE78080DB2285EFF0E9
:10947000BF9985472149E31EF5F622856244F240F3
:10948000D2444249B249224A05616FF03FB10549D1
:109490008DB71549B9BF0D49A9BF094999BF13092E
:1094A000100281BF5D49B1B71309000899B77971FE
:1094B000B727002022D403A487DF26D24ECEB724BC
:1094C0000020B72900204AD052CC56CA5AC85EC6DE
:1094D00062C406D6130A200B930A400B130B600BD1
:1094E000930B300B138984EB138C09BE8347640004
:1094F0006392470583C784EB858B81CB2285238CC0
:1095000004EAEFF0DFCD7DD129A0938484EB2382A0
:10951000040083474400638107142254B2509254DC
:109520000259F249624AD24A424BB24B224C45613F
:109530006FE0BFFB63955705B7270020938787EB44
:1095400003C71700058B0DCBB7240020A3800700AD
:1095500083A704BE938404BE8297930785003E8749
:10956000D44063E4A70063E4D7003387D74038D002
:109570002285EFF00FF671BF2382070059BF639F6A
:10958000670737270020032607EE8177FD1754462B
:10959000F58F5CC60F100000032707EEB707020027
:1095A000B72400201CC7130600F8938784EB23829E
:1095B000C700B727002083A747EB9C439D83858B7B
:1095C0009DCB930760197CD354C79780FA1FE7801F
:1095D00020EB83C784EB858B89CB238C04EAEF8057
:1095E000B0412285EFF01FB20DD58347E403850714
:1095F000230FF40239BF9307E01BF1B7639D770196
:1096000083C784EB858BE38607F02285238C04EAED
:10961000EFF01F9DCDBD1307500BE39CE7EE834792
:109620001900858B9DC783A709BEA30009008297F7
:10963000930705023E8783264C0063E4A70063E49A
:10964000D7003387D740930760FB38D02303F4005B
:1096500071BD2302090075BDB250225492540259C3
:10966000F249624AD24A424BB24B224C4561828057
:109670004111B727002022C403A487DFB7270020A9
:10968000138787EB06C603479700938787EB01CBC9
:1096900083C687000D476394E600A384070003C7D1
:1096A0007700A1466387E60003C777009946639970
:1096B000E60003C777002384E7000547A384E7009B
:1096C000EF8090332285EFF06FDC130630029305B4
:1096D00000080145EF309064034504049307F00F40
:1096E0006307F500EF80BEF5FD572300F404B24098
:1096F000224441018280B7870500372700209387E5
:10970000473F232EF7DEB7970500372700209387C2
:10971000E74A2320F7EA82808347651393D6370010
:10972000AA9683C5061313F7770033D6E540058A5A
:109730006302061083471501898B63940710832702
:10974000450A898B639F070E011122CC2A841305D9
:10975000851306CEEFE01FAA034754138347440343
:10976000636EA708138567FF62057D56FD462C00D2
:10977000618532C436C6EF80503F032684132247EA
:109780008326C413B247718FF58F6314E600638A92
:10979000F6002800EFE01FA6A54763EFA702A30A83
:1097A000A412834744178DE7034664132245B2454C
:1097B000EF20B15B058909CD8327C41093F7070813
:1097C00081CB8327440A37074000D98F2322F40A2C
:1097D000F2406244056182806D15A30AA412154609
:1097E0002C00130584129770FA1FE78060A383276B
:1097F000440A93E727002322F40A65B7138547FF3D
:109800008345641362056185EF80806F59F90346D3
:10981000641305458145EF201158032784138327DE
:10982000C4131345F5FF93C5F5FF698FED8F3AC457
:109830003EC675B78547B397E700CD8F2388F612EC
:1098400082808280411122C426C206C64AC0834754
:109850006503034735012A848507230BF502B724E6
:1098600000208347C500631F075213070004A309A4
:10987000E50003471501B19B93E737002306F50088
:1098800093178701A30D0500E18763D907001377BC
:10989000F707A308E500EF30A04639A88327850A1B
:1098A00093F62700A1CEF59B2324F50A8327051004
:1098B000918BB1C3EF10003D0347B4018547631C92
:1098C000F70E832784110347C400DC432380E7009D
:1098D0008327841103475401DC43A380E700032757
:1098E000841183A704EE5843B2402244B8DF924467
:1098F000024941018280EF1080367DBF93F6170048
:1099000099C6F99B2324F50AEF10202675B78346E4
:1099100005010546639FC624E1C313F7070119C774
:10992000BD9B2324F50AEF10D01579B713F7070470
:1099300001CB93F7F7FB2324F50AEF10203AADBFD4
:1099400013F7070801CB93F7F7F72324F50AEF2065
:1099500050349DB713F7071009CB93F7F7EF232483
:10996000F50A2285EF10C05381BF13F7074001CBE2
:1099700093F7F7BF2324F50AEF10705435BF139700
:109980004701635C07007D771307F77FF98F232476
:10999000F50A2285EF10606205B713972701635A15
:1099A000070079777D17F98F2324F50AEF1060728D
:1099B00021B72324050A832704110347C400238009
:1099C000E7008327041103475401A380E70083A71E
:1099D00004EE0327041109BF8327450A6383072880
:1099E00093F6070199C6BD9B2322F50AEF10700478
:1099F000E1B593F6070481CA93F7F7FB2322F50A32
:109A0000EF10001E55BD93F607208DCA4D8B631DC8
:109A100007188327851889EF8327440A232404180D
:109A2000228593F7F7DF2322F40AEF10900F69B530
:109A30009770FA1FE78020CC65F1BDBD93F6170043
:109A400099CA4D8B63120716F99B2322F50A2285CA
:109A5000EF00907C95B593F6270091CA4D8B631566
:109A60000714F59B2322F50AEF10C070B1B593F6E9
:109A7000074081CA93F7F7BF2322F50AEF1020238E
:109A800025BD9396470163DB06007D771307F77FBB
:109A9000F98F2322F50AEF10002639BD93F607024D
:109AA0008DC29770FA1FE78000C5E30705E08327A2
:109AB000440A228593F7F7FD2322F40AEF10400DA4
:109AC000E5BB93F6870081CADD9B2322F50A228538
:109AD000EF10702CD5B363DD070086078583232242
:109AE000F50A8327050A93E727002320F50AE1B545
:109AF0009396370163DC06004D8B5DE77D777D171C
:109B0000F98F2322F50AEF10E0277DB31397270181
:109B10006358070079777D17F98F2322F50A91B5ED
:109B20001397E700635A070001777D17F98F232207
:109B3000F50AEF10004649B31397B700635B0700BF
:109B40003707F0FF7D17F98F2322F50AEF10E05158
:109B5000A5B313979700635B07003707C0FF7D1716
:109B6000F98F2322F50AEF10605DB9B32322050AAD
:109B700099B59DCA9307600463EAD7089307500418
:109B800063FBF6169307C0026382F61C63E7D702F5
:109B900093073002638AF60063EAD700E9476385DA
:109BA000F616F5476388F6162285F5B1930760022D
:109BB000638CF61A93077002F5B793077003638AF4
:109BC000F61663EBD7009307E002638FF61893074E
:109BD0001003E38AF6D4C9BF930780036388F614A1
:109BE00093071004E392F6FC8347B502794763922A
:109BF000E70C83270510918BD5CBBD472306F502D3
:109C0000EF10400885472308F4007DB193077005E5
:109C100063E0D70693076005E3F6F6D49307B00434
:109C20006383F61663E7D70293077004E39EF6F6A4
:109C30000347B502F9476315F70AEF10400285475D
:109C40002308F4008347A40293E717002305F402D6
:109C5000A5B193071005E38CF6CE93075005E39565
:109C6000F6F49770FA1FE78000A9E30705C42DBF3B
:109C70009307B00663E1D7029307A00663FBF610D3
:109C8000930710066384F61093076006E39EF6F0D0
:109C9000EF10F02285BF93076007E38CF6CE9307A1
:109CA0006008E393F6F0EF10C042A9BFEF00307BED
:109CB00091BF0549639B27018357450703576507F4
:109CC000BA978587231CF50459B3EF3060038327C7
:109CD000040A2308240193E727002320F40AE9BE9D
:109CE0008357450703576507BA978587231CF504F3
:109CF000EF00905281BF8357450703576507BA9716
:109D00008587231CF504EDB7EF00D05ED947230A01
:109D1000F4045DB62285EF20B07E8327040A230871
:109D2000040093E717002320F40A79B6EF003069A6
:109D300061B68547A306F5049305C50A4146130598
:109D4000C50C9760FA1FE780A04D51B38D472306DD
:109D5000F5042322050E2324050E2326050E2328B1
:109D6000050EEF00705E89BE2285EF207079834773
:109D70001401DD9BA308F4008327040A93E707017D
:109D80002320F40A41B5EF007075ADBDEF20507788
:109D900095BDEF20F0768327040A05671307078037
:109DA000D98FF9BF37270020130787D683560701BD
:109DB00085062318D70003278511E30F07AE93E725
:109DC00007012306F500CDBC79714AD03729002060
:109DD000930789D622D403A4070A26D25AC8B724E7
:109DE000002037DB06004ECE52CC56CA5EC606D6E1
:109DF000130989D6938484EB372A0020B72A0020E0
:109E0000B7290020130B8BC1B72B00208347E40038
:109E10001307100C6399E71C83270AEE98430D8BF8
:109E20000DC737270020230307B8B84B1377F78FE8
:109E3000B8CB98431367870098C39C438D83858B69
:109E400089C701000100010001009770FA1FE78037
:109E500060B703260AEE03A74AEB930780077CD27C
:109E60005C57F19B93E717005CD783A7CBF3C1CB7B
:109E700083466413B69783C707005457B70500821B
:109E800013958701FD1593F7F703ED8EE607D58F40
:109E90005CD761859306A00383A749F363D4A60624
:109EA000F44FB7050007CD8EF4CF832784092285B0
:109EB0001CC78327C4095CC35C4293E717005CC2DC
:109EC00083A649F3DC56F59BDCD68347641393F6EF
:109ED000F7071C4393F707F8D58F1CC3EFF09F9645
:109EE00083475401F9C78347C404898BF9C3A2850A
:109EF0000545EF70F05129C1EF800030E9A3834799
:109F00002414A5BF9306200263DAA600F44FB70518
:109F100000F9FD15ED8EB705000571B7B70600F91C
:109F20009385F6FFF44F6948ED8EB7050003E34CC7
:109F3000A8F6B705000185BF03A74AEBB7063300B3
:109F40001C4393F7F7CF1CC31C4393F7F7CF93E75A
:109F500007201CC303A749F31C47D58F1CC7032741
:109F60000AEEB7070300938787273CCB03A749F383
:109F7000930700F8A381F400238304005C4393F764
:109F8000F7EF5CC30100010003A749F301455C43FF
:109F900093E707105CC30346540183456414930799
:109FA00030FC2307F40011069770FA1FE780C059B0
:109FB000B1BD03A74AEBB70633001C4393F7F7CFB5
:109FC0001CC31C4393F7F7CF93E707201CC303A7D9
:109FD00049F31C47D58F1CC7B707030003270AEEB8
:109FE0009387872559B71307400C639BE75283C7B4
:109FF0003400858B6386074E83C73400E207E18710
:10A0000063D307028347641313D7370093F67700AF
:10A0100022978547B397D7008346071393C7F7FF67
:10A02000F58F2308F7128347F40013F7270019EB85
:10A03000130700F893E72700230EE400A307F400BA
:10A040002322090A8345C4040325441193062403EB
:10A050001306440385899770FA1FE780A04583475C
:10A060004403034769042383A400998F230AF4025D
:10A0700083C76400858B639C07368347A402A30CC7
:10A0800004002310040893E727002305F402228527
:10A09000EFC06F9435E183278411A3090400B9C38D
:10A0A0000347B40121C303C79700058B05EF03D70E
:10A0B000A700C843136707F02395E7009760FA1FCE
:10A0C000E78080068357440485072312F40483271E
:10A0D00084119C43232CF4108327841881C7FD1717
:10A0E0002324F4188347540181CB8347C404898B0C
:10A0F00081C72285EFC02F9383C76400898B638358
:10A1000007108347C404858B638E070E8347940131
:10A110008507A30CF4002285A38104009760FA1F31
:10A12000E780007E85476319F5302285EFF08FF1D7
:10A130008347C404898B6387072C83475401638357
:10A14000072CA2850545EF70B02CE31705DA03A7AD
:10A150004AEBB70633001C4393F7F7CF1CC31C43ED
:10A1600093F7F7CF93E707201CC303A749F31C47D6
:10A17000D58F1CC703270AEEB707030093878727ED
:10A180003CCB83455401034564149105EF70106581
:10A1900083A74AEBB70680009843558F98C3D857DA
:10A1A000719BD8D7930730FC2307F4008327041250
:10A1B000B9C30347F400058B1DCFD44303C6C700C2
:10A1C00083C58700035584008906EFE0101805E574
:10A1D0008327041203D7A700A3840700136707F09F
:10A1E0002395E7009C432320F4128357240481C75E
:10A1F000FD172311F40403465401834564140945F3
:10A2000011065DB32285EFB09FFFE31605F02285AE
:10A21000EFB07FF88347140113F7870031C7034776
:10A22000640139C3834674014547636AD700372701
:10A230000200130747063357D700058B15E793072E
:10A24000D003230AF404930770022308F400834721
:10A25000C404858BE38107EC83476401E38D07EA3F
:10A260002285EFC04F8145BD8346D4000D47639DD5
:10A27000E60283477401130790026370F702834775
:10A2800074011D47E385E7FCA306F4028327840AD3
:10A2900093E717002324F40A5DBF8A07DA979C43EB
:10A2A0002285829769FD65B7034734011DEF034797
:10A2B0000401C146631AD70093E71700A308F4000E
:10A2C00085472308F40015A0D5466315D70093E70A
:10A2D0002700EDB7F1466315D7028327040A230848
:10A2E000040093E717002320F40A83476401A5D3F1
:10A2F00022859760FA1FE780E052E31E05E081BFE8
:10A30000930690056310D70A0347A41401CB0346B4
:10A3100064148546B396C600631CD7000346B41484
:10A3200015CE834574148546B396B6006308D602ED
:10A3300093E70701A308F40041D7937647008357BA
:10A34000A41CA1CA03578414938787E815C309473F
:10A35000B3C7E702938757FD214705A08347E40170
:10A36000E1DF8327040A93E707202320F40AE9B7F3
:10A370002147B3C7E702938757FDB3C7E7020357E7
:10A38000841CC207C18363F3E7003E872307E4040C
:10A3900005BF058B01C7938707FB7DBF9387C7FB6D
:10A3A0001147E1BF930770066318F70203A74AEB52
:10A3B0003C57ED9B3CD7238504003717004083575B
:10A3C0008701C607C583231CF7008347C40093F7A2
:10A3D000F7FD2306F400EDB593075009E317F7F0F6
:10A3E0008347441793E74700230AF416D1BD8347F8
:10A3F00084018507230CF4008357E90085072317A0
:10A40000F90011BB03A74AEBB70633001C4393F7CF
:10A41000F7CF1CC31C4393F7F7CF93E707201CC368
:10A4200003A749F31C47D58F1CC7B70703000327B1
:10A430000AEE93878725A9B3EF70105C8327041277
:10A44000A9C30347F400058B0DCFD44303C6C7004F
:10A4500083C58700035584008906EFE0006F15E18E
:10A460008327041203D7A700136707F02395E7009B
:10A470009C432320F4128357240481C7FD17231122
:10A48000F4042285EFC0DF9B8347940185C793F7CF
:10A49000070F81CB9305D0032285EFC0AFD5A3056D
:10A4A000A402B727002083A747BC89C79545130599
:10A4B000600882978347840199C78347C90481C78D
:10A4C0002285EFF06FA522852254B2509254025992
:10A4D000F249624AD24A424BB24B45616FC0AFC1AA
:10A4E00083270AEEFC53E393079223820400EF7064
:10A4F000B05083C73400E207E18763D70700835772
:10A50000290185072319F9002285EFC07F9383C7AE
:10A510003400E207E187E3D807FAEF804EF271BF1B
:10A520001307300CE39AE79C83C72400858BE1CFA7
:10A530008327040A23810400858B95C3EF70D04BD9
:10A5400003457402EF80AE8F83454405FD57A30396
:10A55000F4022285EFC00FCAA305A402ADB783554C
:10A56000441C0356641C034574149105C205C18143
:10A57000EF7050318347C404858BA1CFA28501457C
:10A58000EF70C07003A74AEBB70633001C4393F784
:10A59000F7CF1CC31C4393F7F7CF93E707201CC3E7
:10A5A00003A749F31C47D58F1CC703270AEEB7073B
:10A5B0000300938787170356441C3CCB930740FC4A
:10A5C000110642062307F4004182834574140545B1
:10A5D000E1BA03A74AEBB70633001C4393F7F7CF62
:10A5E0001CC31C4393F7F7CF93E707201CC303A7B3
:10A5F00049F31C47D58F1CC7B707030003270AEE92
:10A60000938787154DBF83270AEEFC53E39007809D
:10A6100023820400D5B0011126CAB72400204EC6FB
:10A62000938984D683C739004AC83729002006CECB
:10A6300022CC52C4130909BE0357A503A307F50290
:10A6400083578900130A00322A843307F7023746FA
:10A650000F001306062481468145938484D6335720
:10A6600047032326E5081305C0123385A702EF1020
:10A6700051752312A4082285EFB03FDE03578900ED
:10A680008357A4039306204E2285B387E702B3F7CE
:10A690004703B387D702B3C7E7022310F4028357F7
:10A6A000440886072311F408EFB0AFFC2285EFB011
:10A6B000BFAB8355E40322859205F915C205C1811C
:10A6C000EFB06FF72285EFD09FB8E147A30AF412ED
:10A6D000B727002083A747E923A2890A898B95C35E
:10A6E00037290020130949B98327090399CB83250A
:10A6F000840935458297832709038325C409394591
:10A700008297228562442397040023A80400F24024
:10A71000D2444249B249224A05616FC04F97411164
:10A7200026C206C622C4AA84EFD00FBB19C52A844C
:10A730002685EFC00FAA2324A418B24022449244D5
:10A740004101828001114EC606CE22CC26CA4AC8DB
:10A75000EFD00FC6AA8935C9EFD00FB82A84630B92
:10A760000516C1472315F500930700FB2307F500E5
:10A770003729002085472308F500930749B983D777
:10A78000070113074010130949B995073E85C20711
:10A79000C1836374F700130540101317050141834B
:10A7A000930700046374F700130500044205930542
:10A7B000D02441819760FA1FE780C0882328A41025
:10A7C00009ED03558400EFD0AFCDF24062444E85D1
:10A7D000D2444249B24905618280B727002083A74D
:10A7E000C7EDB7240020138784D68326C70D232AFC
:10A7F000F4108327870D03471700232ED40E232C34
:10A80000F40E938484D609E793F7F7F3232CF40E20
:10A810008327C40F0327840F231304142326F41063
:10A8200083D7A4032324E4100347E4022312F4147F
:10A8300083C7A404136717FC2307E402A307F414D7
:10A840008327440A13E707052322E40A03C7C40445
:10A8500001CB3707400013070705D98F2322F40ADD
:10A86000FD572310F4042313F4022304F402856734
:10A87000938787BB2315F4042285EFB01F9503450A
:10A8800049012301A414EF70005AD147A306F4161E
:10A8900093078002A305F4169307006F231FF41497
:10A8A0009307F0072300F416F5779387A7EB23119E
:10A8B000F4168327C40FA301A4142303A416A3032F
:10A8C000A41693F7070881C78547230AF416239433
:10A8D0000400E5BD8549D5BD411106C6EF50902164
:10A8E000EFE07FE1B240B7A705003727002093874C
:10A8F00087DC2322F7EA41018280834665010D4708
:10A90000AA876384E6000545828003274511034634
:10A910004700A305C502034737006316D702034764
:10A92000B50075F303470501930600026307D700DE
:10A930009306300201456317D7001307600223888E
:10A94000E70001458280BD466310D7020347050139
:10A950009306000401451377B70FE315D7FE1307DD
:10A9600050042388E7008280B946631AD7008346E3
:10A97000050113070003E398E6F80547C9B7D14678
:10A980006317D7008346050113070005EDB7D946C5
:10A990006318D7028346050113075005E395E6F6D1
:10A9A0000327050A136707202320E50A0547230824
:10A9B000E50003C71701136707F8A388E70051B73D
:10A9C000E946631BD7008346050113075006E39C45
:10A9D000E6F21307A006A5B7FD46631BD700834622
:10A9E00005011307A007E390E6F2130710F881BFF3
:10A9F00093063002E319D7F0834605011307500888
:10AA0000E393E6F005472308E5000347A502136733
:10AA100017002305E50271BFB147A30AF50083279C
:10AA20000511F9C70947A30AE5048356E50503574D
:10AA300005048355050663E7E60013865500998EE5
:10AA40006343D602B726002083D686E10D4811461F
:10AA50006365D800850613F6F60F2E972107A30A23
:10AA6000C504231FE5042381070003475505A3817F
:10AA7000E70003476505035685058356A505238230
:10AA8000E700035765052383C7002384D70021838C
:10AA9000A382E70013578600A383E70013D786003D
:10AAA000A384E7000357C50593558700A385B70026
:10AAB0008345E5052385E7002386B7008355E50533
:10AAC000A181A386B7008355A5038147639BC50079
:10AAD0000356C5036317D6008357E503998F93B7D1
:10AAE00017002311F506C1472308F50001458280B0
:10AAF00005458280832705110947A30AE50095C310
:10AB00002381E70003474505A381E7008347A502AA
:10AB100093E787002305F502F1472308F500014577
:10AB200082801D4582808547A30AF5008327051191
:10AB300091CB15472381E7009307B0022308F50066
:10AB400001458280054582808547A30AF500832759
:10AB5000051191CB19472381E7009307D002230801
:10AB6000F50001458280054582808947A30AF500EA
:10AB70008327051181CF1D472381E7008327051116
:10AB80000347D5020145A381E70082800545828005
:10AB90008547A30AF5008327051185C3294723812B
:10ABA000E7008347A50293E747002305F5029307D3
:10ABB00050032308F50001458280054582808547C2
:10ABC000A30AF5008327051191CB2D472381E700C8
:10ABD000930770032308F5000145828005458280B4
:10ABE000032705119947A30AF500B1472301F70090
:10ABF000B7270020938787D683D64701A301D700C4
:10AC000083C667012302D70083D66701A182A3020E
:10AC1000D70083C687012303D70083C79701A30307
:10AC2000F7008347E50213F7070409CF9307A00352
:10AC30002308F5008347E50293F7F7072307F5029A
:10AC400001458280858BFDD78327050AA305050270
:10AC50002307050293E707042320F50AE1BF89478C
:10AC6000A30AF5008327051181CF35472381E7002B
:10AC7000832705110347B5020145A381E7008280C0
:10AC8000054582808D47A30AF5008327051191CFE2
:10AC900045472381E7000347C502A381E700034737
:10ACA000B50201452382E700828005458280854701
:10ACB000A30AF5008327051185C349472381E700CF
:10ACC0009307A0042308F5008347A50293E74700F4
:10ACD0002305F50201458280054582808547A30A48
:10ACE000F5008327051191C74D472381E7000145F2
:10ACF00082800545828083270511D9C32547A30A91
:10AD0000E50051472381E7000347451B8355651B39
:10AD10008566A381E7000347551B93868684035607
:10AD2000A51B2382E7000347851BA383E700034796
:10AD3000951B2384E7002E8763F3B600368742070E
:10AD40004183A382E700856621832383E7009386FE
:10AD50008684328763F3C600368742074183A38423
:10AD6000E70021832385E7008347A50293E7470097
:10AD70002305F502930700052308F50001458280AD
:10AD800005458280032705118D47A30AF500D947A1
:10AD90002301F70083464514A301D70083475514C8
:10ADA000918A2302F7000357A51CB1C69306F0341D
:10ADB000814763FDE600930787E80357851415CBA9
:10ADC0008587938757FD8D87C207C1830357851CED
:10ADD00063F3E7003E878347A5022307E50493E773
:10ADE00047002305F502930750052308F5000145A8
:10ADF00082808D87F9B7858B99C7930707FB214719
:10AE0000B3C7E702D1B79307C7FB1147D5BF0327E5
:10AE100005118D47A30AF500DD472301F70083479D
:10AE20004514A301F700834655142302D7000347B6
:10AE3000B514F98F93F647000357A51CB1C69306C6
:10AE4000F034814763FDE600930787E803578514D4
:10AE500015CB8587938757FD8D87C207C18303571D
:10AE6000851C63F3E7003E87930780052308F50000
:10AE70008347A5022307E50493E747002305F5026E
:10AE8000014582808D87F9B7858B99C7930707FBAA
:10AE90002147B3C7E702D1B79307C7FB1147D5BF17
:10AEA0009547A30AF5008357050403270511E146DA
:10AEB000A107C207C1832316F5142301D7008346D7
:10AEC000A514A301D7000346B514A302070023036A
:10AED00007002302C7008325851441766D8E11C6B5
:10AEE000A302F700A1832303F70093F7460003575B
:10AEF000A51CA1C39306F034814763FDE6009307C8
:10AF000087E80357851405C78587938757FD8D8785
:10AF1000C207C1830357851C63F3E7003E8793078D
:10AF200090052307E5042308F500014582808D87FD
:10AF3000E9BF858A99C6930707FB2147B3C7E70294
:10AF4000C1BF9307C7FB1147D5BF832605118D47A6
:10AF5000A30AF500E5472381F600834775140346ED
:10AF600065140547B317F7003317C700D98FA381BE
:10AF7000F600834715142382F6008347A50293E762
:10AF800047002305F502930700062308F500014555
:10AF900082808947A30AF50083270511754723811D
:10AFA000E700372700200347B7D6A381E7009307C0
:10AFB00050072308F500014582808947A30AF50060
:10AFC0008327051179472381E7000347F502A38111
:10AFD000E7008327050A2167D98F2320F50A8547D3
:10AFE0002308F50001458280B727002003A787DBEF
:10AFF0009307800583464700B387F602145703275B
:10B000000511BE96A547A30AF50093070002230188
:10B01000F7000356A51C8357651CB297D05A938737
:10B02000C71263F3C700B287A301F70013D68700E6
:10B03000C1832302C700A302F7009C5E2303F7002D
:10B0400013D68700C183A303C7002304F70083C777
:10B05000C601A304F70083C7D6012305F7009307B1
:10B06000C0072308F500014582809147A30AF50037
:10B0700083270511130730022381E7000347851555
:10B08000118B05CF0347A515238207009306F7FF11
:10B0900005473317D700A381E70003473514A38280
:10B0A000E7008347A50293E747002305F5029307CE
:10B0B00050F82308F5000145828083467514054742
:10B0C0003317D700A381E700034755162382E70013
:10B0D000E9B79547A30AF500832705111307400236
:10B0E0002381E700A3810700030735148306F515C4
:10B0F0006395E6008946A381D7008306E51563982A
:10B10000E60083C6370093E61600A381D7008306C6
:10B11000D5152382D7000346C515A382E7002383F4
:10B12000C70083478515858B81CB99C68327050A80
:10B130004167D98F2320F50A014582809147A30AF0
:10B14000F50083270511130780022381E7003727C5
:10B150000020034747DBA381E70029472382E7005C
:10B1600013072003A382E700930750F92308F50093
:10B1700001458280411126C28324051106C622C4DE
:10B18000A147A30AF500A1C8835705040357050684
:10B190002A8493058512BA97A9072317F5128547C4
:10B1A0002381F4001385340015469750FA1FE78079
:10B1B00020078347E41201452384F4008357E412F7
:10B1C000A183A384F400D5472308F400B2402244AD
:10B1D0009244410182800545D5BF411126C2832496
:10B1E000051106C622C4B547A30AF500A9C09147B8
:10B1F0002A842381F4009305851A2146138534009F
:10B200009750FA1FE780C0011385B40011469305DB
:10B21000041B9750FA1FE780A00093072002230821
:10B22000F4000145B2402244924441018280054528
:10B23000D5BFA547A30AF50083270511A9C341116E
:10B2400022C406C621472381E7002A84032505116D
:10B250009305840F21460D059750FA1FE78040FCA7
:10B260008347A402014593E747002305F4029307AF
:10B2700000032308F400B2402244410182800545C6
:10B28000828083270511A1C7411122C406C6254724
:10B29000A30AE5002381E7002A840325051193050D
:10B2A000840F21460D059750FA1FE78060F783272A
:10B2B000040AA3050402014593E707022320F40AC8
:10B2C00085472308F400B2402244410182800545AD
:10B2D0008280A547A30AF50083270511A9C3411160
:10B2E00022C406C639472381E7002A8403250511B5
:10B2F0009305840F21460D059750FA1FE78040F211
:10B300008347A402014593E747002305F40293070E
:10B3100000032308F400B240224441018280054525
:10B320008280E147A30AF50083270511D9CF411197
:10B3300022C406C63D472381E700034745072A8408
:10B3400093058506A381E70003475507314623820D
:10B35000E70003476507A382E700035765072183DA
:10B360002383E7000347A505A383E7000357A5054B
:10B3700021832384E7000347C505A384E70003472F
:10B38000D5052385E70003574506A385E700034756
:10B3900065062386E700035765061385E7002183CA
:10B3A000A386E7009750FA1FE78080E78347A4024F
:10B3B000014593E747002305F4029307000423089F
:10B3C000F400B24022444101828005458280E14779
:10B3D000A30AF50083270511C9CB411122C406C673
:10B3E00041472381E700034745072A8493058506E3
:10B3F000A381E7000347550731462382E70003474F
:10B400006507A382E7000357650721832383E700CD
:10B410000347A505A383E7000357A50521832384DC
:10B42000E7000347C505A384E7000347D505238547
:10B43000E70003574506A385E70003476506238613
:10B44000E700035765061385E7002183A386E7001D
:10B450009750FA1FE780C0DC930740042308F400EC
:10B46000B24022440145410182800545828041115C
:10B4700006C6AD47A30AF5008327051113079002FE
:10B480009305D5172381E700138537002946975088
:10B49000FA1FE780E0D8B240014541018280832550
:10B4A0004511411126C206C622C483C7450003C701
:10B4B00035000568A207D98F1387A7FF420741838C
:10B4C0009306A8C7F94463E2E60C03C7650083C688
:10B4D0005500130808C82207558FF9446367E80A26
:10B4E0006365F70A03C6850083C675002206558E7C
:10B4F0009306301F63EBC60883C6A50083C895007A
:10B50000A206B3E616016362D808130816003308D2
:10B51000F80293983600635A180783C8B500139849
:10B520000801135808016384080063600707835803
:10B53000A5038144639D1701631BF7008358C5036E
:10B540006397C8008354E503958C93B41400231DBE
:10B55000C504231AF506231BE506231ED504231272
:10B56000050783C7D50003C7C5002A84A207D98F62
:10B570002313F5063146B905130585069750FA1FC2
:10B58000E78000CA9147A30EF400B240224426850A
:10B59000924441018280797126D28324051106D616
:10B5A00022D44AD04ECEDD47A30AF50063870410AB
:10B5B0008D472381F4002A84EF607E9B1309941940
:10B5C0002AC4EF60DE9A21462C002AC64A8597508D
:10B5D000FA1FE780E0C48347B4190347A41993090D
:10B5E000141AA2074207BA970347C419BA97034728
:10B5F00094196207BA972324F40C0347E41983478C
:10B60000F4194207A207BA970347041ABA970347E7
:10B61000D4196207BA972322F40CEF605E952AC40E
:10B6200011462C004E859750FA1FE78060BF834774
:10B63000241A0347341A2146A2074207BA97034740
:10B64000141A9305F41813853400BA970347441A63
:10B650006207BA97232EF40C9750FA1FE78040BC7C
:10B6600083478419034774192146A207D98FA385FC
:10B67000F400A1832386F400CA851385D400975073
:10B68000FA1FE780E0B9138554011146CE85975023
:10B69000FA1FE780E0B88347A402014593E747001B
:10B6A0002305F402930700022308F400B250225449
:10B6B00092540259F249456182800545C5BF411146
:10B6C00022C406C68547A30AF5002A84834535159A
:10B6D0000327051103454515854693176500CD8F52
:10B6E0002301F700ED47A301F7008347C400034699
:10B6F000241593E707022306F400EF601021930757
:10B7000070062308F400B2402244014541018280C2
:10B71000832745111303000E03C6470003C73700F4
:10B720002206598E130756FE420741836367E306DC
:10B7300083C6670003C757001168A206D98E138716
:10B7400086EB42074183130888146368E80403C743
:10B75000870083C87700220733671701930857FED5
:10B76000C20893D80801636A130383C8970083C78C
:10B77000A700A207B3E71701938887EBC20893D805
:10B780000801636C1801231EC51A231FD51A231044
:10B79000E51C2311F51C6FA08FFB054582808346B5
:10B7A000B5000547AA8705456395E60C83C6670182
:10B7B00031470545639FE60A03A7471183463700D3
:10B7C000A38AD7048346570003464700A206D18EBA
:10B7D000239BD7048345770083466700A205D58D58
:10B7E000239CB70403469700834687002206558EA4
:10B7F000239DC7048346B7000345A700A206C98E50
:10B80000239ED7040345C7000347D7002207498F6B
:10B8100003D5A703239FE7040147631BB50083D526
:10B82000C7036397C50003D7E703158F13371700C6
:10B830002391E70603C70701930600046304D702B8
:10B84000930640046315D70005472388E70003C724
:10B8500017019546A38ED700136717F8A388E70052
:10B860000145828003C7A702136717002385E702FB
:10B87000E1BF8280034765018947631DF700832785
:10B88000451183C73700230AF504F5472308F5005F
:10B89000014582801D4582808347B5002A87D9EB08
:10B8A00083466501B54705456397F608834607015A
:10B8B000930700026391F60883274711014583C669
:10B8C000570003C64700A2064206B29603C66700A9
:10B8D000B29603C637006206B2962320D70C83C601
:10B8E000970003C68700A2064206B29603C6A700C9
:10B8F000B29603C677006206B296232ED70A83C695
:10B90000C70003C6D700A2064206B29603C6B70018
:10B9100083C7E700B296E207B6972320F70E834766
:10B92000170193E78700A308F70093073002230865
:10B93000F7008280054582808347B5009DE3034779
:10B9400065018547631DF700834605011307300233
:10B950006397E6009307C0022308F50081473E8500
:10B9600082808547EDBF834665010547AA87054567
:10B97000639CE60203C707019306B002631AD7006F
:10B980001307E0022388E700A385070201458280B0
:10B990009306D00205456319D7001307E002A3857B
:10B9A00007022388E700DDB78280034765018947E6
:10B9B000631EF704E947A305F502832745113947BC
:10B9C00083C737006392E70203470501930700032B
:10B9D000631EF7028327050A93E707022320F50A6F
:10B9E00085472308F50049A83D476393E70283276D
:10B9F000851003470501F59B2324F51093070004E8
:10BA00006316F700930760042308F5000145828060
:10BA100049476391E704034705019307A004E3172F
:10BA2000F7FE85472308F5008347A50293E7170033
:10BA30002305F5028347150193E707F8A308F500EE
:10BA400083270510C18BF9F383278510BD9B232421
:10BA5000F5106DBF51476398E7020347050193074F
:10BA60000005E315F7FA85472308F5008327050A43
:10BA700093E707102320F50A8347150193E707F89A
:10BA8000A308F50061B75947639DE7000347050127
:10BA900093075005E31CF7F68327050A93E7072071
:10BAA00035BF6947639FE7000347050193075006C9
:10BAB000E31EF7F48327050A056713070780D98F6C
:10BAC00031BF7147E384E7F47547639CE7000347A0
:10BAD000050193075007E31BF7F28327050A216747
:10BAE000F9BF13073002E393E7F203470501930719
:10BAF0005008E31DF7F085472308F5008347A502AA
:10BB000093E717002305F50285BF0347B500854776
:10BB10006311F70203476501631BF7000347050143
:10BB20006317F700930760032308F50081473E85FC
:10BB300082808547EDBF834665010547AA87054595
:10BB40006393E60603C70701930670036315D702E4
:10BB500003C7A702238607049376070499C61377C1
:10BB6000F7FB136707012385E70213078003238888
:10BB7000E700014582809306500305456315D7020F
:10BB8000130780032388E70003C7A702238607045F
:10BB900001459376070481CA1377F7FB1367070102
:10BBA0002385E70282808280034765019947631EEF
:10BBB000F7080327451183473700A307F504834798
:10BBC000570083464700A207D58F2318F504834703
:10BBD0007700834667001307A003A207D58F83462B
:10BBE00005012319F5048347E5026395E604858B77
:10BBF00099CB8327050AA30505022307050293E7CE
:10BC000007042320F50A8347A50293E717002305BD
:10BC1000F50285472308F5008347150193E707F8E8
:10BC2000A308F5008347E50293F7F7FB2307F50226
:10BC300001458280E207E187E3D007FE8327450ABA
:10BC400093E707042322F50AC1BF05458280034715
:10BC5000650189476304F700054582808327451104
:10BC60001307000483C73700A305F50283470501C6
:10BC700093F6B70F6397E600930750042308F50087
:10BC800025A0130750056393E7028327050A93E76E
:10BC900007202320F50A85472308F500834715016F
:10BCA00093E707F8A308F5000145828013075006C3
:10BCB0006395E7009307A006D1B713075008639C6C
:10BCC000E70085472308F5008347A50293E717009F
:10BCD0002305F502E1B70347B5003DFF1307000256
:10BCE0006386E700130730026395E700930760025D
:10BCF00071B71307A007E391E7F6930710F8BDBFEC
:10BD0000834665010547AA8705456394E60403A7B2
:10BD100087100545418B15CF03C707016318A7009E
:10BD20001307B0042388E700014582801306A004AE
:10BD3000631AC70003C7A7022388D7001367170039
:10BD40002385E70203A7870A1367070423A4E70AEA
:10BD5000E1BF8280834665010547AA870545639355
:10BD6000E60283C607011307A0040545639CE600AD
:10BD700003C7A7022388A70001451367170023857F
:10BD8000E70282808280034765018D47631FF718B1
:10BD9000834715018D8B91EB8346050121479387DE
:10BDA00006FC93F7F70F6361F702D9472306F50204
:10BDB0009307A002A305F5028327850A93E72700CE
:10BDC0002324F50A014582808347B50003264511E7
:10BDD00063900714930750056398F600D94723062C
:10BDE000F50293073002F9B7B7270020938787D66B
:10BDF0008345460003C7A70383C7B7038348651479
:10BE00006D8F2305E51403463600F18F0546A30523
:10BE1000F514331616016314C700230505140348EF
:10BE200075148545B39505016394B700A305051402
:10BE30000347A5148347B5145DCFD9CB937527006D
:10BE4000B1C113F627001DCE930720202315F5144A
:10BE50000347A5148547B39717016314F70023051B
:10BE600005140347B5148547B39707016314F7001A
:10BE7000A305051485476398F60893076005230812
:10BE8000F50089B71376470001CA13F3470063052D
:10BE90000300930740405DBF058B19C713F71700D8
:10BEA00001C7930710105DB7094781E5114711E2FB
:10BEB00005472305E51413F7270009C78947A3059C
:10BEC000F51479B7918B99C39147D5BF8547C5BF05
:10BED000B3570741858B81C72305B51495BF937769
:10BEE000270089C789472305F5149DB7118B914712
:10BEF0007DFB8547CDBFA9DF33D71741058B45DFD4
:10BF0000A305C514B1B78327850A93E707104DBD74
:10BF100085476397F60083474600A305F514B1BF34
:10BF20008327850A93E7072061BD05458280834604
:10BF300065010D47AA8705456394E61483C607018A
:10BF4000130750050545639DE61203C7B700631943
:10BF5000071283C6471403C7571403A6471133F5C6
:10BF6000E6008345460019ED6396B60003453600AA
:10BF7000630AE50023950714130770052388E7007B
:10BF800001458280ED8E2385D7140346360003C811
:10BF90006714718F0546A385E71433160601639471
:10BFA000C6002385071403C577148545B395A500FE
:10BFB0006314B700A385071483C6A71403C7B71477
:10BFC000C5CA41C793F526009DC91376270005CA47
:10BFD000130720202395E71483C6A71405473317BA
:10BFE00007016394E6002385071483C6B714054749
:10BFF0003317A700E392E6F8A3850714B5BF13F63D
:10C00000460001CA93784700638508001307404043
:10C01000D1B7858A99C69376170081C61307101089
:10C0200055BF894681E5914611E285462385D7149F
:10C030009376270089C60947A385E71471BF118B42
:10C0400019C31147D5BF0547C5BF33D7A640058BD8
:10C0500001C72385B71449B713F7260009C7094755
:10C060002385E71495BF918A1147FDFA0547CDBF97
:10C0700025D7B3560741858AC5DEA385C714A9BF56
:10C0800082808346B5000547AA870545639FE6067B
:10C0900083C66701154705456399E60603C707018F
:10C0A000930650056306D70093068005631FD704E7
:10C0B00003C7A70283A54711136717002385E7026B
:10C0C00003C645001147636EC70083C63500636A27
:10C0D000D7001307F6FF1385F6FF718F758D498F13
:10C0E00011C705472388E7000145828003C7650023
:10C0F00003C555002385C7142207498F2396E714EB
:10C10000A385D7141307A005F1BF82808347B5002C
:10C1100095E3834665010D478547639BE60003472A
:10C1200005016317F700930710062308F500814700
:10C130003E8582808547EDBF0347650189476310CF
:10C14000F70683274511B7260020938686D683C736
:10C15000370083C5A60413F6F70113D7670083C71A
:10C16000960463EAC7008346E514A18A89C6B3D65C
:10C17000E540858A9DE6E9472306F5028547B397A2
:10C18000E700ED8F8D8B794799C313070002832752
:10C19000850AA305E50293E727002324F50A054550
:10C1A0008280230AE51403470501A309C5148547C6
:10C1B0006318F700930760062308F50001458280A5
:10C1C0008327850A93E707402324F50AC5BF034761
:10C1D00065018947631CF702832745110347050161
:10C1E00083C737002308F50285476318F7009307D4
:10C1F00060072308F500014582808327850A0567CB
:10C2000013070780D98F2324F50AF5B705458280E7
:10C21000834665010947AA870545639FE60283C6F1
:10C2200007011307500701456398E60203A747116A
:10C23000A166034737002388E70203A7070A558F43
:10C2400023A0E70A05472388E70003C71701136700
:10C2500007F8A388E700828082808346650115473E
:10C26000AA8705456397E60C83C6070113075008A4
:10C2700005456390E60C03A7471183463700A38D5D
:10C28000D71483064700A382D716030657002380DE
:10C29000C716034767002382E71603C78715937500
:10C2A0004700A5CD8946A38CD71483A6070AC1658C
:10C2B0006D9BCD8E23A0D70A238CE71403C7A71646
:10C2C0009376170085C29306F0076306D6001367BE
:10C2D00027002385E71603A7070AB7060200558F34
:10C2E00023A0E70A372700200347B7D60145A387D5
:10C2F000E70203C74703A380E71605472388E70043
:10C3000003C7A702136717002385E70203C71701B6
:10C31000136707F8A388E7008280098B45D3D9DE2D
:10C3200003A7070AC166A38CA714558F23A0E70AA9
:10C3300071B78280834665011547AA8705456390DA
:10C34000E60A83A64711014503C636001377060F98
:10C3500059E737270020034757DA718F49C303C7CE
:10C36000660011482380E716838556000147A382A3
:10C37000B716130517003357E640058B9378F50F72
:10C3800015CF238D171503C74600A38DE71403C7E8
:10C390008715937647009DC68946A38CD71483A63C
:10C3A000070A41666D9BD18E23A0D70A238CE71420
:10C3B00003C747030145A380E71682802A87E31A53
:10C3C00005FBD1B7098B6DD7E5D50547A38CE714DD
:10C3D00003A7070AC166558F23A0E70AD1BF828051
:10C3E000834665011147AA8705456393E60A83C51D
:10C3F000B7000545639EA50883A6471103C836000C
:10C400006366050303C74600130510091306B7FF4B
:10C410001376F60F636CC50003C656009306B6FF8D
:10C4200093F6F60F6364D5006371E6027947A3853E
:10C43000E702130780022386E70203A7870A014564
:10C440001367270023A4E70A828083A6C71001454B
:10C4500093F6060895CE83C647176317B80293E68E
:10C460001600238AD7169306000AA38AE716330715
:10C47000D70283D6A7033347D70283D6070485069E
:10C480003697239BE7168280D99A238AD716828013
:10C49000828083270511DDC32547A30AE5005547A0
:10C4A0002381E7000347451B8355651B8566A381F0
:10C4B000E7000347551B938686840356A51B2382FA
:10C4C000E7000347851BA383E7000347951B2384ED
:10C4D000E7002E8763F3B600368742074183A382C5
:10C4E000E700856621832383E7009386868432876D
:10C4F00063F3C600368742074183A384E7002183A4
:10C500002385E7008347C507A305050299C783274D
:10C51000050A93E707102320F50A8327450A139796
:10C520004701635807007D771307F77FF98F2322B0
:10C53000F50A85472308F50001458280054582807C
:10C5400003476501AD476318F702411106C68347EB
:10C55000451783254511294693E70701230AF51658
:10C560008D051305D5179740FA1FE78060CBB240C1
:10C57000014541018280054582808347B500EDE792
:10C58000411122C406C603476501E1472A840545D7
:10C590006318F70C03470401930700046312F70CB8
:10C5A0008325441105659306A5C703C7450083C7C6
:10C5B000350022075D8F9307A7FFC207C18363EC95
:10C5C000F60883C7650083C65500130505C8A20792
:10C5D000D58F6362F50863E0E70803C6850083C66C
:10C5E00075002206558E9306301F63E6C60683C685
:10C5F000A50003C89500A206B3E60601636DD50445
:10C60000130516003305E502139836006345A804A8
:10C6100003C8B5001315080141816304080063ECE9
:10C62000A702231DC4042312A406231AE406231B15
:10C63000F406231ED40483C7D50003C7C5003146C2
:10C64000A207D98F2313F406B90513058406974072
:10C65000FA1FE780E0BC930770042308F40001454B
:10C66000B24022444101828005458280411126C2A8
:10C6700006C622C403476501E14785446318F704F1
:10C68000832785102A848544898BA9C38347B500F5
:10C6900063919706EFE0BFE083470401A305A4027E
:10C6A00063979700930710042308F40039A8130731
:10C6B00000046393E702930710042308F400834700
:10C6C000A40293E717002305F4028144B2402244F8
:10C6D00026859244410182808327040A93E727003C
:10C6E0002320F40A8347140193E707F8A308F40012
:10C6F000E9BF834715018D8B99CF9307A002A3054E
:10C70000F402BD472306F4028327840A93E7270037
:10C710002324F40A5DBF8347050163979700EFE088
:10C720001FD8A305A402BDBF130700026390E70250
:10C73000EFE0FFD6A305A402814449F98327440A08
:10C7400037070080D98F2322F40A49B71307000462
:10C75000E39EE7F6930730025DB7411126C206C695
:10C7600022C48347B5008544A5E703476501A54773
:10C770008544631FF7048327850FA18BB1CB8325E5
:10C7800045112A8421468D05130505109740FA1F8F
:10C79000E78000A983270410B73678089386060D32
:10C7A000DD8E8327441013E707018327840FF58F5D
:10C7B0002324F4108327C40FF98F2326F410834712
:10C7C0000401639D9700930710032308F40081443C
:10C7D000B240224426859244410182808327840A04
:10C7E00093E707012324F40ADDB7411126C206C6E8
:10C7F00022C403476501A5478544631AF70603472A
:10C8000005019307000385446313F706832545114B
:10C810002A8421468D05130505109740FA1FE780ED
:10C8200020A083270410B73678089386060DDD8E86
:10C830008327441023089400A305040213E707018B
:10C840008327840F8144F58F2324F4108327C40F9A
:10C85000F98F2326F4108327040A93E70702232085
:10C86000F40A8347140193E707F8A308F400B240E1
:10C87000224426859244410182808347B5000547C2
:10C880006395E708411122C406C683466501254722
:10C890002A8405456390E606034704016310F70602
:10C8A000832544112146130504108D059740FA1F76
:10C8B000E780009783270410B73678089386060D23
:10C8C000DD8E8327441013E707018327840FF58F3C
:10C8D0002324F4108327C40FF98F2326F410930721
:10C8E00010032308F40083471401014593E707F878
:10C8F000A308F400B2402244410182808327840AC5
:10C9000093E707012324F40AF9BF05458280034712
:10C91000B5008547631CF704411122C406C626C230
:10C9200003476501A1472A840545631CF702832458
:10C930004411130584121546938534009740FA1F5D
:10C94000E780008E83C7940003C784000145A207D7
:10C95000D98F2317F4128347140193E727F8A3080C
:10C96000F400B24022449244410182800545828015
:10C970000347B50085476310F716834665015D4799
:10C98000639CE614011126CA8324451122CC21465A
:10C990002A84938534001305F51806CE9740FA1FB4
:10C9A000E780008883C7C40003C7B400A207D98FFB
:10C9B000A30BF418A183230CF418EF504EDB2AC408
:10C9C000EF50EEDA2AC62C001305841A2146974050
:10C9D000FA1FE780E08483C7F40003C7E40013056F
:10C9E000041BA2074207BA9703C704012C00114693
:10C9F000BA9703C7D4006207BA972324F40C83C7FD
:10CA0000340103C72401A2074207BA9703C74401B0
:10CA1000BA9703C714016207BA972322F40C03479D
:10CA2000941A8347A41A4207A207BA970347B41A75
:10CA3000BA970347841A6207BA972320F40C034776
:10CA4000D41A8347E41A4207A207BA970347F41A95
:10CA5000BA970347C41A6207BA97232EF40AA2476B
:10CA6000374703001307D73FB387E70237A72600EE
:10CA7000130737ECBA973EC49730FA1FE780407A25
:10CA800083C7640103C77401A2074207BA9703C7AB
:10CA90005401BA9703C784016207BA97232EF40C96
:10CAA0000347241B8347141B4207A207BA97034777
:10CAB000041BBA970347341B6207BA972320F40E6E
:10CAC000930710022308F400F24062448147D244E5
:10CAD0003E850561828085473E85828003476501EA
:10CAE0009147631EF712411126C28324451106C6E1
:10CAF00022C403C7340001CB9307F7FFF98F81E706
:10CB00009377070F8DC793070002A305F5029307DC
:10CB100030022306F5028327850A93E727002324A2
:10CB2000F50AB2402244924401454101828083C506
:10CB300054009306E007814711466397D500F947F3
:10CB4000E9B7B687638CC60093861700B357F740E2
:10CB5000858B93F5F60FF5D7230DB5148387440025
:10CB60002A84ADC7A30EF514030535143387A70037
:10CB70001375F50F635AF0008307F41563DAE700C5
:10CB8000898FA30EF41429A08307E415E34AF7FE66
:10CB90008347D4153E9562056185EF5060302301CF
:10CBA000A414EF50402883473414A301A414B307FE
:10CBB000F540A30EF414EF50A02E8347A4150347AD
:10CBC00034142301A414A297A382E7168307440315
:10CBD00083062416014763D5F600958F13F7F70FE8
:10CBE000230EE41483C7540005472300F41683473B
:10CBF00004016397E700930760F82308F40015B772
:10CC0000130750086396E700FD57230EF414E5B7A9
:10CC10008327840A0967D98F2324F40A19B70545A5
:10CC2000828003476501A547631EF704411122C4B2
:10CC300006C683460501130700052A8485476397C6
:10CC4000E602EFE0FFAC05E98327040AA30504022E
:10CC500093E707102320F40A8347140193E707F8AA
:10CC6000A308F40085472308F4008147B24022441A
:10CC70003E85410182808347A40293E71700230584
:10CC8000F402D9BF85473E85828003476501A547E9
:10CC90006309F700054582800545B2402244410101
:10CCA000828083278510411122C406C693F70702AC
:10CCB0002A84FDD3EFE0DFA58547E30FF5FC0347AA
:10CCC00004016318F700930710052308F4000145D9
:10CCD000E9B78327840A93E707082324F40AC5BF2A
:10CCE0000545828005458280054582800545828014
:10CCF0000545828005458280054582800545828004
:10CD00008347C500A30A0500F19B93E7170023069C
:10CD1000F500032505111335150082800145828039
:10CD2000411106C6EFA05FDBB240133515000605C2
:10CD3000410182806FF0DFFE411106C6EFA0DFD90E
:10CD40000DC10357C5058356A505035665078355D1
:10CD5000450703558500EFB070610145B2404101C0
:10CD600082800945E5BF011106CE22CCEFA0DFD6B7
:10CD700059C10346B500B727002005472A84938789
:10CD800087D66316E604B853094515CF0346040356
:10CD9000834657048358E4030358C4038357A4030A
:10CDA000835584000345B4021307670432C0054667
:10CDB000EFB0F0598347F400A3050402014593E75F
:10CDC0001700A307F400F24062440561828003A7C4
:10CDD000070909456DDB834657078358E403035869
:10CDE000C4038357A403835584000345B402130787
:10CDF000670702C075BF0945F9B7011122CC06CEFD
:10CE00002A84EFA07FCD2DCD8347B5020347A5151A
:10CE100023138100A302F10083479515A304E100C9
:10CE20002304F100A9E38347D5150307F51523066D
:10CE3000F100830735142305F100631DF7008947CE
:10CE4000A305F1004800EFB090580145F24062445C
:10CE5000056182800307E5156314F7008547CDB7A8
:10CE6000A3050100C5B7834705162305F1008347D5
:10CE7000B515A305F100834755162306F100D9B770
:10CE80000945E9B7011122CC06CE2A84EFA0DFC400
:10CE900029CD83070516A304810021802305810085
:10CEA0001307F007638FE70203474503998FA30534
:10CEB000F1008347A51613F7070101C723060100F8
:10CEC00039A093F7070281CF85472306F100280098
:10CED000EFB0D04F0145F24062440561828089473E
:10CEE000EDB7FD57A305F100D1BF0945EDB74111DD
:10CEF00006C6EFA07FBE19C98345051403558500FA
:10CF0000EFB0904C0145B240410182800945E5BF38
:10CF10009375F50F01112E8506CE22CC2EC6EF801B
:10CF2000CFA60DC12A8483460507B2450345750186
:10CF30000546EFB0F0480145A30B0400F2406244FF
:10CF4000056182800945DDBF411106C6EFB010477B
:10CF5000B2400145410182804111B727002022C41F
:10CF600003A447DE06C6094511C80355240CEFB0DB
:10CF7000B0449307F00F2311F40C0145B240224452
:10CF800041018280B727002083A747DE99CB41115A
:10CF90001385070C06C6EFB0B041B2400145410110
:10CFA000828009458280411106C622C4EFA0DFB20B
:10CFB0000DC983467514034665142A84835585007C
:10CFC0000345B5028506050693F6F60F1376F60FB0
:10CFD000EFB0F03B0145A3050402B24022444101F9
:10CFE00082800945DDBF397106DE22DC26DA4AD8A7
:10CFF000EFA09FAE630A05168346B500B727002051
:10D0000005472A84938787D66391E60CA453094584
:10D01000D9C483C744041946898BC1CB8C5883C7B4
:10D02000A500C1C7B10528089730FA1FE780401F47
:10D0300083C75404138964041946898BB5CFCA8504
:10D0400008109730FA1FE780A01D8C5819469105EB
:10D0500028109730FA1FE780A01C834704038358E9
:10D06000A40383C654040346B400835584000345D7
:10D07000B4023EC48357E4031308010238103EC2D1
:10D080008357C4033EC03C08EFB0D02E8347F40062
:10D09000A3050402014593E71700A307F400F2502B
:10D0A0006254D254425921618280814528089730C8
:10D0B000FA1FE780001EADBF814508109730FA1FA8
:10D0C000E780201D1946CA8561B783A40709094571
:10D0D000F9D483C744061946898BB5C39385640682
:10D0E00028089730FA1FE780A01383C744071389E5
:10D0F00064071946898BB9CBCA8508109730FA1F87
:10D10000E780001283A5440819462810910597303E
:10D11000FA1FE780E01083A7440883C7370093E72E
:10D120002700A38AF4068358A40383C65407034642
:10D13000B400835584000345B40202C425BF814571
:10D1400028089730FA1FE780C01445B708108145BA
:10D150009730FA1FE780E0131946CA8528109730E8
:10D16000FA1FE780E00BC1B7094515BF411106C69C
:10D17000EFA09F960DC10357651C8356451C0356AF
:10D18000A51C8355851C03558500EFB0701E014515
:10D19000B240410182800945E5BF411106C622C463
:10D1A000EFA09F930DC92A840357C5058356A50593
:10D1B000035665078355450703558500EFB0D01A20
:10D1C00083471401014593E74700A308F400B240E8
:10D1D0002244410182800945DDBF411106C6EFA00E
:10D1E000BF8F0DC183478519034675199305F5183F
:10D1F00003558500A2075D8EEFB0D0160145B24001
:10D20000410182800945E5BF411106C622C4EFA055
:10D21000BF8C0DC12A841306051083558500034574
:10D22000B502EFB0F0130145A3050402B240224459
:10D23000410182800945DDBF411106C622C4EFA02D
:10D24000BF8905CD0347B50285472A846314F700DB
:10D25000A30505020345B4020357C4058356A4057C
:10D260000356840583558400EFB0500F0145A30594
:10D270000402B2402244410182800945DDBF011110
:10D280001375F50F06CEEF705FF029C9B7270020A0
:10D2900083A787E493F707209DC302C402C202C09C
:10D2A000814801488147014781460546814513056C
:10D2B000C003EFB0300C0145F24005618280834627
:10D2C000D5031307E50302C081480148814705469D
:10D2D00081451305C003EFB09007F1BF0945E9BFD1
:10D2E000B7270020938787D603A70709094529CBCD
:10D2F00083A7070E011106CE93F707208DC302C442
:10D3000002C202C081480148814701478146014667
:10D310008145EFB03006F2400145056182808358B7
:10D3200007020358A701835707058346570701469D
:10D3300002C01307670781450945EFB05001E1BFFF
:10D3400082800145828001458280014582800145BD
:10D3500082800145828001458280014582800145AD
:10D36000828001458280014582800145828001459D
:10D37000828001458280014582800145828001458D
:10D380008280411106C622C40347050093070008A6
:10D390006315F7020347150093065002854763E4BF
:10D3A000E606B7D706000A07938707CCBA979C43CF
:10D3B0000355250082978147B9A093061008854739
:10D3C0006313D70403471500CD466308D70E63E304
:10D3D000E602A146630DD708B146630DD70A95460C
:10D3E0006313D70203552500EFA00FEF2A8415E938
:10D3F000894711A893060003630FD70E63EAE6007E
:10D40000E946630FD70CB24022443E854101828039
:10D4100093077005630FF70E930717F0B337F0000B
:10D42000DDB78327851195C70356450405064206D7
:10D4300041829C4313071600420741839DE7231254
:10D44000C40401CA835584000545EFB0206F231240
:10D4500004040345B4020346440583558400EFB039
:10D46000A06C2285EFA0EFD6B9B73A86D9B703559D
:10D470002500EFA06FE62A8425DD0346C504835509
:10D4800085000345B5023336C000EFB0206AA3051E
:10D49000040215B703552500EFA00FE42A8429D90B
:10D4A00003572505835605050346F5048355850076
:10D4B0000345B502EFB0C067D9BF03552500EFA003
:10D4C000AFE12A8415D50356450401CA835585006A
:10D4D0000545EFB0A06623120404A3080402E1BDD1
:10D4E00003552500EFA04FDFE30405F00345B50227
:10D4F000EFB00065C9B503552500EFA0EFDD2A8424
:10D50000E30805EE835585000345B502EFB080635F
:10D51000BDBF03552500EFB0206371BD011122CCC2
:10D5200037E400E026CA04404AC806CEB707200008
:10D530002EC632C42A89FD8C2320F4180F10000057
:10D540001145EF40AEF91DC5B24522462311250114
:10D550002300B500A300C50023209410B7270020A6
:10D560006244F240D2444249AA8503C5F7B305613B
:10D570006F40DE8523209410F2406244D244424939
:10D5800011450561828041114AC037E900E026C299
:10D590008324090006C622C4B7072000FD8C23207F
:10D5A000F9180F100000EFA02FD311E923209910D4
:10D5B0000945B240224492440249410182808327B6
:10D5C0000512230D05002A84A5C70347F500058B26
:10D5D00019EF03558400014693050008EFF01FF48E
:10D5E00039C9B7E700E023A097100145D9B7D44364
:10D5F00003C6C70083C58700035585008906EFB0C1
:10D60000C05405E58327041203D7A700A3840700AD
:10D61000136707F02395E7009C432320F4128357F8
:10D62000240481C7FD172311F40483270412D5F3C2
:10D63000231104047DB78547230DF4005DB779718C
:10D6400022D406D683C735002E8423160100A307F3
:10D65000F10083C74500100802C02307F10083C70B
:10D6600055008A8502C2A306F10002C402C802CA9C
:10D6700002CC02CEEF40001B0347F10183470400B8
:10D6800001456310F7020347E10183471400014598
:10D690006319F7000345D101834724001D8D13351D
:10D6A0001500B250225445618280B727002083A71D
:10D6B00007E391E382806384A700DC5FDDBF411153
:10D6C00022C406C68347A5002A8491C79305C500D6
:10D6D0006905EF50EFE08347240191CB93054401A6
:10D6E0001305A4022244B24041016F506FDFB240E3
:10D6F000224441018280AA862E86AA8537D505005C
:10D70000130585706F405ED9B7270020138787D631
:10D710000327870C411126C206C622C4938487D6EC
:10D7200011E7B24022449244410182806304A70081
:10D73000585FFDB78347A5002A8491C79305C500AC
:10D740006905EF50EFD98347240199C79305440138
:10D750001305A402EF50CFD822852244CC58B24002
:10D76000924441016FF03FF901114AC83729002066
:10D77000930789D622CC03A4870C26CA4EC652C46E
:10D7800056C206CEAA84014A130989D693094500D8
:10D79000854A65E893052025130500049730FA1F94
:10D7A000E780408A2A841D4561C483C73400194636
:10D7B0009385440013054400A301F4009730FA1F39
:10D7C000E78000A6938AA40141468145568597309B
:10D7D000FA1FE78000B779E99309A401D68541468D
:10D7E0004E859730FA1FE78000B485472305F40083
:10D7F000834734009305C4004E8593E72700A305B3
:10D80000F400EF50EFCD9384A40241468145268574
:10D810009730FA1FE780E0B249ED9307A402A6858E
:10D820003E854146BE849730FA1FE780C0AF8547EA
:10D830002309F4008347340093054401268593E7C8
:10D840002700A309F400EF50AFC9A300040083250B
:10D8500049032285EFF03FEA63100A062324890C6E
:10D86000232E04028347490C014585072302F90C46
:10D87000F2406244D2444249B249224A924A056186
:10D8800082800347340083C734006305F700228A8F
:10D89000405C01B74146CE85130544009730FA1F1E
:10D8A000E78080A3E31555FF4945D9B72305040058
:10D8B00099BF2309040051BF232E8A0255B70111D5
:10D8C00026CAB7240020938784D622CC03A4870CD1
:10D8D0004AC806CE4EC6938484D67D5901ECF240E8
:10D8E000624423A4040C2382040C4249D244B2496A
:10D8F0000561828003450400EF407ED48329C40380
:10D900002300240122859730FA1FE780E0814E84AE
:10D91000F1B7B7270020938787D62382070C23A46B
:10D92000070C6F50AFC5411122C406C62A840345B7
:10D93000D5079307F00F6307F500EF405ED0FD5762
:10D94000A30EF406FD57A300F40841469305000812
:10D950000145EFF0BFBC5C4CB240C59B5CCC22449F
:10D960004101828041114AC037290020930789D69E
:10D9700026C2E45F22C406C683C7D404130489D632
:10D98000858BA1CF834724004945B1C3B72500202B
:10D990001946938565E51385E4049730FA1FE780FF
:10D9A00020888547A385F400A388F400A389F400A8
:10D9B00083C7240109472384E400D9CBEF400E99A3
:10D9C0007C4885C79307004063EFA7001D45B24020
:10D9D00022449244024941018280B7250020194621
:10D9E000938505E54DBF130505C08357040B91CF03
:10D9F00037270020130747B9835707010347F7006C
:10DA0000B387E702E3F4A7FC1D8D8D473354F5027D
:10DA1000EF40AE9DA28763738500AA879183C207FA
:10DA2000C1832391F404DDD392071395070141814B
:10DA3000930550209720FA1FE780C06003D6240486
:10DA4000E8C02A871308F6FF814763CEC704A8C43D
:10DA5000B727002003C704029386C7B303C5360067
:10DA60008D461384C7B3631CD70403D6640183D7E0
:10DA700024033E969145EF407EAE03453400914528
:10DA8000EF406EED03D6840319CA3705060093866E
:10DA900014031206A6851305652DEF40FE9F23048F
:10DAA00009D601452DB763D9070193060701B6854D
:10DAB0000CC38507368751BFBA868145D5BF8947D4
:10DAC0006315F70003D6240375B703D664015DB769
:10DAD0004111930560201305000D22C406C697204E
:10DAE000FA1FE78020562A842DC581451306000DB4
:10DAF0009720FA1FE780E079B727002023A287DE6E
:10DB0000B72700202305040023040400938787EB34
:10DB10009853DC538D4578D83CDCFD572318F4022C
:10DB2000A30EF406A300F408B7E705009387479611
:10DB30003CD4B70706009387A7F67CD4B707060046
:10DB4000938727E13CD8B727002003A587EAEF4059
:10DB50003ECD2285B240224441018280411122C43F
:10DB600006C626C28347C5052A84ADC79305E505C9
:10DB700019461305E5049720FA1FE780E075AA848B
:10DB800031E983470401898BA5E3B727002083C7C8
:10DB900097D685CF8347D4058DCB834734061307AB
:10DBA000000493F7070C6392E7021305C40597304E
:10DBB000FA1FE780204F68D009C98947230EF40473
:10DBC0008347D40493E7270089A80347C4058947FE
:10DBD0006316F70083474405A1E78544B240224419
:10DBE00026859244410182808347D405E5DB834743
:10DBF00034061307000493F7070CE391E7FEB727F9
:10DC0000002083C797D6F9D71305C4059730FA1FAC
:10DC1000E780404968D0F9574DF1A30EF4045DBF89
:10DC2000B727002083C797D6CDDB8347540513055C
:10DC30004405B1CB8347B4051307000493F7070CE1
:10DC40006393E7049730FA1FE780E04168D051D52D
:10DC500093046405A685194651059720FA1FE780AD
:10DC6000205C6C508D47230AF40483C735001946A5
:10DC7000910593E72700A30AF40426859720FA1F4D
:10DC8000E780005A99BF9730FA1FE780C03868D004
:10DC900029D58947230AF404834725019DDF8D4751
:10DCA000230AF40483441500B334900005BF0347EE
:10DCB000450505C703470501AA870545058B05C32B
:10DCC000E84BAC4F411106C69730FA1FE780A04BD6
:10DCD000B2403335A00041018280054582808280B8
:10DCE000797122D406D6834725012A84ADCB035708
:10DCF0000504835725046374F7069730FA1FE780FD
:10DD0000403E85476307F5000145B2502254456106
:10DD100082808347D4001D4728446394E7008347EB
:10DD200084022302F50083475405194693056405D0
:10DD3000A302F5008347940219052303F5008357D6
:10DD4000A4022314F5009720FA1FE780604D835743
:10DD5000040485072310F4043C449C433CC45C4CFD
:10DD60000345D40013970701635C070C19476368E8
:10DD7000A7028347E40093065002E3E7F6F859E56B
:10DD80004D472304E4027D57A304E402231F040249
:10DD9000A30604020547631EE50823070402034E99
:10DDA000E4020143630B0E000343E4003303C34169
:10DDB00093072300032384073E93834E8402834604
:10DDC000C4021AC813950E01850693FE4E0072C652
:10DDD00013066405418193F6F60F0347D402834787
:10DDE000940203083402035FE40383455405830867
:10DDF000540163840E041303E4051AC40343D405D9
:10DE00001AC27AC0EFA0F058054501B785466314E1
:10DE1000D5005547BDB789466314D500414795B72E
:10DE200091466314D5006D47A9BFE31EE5F4494749
:10DE300089BFE9172307F4029DB702C402C2D1B714
:10DE400085476317F50437270020032747DE1306AD
:10DE50006405834554050347070183075401098B73
:10DE600015C38346D40599CE034734061305000431
:10DE70001377070C6318A7001307E4050545EFA007
:10DE8000D05059B7014781460545EFA0F04CADBFD2
:10DE90008346E40093075002E3E8D7E68947630727
:10DEA000F50099476315F500094511A00D45E916E0
:10DEB00093F6F60F2307D402014799C2385C210775
:10DEC0008307540113066405834554057DBF411142
:10DED00006C622C426C2AA84EF400032930700FA85
:10DEE0002385F400B727002003C5F7B3A1453724E5
:10DEF0000020EF40EEED83D66401130700648347F2
:10DF000084D63347D702850793F7F70F2304F4D657
:10DF100063C6E700EF40BED2230404D6B2402244D9
:10DF2000924441018280411122C406C6B1472306B2
:10DF3000F5007C590D472A842380E7008347C500FC
:10DF4000785993F7F703A300F7008347D504230616
:10DF50000504898BB1C383474505898BB1C76C51D3
:10DF600091ED6C5083C7250185CF68581946D105BE
:10DF700021059720FA1FE780A02A1DA083C7A500CE
:10DF8000EDD389472306F50468591946B1050905FB
:10DF90009720FA1FE780C02883474405898BF1F357
:10DFA0008347C404898B91EB685819469305E404B0
:10DFB00009059720FA1FE780A026034744058D47EF
:10DFC000630BF700685819469305640521059720EF
:10DFD000FA1FE780E0248347D404858B91E7034749
:10DFE000C40489476319F70078588347070093E70B
:10DFF00007042300F70083475405858B91E7034707
:10E0000044058D476319F70078588347070093E765
:10E0100007F82300F7000347D4009D478345C40059
:10E02000631DF70003455402930760FA2305F400CB
:10E030002244B24041016F30707A930720FA2305E1
:10E04000F4000145F5B7411122C406C62A84EFF059
:10E050009FEDB727002083A7C7F3B72600203725F9
:10E060000020D9C703479400BA9783C7070003A8C5
:10E0700046EB37060082939587010327C80293F782
:10E08000F7037D16718FE607D98F2326F802E18505
:10E090001307A003832745F36351B706F84F3706EC
:10E0A0000007518FF8CFB727002083A707EE7858D5
:10E0B0002285B8DF83A746EBB70680009843558FCB
:10E0C00098C3D857719BD8D7EFF09FC19730FA1FEC
:10E0D000E780003BB7270020938787EB03C7170033
:10E0E000058B31C7A3800700B240224441018280E2
:10E0F000B727002083C787BA9DBF13072002635A42
:10E10000B700F84F370600F97D16718F3706000506
:10E1100049BF370700F91306F7FFF84F6945718FBC
:10E1200037060003E34FB5F6370600019DBF238293
:10E130000700930700FA2305F4007DB7797122D414
:10E14000130655012A84285D8146814506D69730FD
:10E15000FA1FE780203663160520032884071D4731
:10E160001D4583470800BD8BA306F40083461800B5
:10E170002307D400639DE718834728000D4513D774
:10E18000670093F7F70363F4D71815456311071871
:10E190009388F6FFB388F84093F8F80F2307140329
:10E1A0000346380045451377360063120716137788
:10E1B00046006316071293054800FD171377860083
:10E1C00093F7F70F1DCB03C71500034E940251457B
:10E1D00013534700631D6E120565130505F02207F2
:10E1E000698F03C505000353A402498F514563108D
:10E1F000E312F917890593F7F70F418A2DCA03C770
:10E2000005001377F7032302E40203C6250009671C
:10E21000130707F02206798E03C71500598E4206B0
:10E2200041861317060141832313E4020DCE0386B2
:10E230000500635A060A1306C01203455402330749
:10E24000C70205466313C50AAD068A06158F130675
:10E2500047ED1305405183468402637BC50893E66E
:10E2600006042304D402F5178D0593F7F70F03472F
:10E270003800594593760702D9EA1377070401CB92
:10E2800003C70500FD1793F7F70FA301E4026145EB
:10E29000BDEF0346E4028347E400385C8346C402D2
:10E2A000918F8907BA973EC88357E40303458402D8
:10E2B000830854013EC00308340283479402034795
:10E2C000D40283455405850632C602C402C293F6C1
:10E2D000F60F13066405EFA0D00B01450DA89305BA
:10E2E0005800F917E1BD794689BFA9068E06B9BF66
:10E2F0000356C403B29837260020035686DA635CBF
:10E30000160193E606042304D40213050002B2505A
:10E3100022544561828037260020231E140383285F
:10E3200006EE93E606022304D40203A5C800817614
:10E33000FD16E98E23A6D8000F100000832606EEF6
:10E3400037060200930800F890C63726002013060F
:10E3500086EB130757ED230216010607F8D2C8C64D
:10E3600019B705456DB75D71B7270020A2C403A496
:10E3700047DEA6C2CAC05ED68174B72B002037091B
:10E3800003004EDE52DC56DA5AD862D486C6B7296C
:10E390000020FD14370A0200138C8BEBB72A0020F3
:10E3A000372B00201309891583A709EEF8537DFF49
:10E3B000D44733F79600D8C70F10000003A709EE23
:10E3C000930700F8B7053300232447012302FC001C
:10E3D000930720317CD354C783478402238C0BEAF4
:10E3E000A3020C0093F7F7F92304F402A3000C0036
:10E3F00085471CC383A74AEB944393F6F6CF94C397
:10E40000944393F6F6CF93E6062094C383264BF30A
:10E4100090464D8E90C623282705D856759BD8D692
:10E42000034744029376F7079843137707F8558F0D
:10E4300098C39730FA1FE780A004EF30F05B83C7E2
:10E440008BEB858B99C72285238C0BEAEFF01FCFCE
:10E4500021C9930700FA2305F4000345840283468B
:10E46000C402830854011375F5F9136505042304E8
:10E47000A40203083402834794020347D40283456D
:10E48000540502C802C602C402C20356E40385064C
:10E4900093F6F60F32C013066405EFA0806F09A84B
:10E4A000834784021307000293F70706638EE70091
:10E4B000B640264496440649F259625AD25A425B03
:10E4C000B25B225C616182800347A4009307500A1B
:10E4D000E30CF7EC59B7411122C4130655012A8405
:10E4E000285D8146814506C69730FA1FE78080FC8B
:10E4F0006310051A032884071D471D45834708003C
:10E50000BD8BA306F400834618002307D40063954F
:10E51000E710834728000D4513D7670093F7F703EB
:10E5200063FCD70E15456DEB9388F6FFB388F84072
:10E5300093F8F80F23071403034638004545137773
:10E54000360079EB1377460061EF93054800FD171D
:10E550001377860093F7F70F1DCB03C71500034E03
:10E56000940251451353470063186E0A056513055D
:10E5700005F02207698F03C505000353A402498FE4
:10E580005145631BE308F917890593F7F70F418A93
:10E590002DC603C705001377F7032302E40203C661
:10E5A00025000967130707F02206798E03C71500B7
:10E5B000598E420641861317060141832313E40254
:10E5C00015CA03860500635106061306C01283456B
:10E5D000C40C3307C7020946639AC504AD068A0610
:10E5E000158F930647ED130640516374D60409470F
:10E5F0002304E402F51793F7F70F03473800594552
:10E600009376070291EA1377070401C7FD1793F782
:10E61000F70F014591C36145B24022444101828018
:10E6200093055800F9172DB7794655B7A9068E06F8
:10E6300045BF8356C403B698B726002083D686DA32
:10E6400063D51601230704025DB737260020032592
:10E6500006EE85462304D4024C458176FD16231E22
:10E660001403ED8E54C50F100000832606EE370606
:10E670000200130500F890C637260020130686EB2B
:10E68000130757ED2302A6000607F8D2CCC69DB7A4
:10E69000054559B7797122D4130655012A84285D9E
:10E6A0008146814506D626D24AD04ECE52CC56CA95
:10E6B0005AC85EC69730FA1FE780C0DF6310053A7C
:10E6C000305C9D461305000883470600BD8BA306FA
:10E6D000F40003471600230A0404230E040423074E
:10E6E000E400639ED71883442600230404020D45EA
:10E6F00093D7640093F4F40363F3E418154563902F
:10E7000007189305F7FF858D93F5F50F2307B402DE
:10E7100083463600454593F716006392071693F734
:10E7200026004945639D071493F746006394071636
:10E7300013094600FD1493F7860093F4F40F8549FE
:10E7400095CF5C4CA18B9DC78347190005651305C8
:10E7500005F0A207E98F03450900C98F0355240975
:10E76000631EF5128349240893D9290093C919001F
:10E7700093F91900F914090993F4F40FC18AB5C685
:10E780008347090093F7F7032302F4028346290025
:10E790008967938707F0A206FD8E83471900DD8EF7
:10E7A000C206C18693970601C1832313F40295CA5A
:10E7B0008306090063D7060E9306C0120345C40CF6
:10E7C000B387D70289466310D50E2D070A07998FA4
:10E7D000138747ED9306405163FAE60C89472304FB
:10E7E000F402F5140D0993F4F40F834736005945EC
:10E7F00013F7070249E793F7070489CB834709001A
:10E80000FD140509A301F40293F4F40FB1CC130A2B
:10E810008002A14A494B930BA408834719006398CF
:10E8200047038347090063945703230E6407834714
:10E830008900034779001546A207D98F2318F408E9
:10E84000930529005E859720FA1FE780609D834726
:10E85000090063FB97001387170093C7F7FFBE9467
:10E8600093F4F40F3A99D5F8639509080347C40760
:10E870008947014563E5E7008D47230EF406B25052
:10E88000225492540259F249624AD24A424BB24B44
:10E890004561828013095600F91471BD2319F408EB
:10E8A000D1BDF94621BF29070E0715B7B7260020AD
:10E8B00003A506EE05472304E402231EB4024C45DB
:10E8C00001777D176D8F58C50F10000003A706EE66
:10E8D000B7060200130500F814C7B7260020938678
:10E8E00086EB938757ED2382A60086077CD34CC71F
:10E8F000CDBD5C4CA18BBDDB83472408898BBDF764
:10E900008347E4020347E400032884070306540115
:10E910001D8F09073A988305340203478402035583
:10E92000240C9306F00F0179B72A0020EFA080286D
:10E930008549372A00207D1993848AEB372B0020E4
:10E94000B72B002083478402E39237F383270AEE34
:10E95000F8537DFFD44733F72601D8C70F100000C6
:10E9600003270AEEB7070200B70533001CC7930759
:10E9700000F82382F400930720317CD354C7238C02
:10E980000AEAA382040083274BEB23040402A3803A
:10E99000040023203701944393F6F6CF94C39443A5
:10E9A00093F6F6CF93E6062094C383A64BF39046E6
:10E9B0004D8E90C6370603001306861530CBD85609
:10E9C000759BD8D6034744029376F707984313778D
:10E9D00007F8558F98C39730FA1FE78060AAEF3089
:10E9E000B00183C71400858BB1CF2285A3800400BA
:10E9F000EFF07FAE8358240C11E50347840289476A
:10EA0000631FF7000148814709479306F00F13067B
:10EA1000F0079305F0074685EFA0C01981BD834735
:10EA2000E4028346E40003288407030654019D8E14
:10EA3000830534028906369846859306F00FEFA0C9
:10EA4000601709B70148814709479306F00F13067D
:10EA5000F0079305F0070355240C7DBF054505B568
:10EA6000011126CAAA84354506CE22CC4AC84EC614
:10EA700037290020EF30B000832749EB03A7440972
:10EA8000B72900203724002098C703A7840901462E
:10EA90009305F00FD8C303A709EE5C43F99B5CC351
:10EAA00003C5C40C93070004230CF4EA7D15137509
:10EAB000F50FEF30205D03A609EE130484EBA302EB
:10EAC0000400A300040085471CC2832749EBB70557
:10EAD000330098431377F7CF98C398431377F7CF52
:10EAE0001367072098C337270020032747F31447ED
:10EAF000CD8E14C7B70603009386861534CA5457C3
:10EB0000F59A54D703C7E4079376F707984313772A
:10EB100007F8558F98C3F2406244D2444249B24943
:10EB2000056182805C4D6388072CB727002083A78E
:10EB300087B8411122C426C206C64AC02A848297D9
:10EB40000327040AB7240020938404BE637FA7062A
:10EB5000635605009307800263F9E7068327C40C18
:10EB600083D6840003A84400A183C207C183B3876E
:10EB7000D70293060032035684080143B308A84025
:10EB800093870719B3D7D702B305F70033B7E5006A
:10EB9000AE866314E30063E40501B3860541050610
:10EBA000420636874182B385160163E4A600B38529
:10EBB000A640E3FBF5FC2320D40A2314C408B2408A
:10EBC000224492440249410182800347C407C94755
:10EBD000631AF70203570409835784086314F70282
:10EBE0001309840B15469305A4084A859710FA1F4C
:10EBF000E78000634A85EF90EFDF9147A307A40801
:10EC0000230EF4062285EF90CFB80325840AB74778
:10EC10000F00938707240605B335F50203D6840059
:10EC200081463305F502EFD0D019B726002003A6A0
:10EC300006EE8177FD175846F98F5CC60F1000006D
:10EC400083A706EE37290020B706020094C71309F0
:10EC500089EB930600F82302D9000605E8D3D8C74C
:10EC60002285EFF0FFDF9730FA1FE7806081EF30F9
:10EC7000A05883471900858B6387070EA3000900FE
:10EC80000327C40C83D784000346C40C21834207A6
:10EC90004183B387E70213070032D44093870719F3
:10ECA000B3D7E70205476319E60A0327C901F1173D
:10ECB0003E973A866364F7006364D7003306D74013
:10ECC000835784082320C40A228585072314F40867
:10ECD0009307F007A301F402EFF0DF9B0347C4079B
:10ECE0008D47631EF7023946930500080145EFE0A2
:10ECF000FF825C4C0356640837E50500ED9B5CCC55
:10ED0000930614081206A28513056592EF30CEF81B
:10ED10005C4C93E787005CCC9147230EF406832775
:10ED2000040A8325840A0345D40763EBB702B3853D
:10ED3000B740EF304ED90347C4078947E3F1E7E80E
:10ED400083556408034514082244B24092440249A2
:10ED5000920541016F306EC90327C901ED1789BFC4
:10ED6000D840BA97E9B7584C93778700B9C383273F
:10ED7000C40C03D78400D040A183C207C183B387EA
:10ED8000E7021307003293870719B3D7E702032777
:10ED9000040A3E97BA866364F7006364C700B3064B
:10EDA000C740835784082320D40A85072314F40816
:10EDB00039B5834704089546850793F7F70F230075
:10EDC000F408E3F6F6FA0345D4079307E003459BFE
:10EDD000A300F40C58CCEF309E86FD57A30EF4062A
:10EDE0002244B24092440249394693050008014545
:10EDF00041016FE0AFF282801D71A2CC1306550174
:10EE00002A84285D8146814586CEA6CACAC8CEC658
:10EE1000D2C4D6C2DAC05EDE62DC66DA9720FA1FA0
:10EE2000E780406905473DE9832984071D461307AC
:10EE3000000883C60900BD8AA306D40083C7190051
:10EE40002307F400639CC60483C629000D4713DA28
:10EE500066002304440393F6F60363F1F604138774
:10EE600016006356F700094615476309CA02FD17E5
:10EE7000958F2307F40283C7390093844900858B5B
:10EE8000A9CF83474405130564059DC71946A68588
:10EE90009710FA1FE7804044454715EDF640664459
:10EEA000D6444649B649264A964A064BF25B625C0E
:10EEB000D25C3A85256182808547230AF40483C7A2
:10EEC00009001946A6859987858BA30AF404971033
:10EED000FA1FE780E0349384A90083C73900898B47
:10EEE000B1C70347C4053C5C630C0714894683C75C
:10EEF00007006318D700E207E18763C907004947A5
:10EF000071BF0347D4059D83E31BF7FE1946A68511
:10EF10001305E4059710FA1FE780003C6DD1834785
:10EF20008402990493E747002304F4022285EFE06A
:10EF3000FFC2214725D583C6390093F7460091C308
:10EF4000850493F786008DCB83C714008345940214
:10EF5000514713D64700E393C5F40567130707F03D
:10EF6000A207F98F03C70400D98F0357A4026304D3
:10EF7000F7002315F402890493F70601A1CB554746
:10EF8000E31E0AF083C704000967130707F093F72D
:10EF9000F7032302F40283C72400A207F98F03C7F3
:10EFA0001400D98F2313F40203870400635607006B
:10EFB0006177D98F2313F402835764028D0499C7B4
:10EFC0008347840293E707022304F40293F60602C0
:10EFD000638006365947E3130AEC4946A68568085C
:10EFE0009710FA1FE780C0238357E1010947231FC9
:10EFF000F4025C4CB98B6393E70283472408858B4A
:10F000006389072AB727002003A907DF930A64054D
:10F01000054B631809048347C407D5E3C90483C7B4
:10F02000390093F7070489C783C70400A301F402DA
:10F030002285EFE0DFC78547630FF52E0147B9BD95
:10F040000547230EE40483C707001946A6859D8360
:10F05000A30EF4041305E4059710FA1FE780401C83
:10F060007DBD03474900834794026311F72483471A
:10F07000540503475900858B631AF7221946D68534
:10F08000130569009710FA1FE780002563106523B8
:10F0900083479402A300040C2311640D2302F40C93
:10F0A000834754051946D685A302F40C1305640C56
:10F0B0009710FA1FE780C0168547230EF406F24723
:10F0C000CE0791E78347D10193F70704A1DB92575D
:10F0D0001305840B13D757001D8BA307E40C0347BC
:10F0E000540213D68700FD8B05072306E40C035753
:10F0F000E403232EF40AA306E40C21832307E40C83
:10F100002257931687012183232CE4080357C10259
:10F11000D18E232AD4082314E4080257232CE40AAE
:10F12000EF904F8D72490347D1018967FD173379FD
:10F13000F9004209A307A4089376070213590901AD
:10F140006387061A9307C012137707043309F9027D
:10F1500001C7B78725003E99834654020547834778
:10F16000E400639AE618AD078A073309F940B70748
:10F170004B00130749ED9387B7C7E3E1E7EAB72AE6
:10F180000020938B0ABE03D58B0037460F008146C3
:10F19000B33525031306062423000408330525038D
:10F1A000EFD0204283A70ABE2A8B2EC68297B24593
:10F1B000B307650133B5A7002E953E8783A64B00A4
:10F1C000138B0ABE19E163E4D7003387D740835716
:10F1D000AB00A9462320E40AB3D7D7020347F40CB7
:10F1E000914693F7F70F63FBE6109507A30FF4061C
:10F1F0008327C40C0345F40737270020A183C207E7
:10F20000C183B387A7020345B7BA37460F00130679
:10F210000624058181468145834CD407130CD4070D
:10F22000B7FB0500AD83AA9703558B002324F40A8E
:10F230003305F502EFD0E0389307F00F6368250D32
:10F240006385FC006685EF308EBF83A70ABE829778
:10F25000930735003E8603274B0063E4A70063E471
:10F26000E7003386E7408327C40C03578B00E28610
:10F27000A183C207C183B387E70213070032A285C7
:10F2800013854BB29387071933D7E702EF20DED8F7
:10F290000347D4079307F00FE302F7D8FD5723196C
:10F2A000F4085C4C93E747005CCC8DBB0329090054
:10F2B0008DB30347440C83479402E31EF7D483477E
:10F2C00054050347540C858BE317F7D4194693056F
:10F2D00064051305640C9710FA1FE780E0FF85476B
:10F2E000E31BF5D2A300040C2311A40CF9B3F947D6
:10F2F0003309F90295B5A9078E0785BD854663F4E4
:10F30000E600BD07E5B593872703CDB56385FC000F
:10F310006685EF30CEB28327040A0326840A63E5AC
:10F32000C7003386C74081B703274B00BA97D5BFC4
:10F33000231F0402EDB18947631FFA008347F400DD
:10F34000858B91CB8347440599C783471401D5CB5F
:10F35000FD17A308F400EF20306A2285EFE05F98E4
:10F360008347840293F70702E38A07CC835764023A
:10F37000139707014187635A0708CE07CD83130708
:10F38000C012034654028546B387E7020347E400F0
:10F39000631FD6062D070A07998FB7064B00138601
:10F3A00047ED938686DA13071002E3E9C6AE13072A
:10F3B0000064E365F7C8B726002083A506EE017751
:10F3C0007D17D045718FD8C50F10000003A706EE3A
:10F3D000B7060200930500F814C7B72600209386ED
:10F3E00086EB938757ED2382B60086077CD350C700
:10F3F000930750FA2305F4008347E402231EF40226
:10F4000035B92285EFE03FC415B979479DBF29077B
:10F410000E0759B7B727002083A747DE3946930563
:10F420000008D84F0145459BD8CF13074004A3805F
:10F43000E70C6FE0AF8E411122C4130655012A84F8
:10F44000285D8146814506C626C29720FA1FE780BF
:10F450006006854725E9245C1D469307000883C69E
:10F460000400BD8AA306D40003C714002307E400E8
:10F47000639AC6048347840293E787002304F40257
:10F4800083C7240093D6670013F6F70395479DEAD8
:10F49000930616008D4763D7E6027D17118F230769
:10F4A000E40283C7340093854400858B85CF83466F
:10F4B00044050D4783C70400639FE61293F70704D2
:10F4C00081EBC547B240224492443E85410182808F
:10F4D0006850194651059710FA1FE780E0DF9385C1
:10F4E000A40065D103C73400C94793762700F9FA11
:10F4F000230E040493764700CD47E9F6937607027E
:10F50000D947E9F2937787009DC383C715008566C5
:10F51000938606F0A207F58F83C605008905D58F6F
:10F520002315F40283C7F5FF9183A304F402418BF2
:10F5300025C783C705000967130707F093F7F7038B
:10F540002302F40283C72500A207F98F03C7150021
:10F55000D98FC207C1872313F402038705006356BE
:10F56000070A1307C012034654028546B387E70211
:10F570000347E400631DD6082D070A07998F1387F8
:10F5800047ED9306405163F7E6088347840293E70B
:10F5900007042304F4028D0583C7340093F707049E
:10F5A00089C783C70500A301F402830744016345AB
:10F5B000F00A8547230AF400834534010545EF30FE
:10F5C0008EE1A308A4002285EFE08FF10547814773
:10F5D000E31AE5EE03478402930600021377070659
:10F5E000E312D7EE130750FA2305E4000347E402C1
:10F5F000231EE402C1BD034754059987858BE3129E
:10F60000F7EC194613056405F9B57947A9BF290731
:10F610000E07ADB7B726002003A506EE01777D17CC
:10F620005045718F58C50F10000003A706EEB706AE
:10F630000200130500F814C7B7260020938686EB56
:10F64000938757ED2382A60086077CD350C7834754
:10F65000840293E7070235BF83473401858381C75E
:10F66000A309F40091BF8547E5BF011126CAB7245D
:10F67000002003A744F322CC4AC84EC606CE5C57EE
:10F6800037290020B7290020F59B5CD7032749EBD9
:10F690008347450237240020014693F6F7071C43B1
:10F6A0009305F00F93F707F8D58F1CC3B7C7898E62
:10F6B000938767ED1CC7B7575500938757555CC3B1
:10F6C00003A709EE5C4393E717005CC3930710FAA6
:10F6D0002305F50003455502230C04EA130484EBCB
:10F6E00023020400EF20101A83A609EEA3020400EF
:10F6F000032749EBA300040085479CC21C4337063F
:10F70000330093F7F7CF1CC31C4393F7F7CF93E76E
:10F7100007201CC303A744F3F24062441C47D244B1
:10F720004249D18F1CC7B707030093878715BCCA0E
:10F73000B24905618280411106C622C4FD572308E3
:10F74000F502834715022A842301F502A147A3008D
:10F75000F5023545EF20B0322285EFF01FF1372753
:10F760000020032607EE8177FD175446F58F5CC60F
:10F770000F100000832707EE37070200130600F87A
:10F7800098C737270020130787EB2302C7000567B8
:10F79000130727A9F8D3D4C7930740FA2305F40029
:10F7A000B240224441018280011122CC130655014E
:10F7B0002A84285D8146814506CE26CA4AC84EC69F
:10F7C00052C49720FA1FE780E0CE63170542032A50
:10F7D00084079306F00703470A003D8BA306E40065
:10F7E00083471A00A301D402230A040493F7F70302
:10F7F0002307F400230E04049D466316D732584CA9
:10F800009316170163CC063E03492A009374F9034B
:10F8100013871400638CE7008D44F2406244268510
:10F820004249D244B249224A056182801359690093
:10F830002304240383473A0093094A0013F717006F
:10F840005DE3FD1483473A0093F4F40F13F72700A8
:10F8500029C7E31309FCC18B91C7034714028947E9
:10F86000E30CF7FA8547230EF4043C5CCE85194679
:10F8700083C707001305E405E9149D83A30EF40470
:10F880009710FA1FE780C09983478402990993F47F
:10F89000F40F93E747002304F40203473A009377F9
:10F8A0004700639107361376870025CE83C719007A
:10F8B0008566938606F0A207F58F83C60900F914C2
:10F8C0008909D58F2315F40283C7F9FF93F4F40F48
:10F8D0009183A304F402FD572301F402418B7DC7F9
:10F8E00029E6D5441DBF631D0930C18B91C703476D
:10F8F000140289476306F7308547230AF4048347D7
:10F900000A00CE8519469987858BA30AF40413054E
:10F9100064059710FA1FE780A0909309AA00E514E8
:10F9200015B7FD57A304F4027DB7EF20F00C83C791
:10F9300009000967130707F093F7F7032302F4029E
:10F9400083C72900A207F98F03C71900D98F231392
:10F95000F40203870900635607006177D98F2313E8
:10F96000F40283C7290009479583A302F402E36ADE
:10F97000F7F6F5148D0993F4F40F83473A0013F763
:10F9800007026313072813F7070419CFC18B91C728
:10F99000034714028947630BF72683C70900FD1448
:10F9A00093F4F40FA301F4026394042663030902A1
:10F9B00083473A00C18B8DEBEF201004E31309F26B
:10F9C000230704022285EFE0AFB121BFA3060402A2
:10F9D0006DB72285EFE08F9819E1A1443DBD2285E6
:10F9E000EFE0EFAC71F5D5BF8347540203566402D4
:10F9F000230604028507A306F40293170601C187B4
:10FA000063D7070E4E064D829307C01203471402B8
:10FA10003306F60285476317F7008347E400A9071A
:10FA20008E071D8EB7074B00130746ED938787DAC5
:10FA300063E2E71E9307005063EDC70AB727002073
:10FA400083A507EE01777D17D445758FD8C50F10B4
:10FA5000000003A707EEB7050200372900200CC7F6
:10FA6000130500F8930589EB130656ED2382A500D4
:10FA7000060670D354C7BE84930989EB7C53FDFFFF
:10FA80008347140222852301F402A147A300F40254
:10FA9000EFF0BFBD83A604EE8177FD17D846F98F3E
:10FAA000DCC60F10000083A704EEB7060200930423
:10FAB000000294C7930600F82382D9009306A0336E
:10FAC000F4D3D8C79720FA1FE780809B834789EB40
:10FAD000858BE38407D422856244230C09EAF24033
:10FAE000D2444249B249224A05616FF0EFB0F9476A
:10FAF00031BF034704039307F00F93041002E31E82
:10FB0000F7D0930710271306F6D83356F60237F5C9
:10FB1000050093060403A285130565739304F0079B
:10FB2000EF209E97DDB9894663F7E6009946930476
:10FB30000008E314D7CEE91793F7F70F7D47930436
:10FB40000008E36CF7CC8547230AF40483470A00D6
:10FB5000194693052A009987858BA30AF404130597
:10FB600064059700FA1FE780A06B8347D400230E3B
:10FB7000040405476392E7022C5C230EF404194643
:10FB800083C705001305E405A1059D83A30EF404B6
:10FB90009700FA1FE780C0682285EFD03FFC8547B9
:10FBA000AA84E31CF5E22285EFE06F90E31795E26B
:10FBB0008347D40081C71947639FE7008347F40058
:10FBC000858B91CB8347440599C78347140185C32F
:10FBD000FD17A308F400EF2020620347D4009147EB
:10FBE0009944E30CF7C22285EFE08F8F3DB1228567
:10FBF000EFE06FC5814415B1854405B19D4431B92D
:10FC0000C54421B9CD4411B9D94401B9DD4431B15C
:10FC1000E14421B19304100209B1411122C4130639
:10FC200055012A84285D8146814506C69720FA1F22
:10FC3000E78040884DE92C5C7D470D4583C7150062
:10FC4000230E040493F7F7032307F400E91793F74F
:10FC5000F70F6366F70283C7050011471D45BD8B8B
:10FC6000A306F400639DE700834644050D4783C760
:10FC700005006396E60493F7070491E74545B24013
:10FC80002244410182806850194689055105970038
:10FC9000FA1FE78060647DD183074401634CF00262
:10FCA0008547230AF400834534010545EF20BEF261
:10FCB000A308A4002285EFE0AF820145C9B703473E
:10FCC00054059987858BE31BF7FA194689051305B7
:10FCD000640575BF83473401858381C7A309F40098
:10FCE000D9B78547E5BF054559BF01114AC837292E
:10FCF000002022CC06CE26CA4EC652C4930789EBFA
:10FD000083C777001547130489EB6307F700834720
:10FD100074000D476311F7028347940089E7930746
:10FD200060102314F400F2406244D2444249B249C4
:10FD3000224A05618280B7270020194583A447DE47
:10FD4000EF20E053B727002083A647EB37C7898E03
:10FD5000130767ED98C63757550013075755D8C294
:10FD600003C724029306F00FBE896307D700FD572F
:10FD7000A380E4022381F40203C5140289476303CC
:10FD8000F5000145372A002003270AEE01469305B6
:10FD9000F00F5C4393E717005CC3930710FA2385C9
:10FDA000F4009947A303F400230C09EA230204009A
:10FDB000EF20402DB727002083A647F3DC56F59BA4
:10FDC000DCD683A749EB03C794001376F707984363
:10FDD000137707F8518F98C398431377F7CF98C3D9
:10FDE00098431377F7CF1367072098C39C463707CC
:10FDF0003300D98F03270AEE9CC6B7070300938709
:10FE000087153CCBA3020400A300040085471CC354
:10FE100019BF4111B727002022C403A447DE06C63C
:10FE200026C2834714022147638DE70A894483462B
:10FE30009400639D970A930770026381F6129307FB
:10FE40005002930560026384F60093057002B727A1
:10FE5000002083A747EBA304B40037270020944376
:10FE60003706CEFF7D1693F6F6CF93E6061094C3C1
:10FE7000032747F3370833001447F18E14C7B7261A
:10FE8000002003A506EE37060300B726002030C980
:10FE9000238C06EA938686EB23820600A382060063
:10FEA000A3800600854614C194431306861593F675
:10FEB000F6CF94C3944393F6F6CF93E6062094C30B
:10FEC0001447B3E6060114C730C95457F59A54D7FE
:10FED0009843137707F84D8F98C3930710FA2305BB
:10FEE000F400B240224492444101828093077002A0
:10FEF000638DF60293075002130760026384F600D5
:10FF000013077002B727002083A647F3A304E40079
:10FF1000DC56F59BDCD6B727002083A647EB9C4236
:10FF200093F707F8D98F9CC24DBF83470402898B92
:10FF300095C7B72700200356640303C5F7B3A1454F
:10FF4000EF20CEE193075002A3009402A304F40033
:10FF50002244B240924441016FF03FD922852244AD
:10FF6000B240924441016FD09FF6B727002093879B
:10FF700087D603A7470A39E7411122C4E05F06C6C6
:10FF800037270020834704020345F7B313F7170010
:10FF900019C78547A300F4020356A40101A8898B61
:10FFA000EDDB035664038947A300F402A145EF206B
:10FFB000EEDA93075002A304F4002244B240410158
:10FFC0006FF0BFD282800111B727002022CC03A49A
:10FFD00047DE26CA4AC84EC652C456C25AC006CECA
:10FFE000930A200A9309100A1309600A130B400AA6
:10FFF000130A500AB72400208347A4006391570DC9
:0200000260009C
:1000000037270020032607EE8177FD175446F58F2A
:100010005CC60F100000032707EEB7070200B724E5
:1000200000201CC7130600F8938784EB2382C700C7
:10003000B727002083A747EB9C439D83858BB5C3DF
:10004000930760197CD354C79710FA1FE780404389
:1000500083C784EB858B9DC7238C04EAEF20C019EE
:100060002285EFF09FBB19CD8307440163CE0702C1
:10007000FD57230AF400834534010545EF20BEB542
:10008000A308A40083478400638807146244F240F5
:10009000D2444249B249224A924A024B05616FF06A
:1000A000DFC49307E01B79BF83473401860793F7CA
:1000B000F70F81C7A309F4007DBFFD57E5BF639526
:1000C000370383C784EB858B99CB2285238C04EA85
:1000D000EFF08FED8347A400E39037F365B7938487
:1000E00084EB2382040079BF639B270B3727002012
:1000F000032607EE8177FD175446F58F5CC60F1077
:100100000000032707EEB7070200B72400201CC732
:10011000130600F8938784EB2382C700B7270020DB
:1001200083A747EB9C439D83858BA1CF93076019E1
:100130007CD354C79710FA1FE780803483C784EBC1
:10014000858B89CB238C04EAEF20000B2285EFF00E
:100150008FAE19CD8307440163C80702FD57230AF8
:10016000F400834534010545EF20FEA6A308A40052
:100170000347A4009307500AE316F7F0EFE0AF9EA1
:1001800011B79307E01B6DB783473401860793F7D8
:10019000F70F81C7A309F400E9B7FD57E5BF639ADC
:1001A00067039710FA1FE780A02D83C784EB858B28
:1001B00091C72285238C04EAEFE01FC48347A40083
:1001C00063944701EFE02F9A8347A400E38627E377
:1001D00055BDE38947FF7DB5F2406244D2444249B0
:1001E000B249224A924A024B056182804111B7E727
:1001F00000E04AC003A907003707200006C622C452
:1002000026C23379E90023A0E7180F100000B727B2
:100210000020138787EB03479700938787EB01CB79
:1002200083C6870009476394E600A384070003C7D9
:100230007700A1466387E60003C777009D46639970
:10024000E60003C777002384E7000547A384E7009F
:10025000EF10907AB727002003A447DEB7240020D0
:100260009384C4B36840231504002304040097005A
:10027000FA1FE78060EB03C53400914523100404A6
:100280002322040423240404EF208EB403C5340085
:10029000A145EF20EEB3034514039307F00F630766
:1002A000F500EF20CEB9FD57A308F402034504037F
:1002B0009307F00F6307F500EF206EB8FD57230892
:1002C000F402B2402244B7E700E023A02711924491
:1002D000024941018280411106C6FD57A308F5027B
:1002E0004546930500080145EFD04FA3B2404101B8
:1002F0006FF0DFEFB727002083C7F7B3411106C6C1
:1003000089EB37350500130525A4EF20EEE6EF2035
:10031000DF83B7E7050037270020938707AD232445
:10032000F7DEB240B707060037270020938767FC47
:100330002324F7EA4101828001114EC606CE22CC69
:1003400026CA4AC8EF70DF86AA893DC9EF70CFF888
:100350002A8463070512930710112315F5009307EC
:1003600000FB2307F5003729002085472308F50007
:10037000930749B983D7070113074010130949B9F7
:10038000A5073E85C207C1836374F70013054010BB
:10039000131705014183930700046374F7001305E5
:1003A000000442059305302541819700FA1FE7803C
:1003B00060C92328A41009ED03558400EF705F8EF7
:1003C000F24062444E85D2444249B249056182807E
:1003D000B727002083A7C7EDB7240020938484D6D5
:1003E000232AF41083A7C40D03A7840D2285232E8E
:1003F000F40E2326F41083D7A403232CE40E232425
:10040000E4102312F41483C7A40423130414A307D1
:10041000F414FD572310F4042313F4022314F402FC
:100420008347E40293E707FC2307F4028567938779
:1004300087BB2315F404EF505FD90345490123011D
:10044000A414EF10501ED147A306F41693078002A0
:10045000A305F4169307006F231FF4149307F00706
:100460002300F416F5779387A7EBA301A4142303C5
:10047000A416A303A4162311F4162394040089B729
:1004800085493DBF01114AC837290020930789D605
:1004900006CE22CC26CA4EC652C42A8403C53700D3
:1004A00083450403372A0020A307A402EF204EEA65
:1004B000130A0ABE03588A008357A4039306003226
:1004C000B72900203307F802232AA408130989D684
:1004D0003356D7023377D7029306204E2326C4081B
:1004E00037460F00130606243307D702B387D70217
:1004F00033470703B3D7A7022310E402138749B990
:1005000083446701938949B9BE94835784039384D4
:10051000C417C2048507B387D702C180814623125E
:100520009408858FB3B5070333850703EFC06009CF
:100530008327840883264A00AA9733B5A7002E95FF
:1005400001E53E8763E4D7003387D74083477403D0
:100550002328E4081307204EB387E7028604228588
:10056000BE9423119408EF50DF902285EF50DFBF37
:100570008355E40322859205F915C205C181EF5028
:100580009F8B2285EF70BFCCB727002083A747E958
:100590002322890A898B91CF83A7090399CB8325CD
:1005A00084093545829783A709038325C409394502
:1005B0008297228562442317090023280900F2400C
:1005C000D2444249B249224A05616F604FAC035799
:1005D000050889468357450863F3E6000947B39742
:1005E000E7002313F5086F208EE5011122CC26CAFF
:1005F0004AC806CE4EC652C4834765030347350139
:100600002A848507230BF502372900208347C5007C
:10061000B7240020631B075A13070004A309E50051
:1006200003471501BD9B93E737002306F500931799
:100630008701A30D0500E18763D907001377F7074A
:10064000A308E500EFC0CFEB39A88327850A93F60E
:100650002700A5CAF59B2324F50A83270510918B53
:10066000B1CFEFA02FE20347B40185476311F7062E
:10067000832784110347C400DC432380E7008327DA
:10068000841103475401DC43A380E700032784114E
:10069000832709EE5843B8DF83A744EBB7068000F1
:1006A0009843558F98C3D857719BD8D7F24062446E
:1006B000D2444249B249224A05618280EFA02FDA32
:1006C0005DB793F617008DC6F99B2324F50A83279F
:1006D00004110347C4002380E70083270411034764
:1006E0005401A380E700832709EE0327041165B7AF
:1006F00083490501054A6398491DF9C713F70701A6
:1007000019C7BD9B2324F50AEFA0BFB7A9BF13F7F4
:10071000070201CB93F7F7FD2324F50AEFA03FCBA7
:1007200099B713F7070401CB93F7F7FB2324F50AD6
:10073000EFA0CFDA0DBF13F7070809CB93F7F7F750
:100740002324F50A2285EFB0DFD431BF13F7072049
:1007500009CB93F7F7DF2324F50A2285EFA02FEBCF
:1007600019B713F7074001CB93F7F7BF2324F50A16
:10077000EFA0FFF4CDBD13974701635C07007D77C1
:100780001307F77FF98F2324F50A2285EFA0FF8254
:10079000D9BD13973701635A07007D777D17F98F0D
:1007A0002324F50AEFA05F847DBD13972701635AC8
:1007B000070079777D17F98F2324F50AEFA07F9141
:1007C0005DB52324050A21B78327450A638E071ADE
:1007D00093F6070481CA93F7F7FB2322F50AEFA0EB
:1007E0002FC051B593F6071081CA93F7F7EF232274
:1007F000F50AEFA01FAE85BD93F6072099CA4D8B71
:10080000631F070E93F7F7DF2322F50AEFA07FB1EE
:1008100099BD93F6074081CA93F7F7BF2322F50AE3
:10082000EFA0EFC889B59396470163DB06007D779B
:100830001307F77FF98F2322F50AEFA0CFCB25B559
:100840009396370163DC06004D8B55EB7D777D1762
:10085000F98F2322F50AEFA0EFD231B513971701D4
:10086000635A070071777D17F98F2322F50AEFA0ED
:10087000CFEDD5BB1397E700635A070001777D17CB
:10088000F98F2322F50AEFA0CFF0F1BB1397B70041
:10089000635B07003707F0FF7D17F98F2322F50A06
:1008A000EFA0AFFCC9B313978700635B070037075E
:1008B00080FF7D17F98F2322F50AEFA05FBB65B398
:1008C0002322050A29B5638C09029306600463EFAD
:1008D00036071307500463F9E9141307A002638A6B
:1008E000E91C63673703930710026380F91A63EA10
:1008F0003701ED476387F914F547638AF9142285B8
:1009000091B393075002638FF91C93077002F5B7F8
:10091000130760036389E914636B37019307E002EF
:100920006384F91E93071003E380F9DEC9BF130740
:100930000004638CE908930710046387F90A93079E
:100940008003E39EF9FAEFC0AFBB19AA9307A00595
:100950006387F91E63E13705930750056385F90244
:1009600063EB37019307B0046388F91C9307100504
:10097000E38AF9DC69B793076005E380F9DE930742
:100980008005E39EF9F622859700FA1FE780A0D63E
:10099000E30B05CCADB79307B00663ED37019307C2
:1009A000A00663FBF92093076006E39AF9F4EFA031
:1009B0001FD199A093076007E389F9DC93076008CA
:1009C000E39FF9F2EFA0EFF005A813974701E35872
:1009D00007F27D771307F77FF98F2324F50AEFA03D
:1009E000CFDD2308340141B18347B5028DC70547E8
:1009F0006398E700EFA0BF9D85472308F400A5B1E9
:100A000083270510918BD5C3BD472306F4022285A9
:100A1000EFA04FA7D5B7EFC0AFAE8327040A93E787
:100A200027002320F40AC9BFEFC08FAD8327040A33
:100A3000230844012311040693E747002320F40A06
:100A40001DB1EFA02F8BD947230AF40429B92285C1
:100A5000EFC00FAB8327040A93E717002320F40AA3
:100A60002308040009B19700FA1FE780C0C8E30C0F
:100A700005BE8547A306F4042285EFA04F94834763
:100A8000C404F99B2306F404F9BE83278510858BE3
:100A900081C7EFA08FF4C1BEE947A305F502832704
:100AA0000510918B99C38D478DB72285EFA02F9BA1
:100AB000A1B7EFA04F878347D40491CB414693055C
:100AC000C40A1305C40C97F0F91FE78060758347CB
:100AD000C4042326040E2328040E93E717002306DC
:100AE000F40451B683270510918B81CF8D472306DF
:100AF000F502EFA02F9983471401DD9BA308F400B2
:100B0000E5BDEFA0CF95C5BF8347C5042322050EE1
:100B10002324050E93E727002306F504EFA0CF82D8
:100B200083471401A3050402DD9BA308F400832777
:100B3000040A93E70701F5B5EFA04F9A75BD834707
:100B4000A51499CB83466514331ADA006306FA00BC
:100B500013670701A308E5000347B41411CF8346C8
:100B600074148547B397D7006388E700834714015F
:100B700093E70701A308F4008347E40199CF834773
:100B80001401C18B99EB8327040A93E707202320E4
:100B9000F40A2285EFC0CF9685B583071416F5DBDE
:100BA00083274410898BF5D78327440A3707100021
:100BB000D98F2322F40AF1BFEFC08F948327040A50
:100BC000056713070780D98FA9BD372700201307B2
:100BD00087D68356070185062318D700032785117A
:100BE000E30307A893E707012306F500ADBC83479D
:100BF0004517858B638007108347651393D63700AD
:100C0000AA9683C5061313F7770033D6E540058A05
:100C100079CA397122DC06DE26DA4AD84ED652D499
:100C200056D25AD05ECE62CC66CA2A8403454503AA
:100C30007D57FD47591562052C0061853AC43EC6B3
:100C4000EF10A0720326841322478326C413B247F1
:100C5000718FF58F6314E6006387F6062800EF7046
:100C60006FD9894763F1A706294681451305D41733
:100C700097F0F91FE780E061224AB24A81490D4CA2
:100C8000854C930B500293948901E1844E865285E2
:100C9000D68513DB2440EFB0500D8D88229B05894B
:100CA00086040309DB170DCDB3949C00B36499004F
:100CB000A30E9B168509E39879FD8347441793E7B4
:100CC0008700230AF416F2506254D2544259B259A2
:100CD000225A925A025BF24B624CD24C21618280C2
:100CE000B3149C00E1B78547B397E700CD8F238805
:100CF000F6128280828079714AD0372900209307CA
:100D000089D622D403A4070A4ECE52CC56CA5AC85A
:100D1000B7290020372A0020B72A002037DB060039
:100D200026D25EC606D662C466C26AC0814B13096B
:100D300089D6938489EB130A0ABE938A4AB9130BA6
:100D40008BC18347E4001307000D6390E722372C23
:100D5000002083270CEE98430D8B0DC7372700200A
:100D6000230307B8B84B1377F78FB8CB98431367B3
:100D7000870098C39C438D83858B89C70100010040
:100D8000010001009700FA1FE780C0C38347C40435
:100D9000858B89C7A2850545EF00506F372D002050
:100DA00003274DEBB72C00205C57F19B93E717000E
:100DB0005CD7B727002083A6C7F383A74CF36382D1
:100DC000061403466413B29683C6060050573705CF
:100DD0000082939586017D1593F6F603E606698EEB
:100DE000D18E54D7E1859306A00363DFB610F44F8C
:100DF00037060007D18EF4CF832784091CC78327C9
:100E0000C4095CC303270CEE5C4393E717005CC383
:100E10008355441C95470356641C9105034574147F
:100E2000A383F400C205930710FD2307F400C181DA
:100E3000930700FC238CF9EAEF10C02403467414D6
:100E4000854683572408035764086319D60E938791
:100E5000570303260CEE0607BA97544601777D1711
:100E6000758F58C60F10000003270CEE37060200DE
:100E7000860710C7130600F82382C4007CD354C72A
:100E800003260CEEA38204008547A38004001CC245
:100E90008346C40483274DEB03A74CF3858AD5C250
:100EA0009443B705330093F6F6CF94C3944393F677
:100EB000F6CF93E6062094C31447CD8E14C7B70629
:100EC00003009386861734CA5457F59A54D783463D
:100ED000641313F6F607944393F606F8D18E94C381
:100EE0005C4393F7F7EF5CC30100010003A74CF3E9
:100EF0005C4393E707105CC39700FA1FE7804058F4
:100F000089B583462414D9B59306200263DAB60066
:100F1000F44F370600F97D16F18E37060005D9BD6E
:100F2000B70600F91386F6FFF44F6945F18E3706D0
:100F30000003E341B5EC370600016DBD93879704CC
:100F400009BF9443B705330093F6F6CF94C3944397
:100F500093F6F6CF93E6062094C31447CD8E14C7BC
:100F6000B706030093868615B9BF1307100D639269
:100F7000E75883C789EB858B6380074C83C789EB70
:100F8000E207E18763D4070C8347F40003CC6A01CE
:100F900093F7070285C38357A4031307204EB38733
:100FA000E70203274409B3D7E70213070C05BA97F2
:100FB0002312F40803554408035D8A0037460F00E6
:100FC00013059504B325A50381461306062483ACB7
:100FD000C4013305AD02EFB0C05E0327C408832609
:100FE0004A003305A74033079501BA856364A7001B
:100FF0006364D700B305D740032704096362B716BB
:1010000003566408835724080D8F13151600AA97FA
:10101000B387A70337450F001308F52313050524ED
:10102000C297B3D7A7026366F700B387F64063F4AD
:10103000E7002328B408420C93571600135C0C01F8
:1010400063E287132313F408231004088345C404C0
:10105000032544119306240313064403858997004E
:10106000FA1FE7802045834744030347690423832D
:10107000A400998F230AF40283C76400858B6396CA
:10108000072A8347A40293E727002305F40283C7B6
:1010900089EBE207E18763D307028347641313D721
:1010A000370093F6770022978547B397D70083469A
:1010B000071393C7F7FFF58F2308F7128347F40050
:1010C000898BE9C32285EF500F914DED8347F400E2
:1010D000A309040093E74700A307F40083278411C2
:1010E0008DCF0347B40115CB03C79700058B15E7D8
:1010F00003D7A700C843136707F02395E70097F0CD
:10110000F91FE78060028357440485072312F40423
:10111000832784119C43232CF4108347540181CBF3
:101120008347C404898B81C72285EF50CF8F8347C3
:10113000040113072002639AE7028327040AA30528
:10114000040293E787002320F40A8347140193E7FE
:101150008700A308F400930740022308F4001DA0B1
:10116000369779BD23138409C5B513070006639B21
:10117000E70A85472308F4008347A40293E7170092
:101180002305F40283C76400898BE5C78347C40441
:10119000858BE5C3834794018507A30CF40083473F
:1011A000F40013F7270029E393E72700A307F400CF
:1011B000930700F8230EF4008357A4031307204E6F
:1011C000B387E70203274409B3D7E70203C76A01DD
:1011D00013070705BA97C207C1832312F4088607CD
:1011E0002311F4082322090A2285238C09EAEFF04F
:1011F000CFBF83455401034564149105EF00105E91
:1012000083475401638A071E8347C404898B63851F
:10121000071EA2850145EF00B01F63030512EF0012
:10122000B07D45AC13077006639BE702B72700202B
:1012300003A747EB3C57ED9B3CD7238504003717AA
:10124000004083578701C607C583231CF7008347E7
:10125000C40093F7F7FD2306F4008547FDBD7147F1
:10126000E392E7F28327040A93E717002320F40AA6
:1012700011BF2285EF40BFF81DF1A30C04002285A9
:10128000EF407FF183471401A18B85CF8347640131
:101290008DCB83477401094793F7B70F6383E70248
:1012A0009307D003230AF404930770022308F40081
:1012B0008347C404858BE38407EE2285EF40BFFBA0
:1012C000F9BD8347D4000D476393E7048347740156
:1012D000130780026373F702834774011D47638419
:1012E000E702A306F4028327840A228593E7170006
:1012F0002324F40AEF907F8739A08A07DA979C436A
:101300002285829771F983476401DDF349BD99CB4A
:1013100083476401E38507E8228597F0F91FE7809A
:101320006050AA8BE39D0BE6F9BF834784018507D4
:10133000230CF4008357E90085072317F90085B5CE
:10134000B727002003A747EBB70633001C4393F7EA
:10135000F7CF1CC31C4393F7F7CF93E707201CC3B9
:10136000B727002003A747F31C47D58F1CC7B72713
:10137000002003A707EEB7070300938787273CCB1E
:10138000B727002083A747EBB70680009843558F07
:1013900098C3D857719BD8D7930720FD2307F40033
:1013A0008347CA00E39A07B483270412E38607B48D
:1013B0000347F400058BE30107B4D44303C6C70019
:1013C00083C58700035584008906EF700078E31514
:1013D00005B28327041203D7A700136707F02395EC
:1013E000E7009C432320F41283572404E38607B0CC
:1013F000FD172311F40409B6B727002003A747EB14
:10140000B70633001C4393F7F7CF1CC31C4393F775
:10141000F7CF93E707201CC3B727002003A747F3A4
:101420001C47D58F1CC7B727002003A707EEB707B7
:10143000030093878725A1B7B727002083A707EE6E
:10144000FC53E3900790938789EB23820700EF001A
:10145000B05A83C789EB2285E207E18763DD071C69
:10146000EFF0EF9683572901228585072319F900AC
:10147000EFF0EFF783570404A9CF13074006B3F743
:10148000E702A1EBB727002083A747E9898B95CF17
:10149000B7240020938444B9985805CB8357090199
:1014A000835529012545C207DD8D02979C58835538
:1014B000E900294582979C58831524032D4582977E
:1014C0009C5883054403314582972317090023283C
:1014D000090022852254B25092540259F249624ABC
:1014E000D24A424BB24B224C924C024D45616F5056
:1014F0008FC01307200DE394E7D283C71400858BB8
:10150000638E07128327040AA38004001397270120
:10151000634A070E228597F0F91FE780603E8547F2
:101520006312F50E8355441C0356641C0345741462
:101530009105C205C181EF00F0348347C404372C04
:101540000020B72C0020858B372D0020BDCFA28531
:1015500005452D2F03A74CEBB70633001C4393F72B
:10156000F7CF1CC31C4393F7F7CF93E707201CC3A7
:1015700003274DF31C47D58F1CC703270CEEB70775
:101580000300938787173CCB03270CEE930710FDCE
:101590002307F40054478177FD17F58F5CC70F10C0
:1015A000000003270CEEB70702001CC7930700F8E2
:1015B0002382F40083A74CEB9C439D83858BA1C3BE
:1015C000930760197CD354C705BA03A74CEBB70641
:1015D00033001C4393F7F7CF1CC31C4393F7F7CF9B
:1015E00093E707201CC303274DF31C47D58F1CC767
:1015F000B707030003270CEE9387871569B7930796
:10160000E01BC9B7EF00503F8347940185C793F7AC
:10161000070F81CB9305D0032285EF50AFBDA30503
:10162000A402B727002083A747BC89C795451305A7
:10163000500882972285EF50BF8061BDB7270020F8
:1016400083A707EEFC53639E07EE23820400EF009E
:10165000B03ACDB7411106C6EF40AFEBB727002037
:1016600037070600938787D61307873323AAE70A2D
:10167000370706001307474823ACE70AB240B717FD
:10168000060037270020938767CF2326F7EA41011A
:101690008280011122CC37240020930784D626CAE9
:1016A00083A4070C4AC84EC652C456C206CE2A8925
:1016B0008149130484D6130A2500854AA9E49305B9
:1016C0007025314597F0F91FE780C097AA8401453E
:1016D000B9CC83471900194693052900A380F4006B
:1016E0001385240097F0F91FE78080B38327040C4B
:1016F000A1EB2320940C23A404008347C40B85078B
:10170000230EF40A25A003C71400834719006305BC
:10171000F700A68984445DB71946D2851385240055
:1017200097F0F91FE78040BBE31555FF0545F240F0
:101730006244D2444249B249224A924A05618280B7
:10174000E38B09FA23A499007DB7011126CAB724B7
:101750000020938784D622CC03A4070C4AC84EC627
:1017600052C456C206CEAA890149938484D6130A6C
:101770002500854A19E80145F2406244D2444249B5
:10178000B249224A924A056182800347140083C706
:1017900019006305F70022890044E9BF1946D28584
:1017A0001305240097F0F91FE78000B3E31555FFF8
:1017B0001C446315090023A0F40C19A02324F9008C
:1017C000228597F0F91FE780209683C7C40B054553
:1017D000FD17238EF40A4DB7411122C4372400208F
:1017E000930784D603A5070C06C626C2130484D625
:1017F00011E92320040C230E040AB240224492442F
:1018000041018280044597F0F91FE780E091268529
:10181000C5B7B7270020938787D623A0070C238E50
:10182000070A828037270020832707EB93060010E2
:1018300094C30100010001000100832707EB23A0EE
:1018400007008346150003482500A2064208C296F9
:1018500003480500C296034835006208C29694D733
:101860008346550003486500A2064208C296034815
:101870004500C296034875006208C296D4D78346D5
:1018800095000348A500A2064208C29603488500B9
:10189000C2960348B5006208C29694DB8346D50021
:1018A0000348E500A2064208C2960348C500034566
:1018B000F500C2966205AA96D4DB83C6150003C55F
:1018C0002500A2064205AA9603C50500AA9603C5EF
:1018D00035006205AA9694CF83C6550003C56500FE
:1018E000A2064205AA9603C54500AA9603C575003F
:1018F0006205AA96D4CF83C6950003C5A500A206AB
:101900004205AA9603C58500AA9603C5B5006205DF
:10191000AA9694D383C6D50003C5E500A206420566
:10192000AA9603C5C50083C5F500AA96E205AE9642
:10193000D4D3D443F59AD4C3D44393E61600D4C386
:10194000944393E6160094C3BA8783A607EBD84264
:10195000058B59E7984E01452300E60003A707EBE6
:10196000184F2183A300E60003A707EB184F41831C
:101970002301E60003A707EB184F6183A301E600EC
:1019800083A707EBD84F2302E600D84F2183A30299
:10199000E600D84F41832303E600D84F6183A303B9
:1019A000E60098532304E60098532183A304E6003D
:1019B000985341832305E60098536183A305E6000D
:1019C000D8532306E600D8532183A306E600D85354
:1019D00041832307E600DC53E183A307F6008280FE
:1019E0000100A5B737270020832707EB93060010D7
:1019F00094C30100010001000100832707EB894621
:101A000094C38346150003482500A2064208C296E7
:101A100003480500C296034835006208C29694D771
:101A20008346550003486500A2064208C296034853
:101A30004500C296034875006208C296D4D7834613
:101A400095000348A500A2064208C29603488500F7
:101A5000C2960348B5006208C29694DB8346D5005F
:101A60000348E500A2064208C2960348C5000345A4
:101A7000F500C2966205AA96D4DB83C6150003C59D
:101A80002500A2064205AA9603C50500AA9603C52D
:101A900035006205AA9694CF83C6550003C565003C
:101AA000A2064205AA9603C54500AA9603C575007D
:101AB0006205AA96D4CF83C6950003C5A500A206E9
:101AC0004205AA9603C58500AA9603C5B50062051E
:101AD000AA9694D383C6D50003C5E500A2064205A5
:101AE000AA9603C5C50083C5F500AA96E205AE9681
:101AF000D4D3D443F59AD4C3D44393E61600D4C3C5
:101B0000944393E6160094C3BA8703A707EB5443A4
:101B1000858AC9EA23200700184F01452300E60003
:101B200003A707EB184F2183A300E60003A707EBE9
:101B3000184F41832301E60003A707EB184F618389
:101B4000A301E60083A707EBD84F2302E600D84F96
:101B50002183A302E600D84F41832303E600D84F38
:101B60006183A303E60098532304E600985321837E
:101B7000A304E600985341832305E600985361834C
:101B8000A305E600D8532306E600D8532183A30615
:101B9000E600D85341832307E600DC53E183A30723
:101BA000F6008280010095B7011122CC2A843545C8
:101BB00006CE2EC632C4E125B727002003A707EEC4
:101BC00022853C4B93E707083CCB2246B245EFF019
:101BD0007FC5F2406244014505618280011122CC3B
:101BE0002A84354506CE2EC632C4512DB727002093
:101BF00003A707EE22853C4B93E707083CCB224620
:101C0000B245EFF03FDEF24062440145056182805B
:101C1000B727002003A707EE3C4B93E707083CCB10
:101C20000100010001000100B727002083A707EB96
:101C300003A7450E16051365050888C398CB03A7AF
:101C4000850E0145D8CB03A7C50B98CF03A7050C7C
:101C5000D8CF03A7450C98D303A7850CD8D303A7E7
:101C6000C50C98D703A7050DD8D703A7450D98DB5A
:101C700003A7850DD8DB03A7C50D98C703A7050EDD
:101C8000D8C798431367070498C38280B7270020FA
:101C900003A707EE3C4B93E707083CCB010001008C
:101CA00001000100B727002083A707EB03A7C50E9B
:101CB00016051365050888C398CB03A7050F0145D2
:101CC000D8CB03A7C50B98CF03A7050CD8CF03A784
:101CD000450C98D303A7850CD8D303A7C50C98D778
:101CE00003A7050DD8D703A7450D98DB03A7850DDE
:101CF000D8DB03A7C50D98C703A7050ED8C798431F
:101D00001367070498C3B7270020938787EB13074F
:101D100000F82383E7008280B727002083A747EBE2
:101D2000885B3D81620561858280B727002083A79B
:101D300047EBB7068000B70500829843FD15558F25
:101D400098C31307F00F98DF13070005D8DBD857A7
:101D5000B7060080558FD8D737270020034787BAAA
:101D6000D457131687011377F703ED8E6607558F47
:101D7000D8D76186372700209306A003032747F3AF
:101D800063DCC600744F37060007D18E74CF370767
:101D900002001307C72099A09306200263DAC60049
:101DA000744F370600F97D16F18E37060005F1BF36
:101DB000B70600F99385F6FF744F6945ED8E6355BC
:101DC000C50037060003D1B7B7050001CD8E74CF2B
:101DD000E35F06FA3707020013070721D8DF984BA5
:101DE000137707FC1367E70098CB37E700E0D1478C
:101DF000A309F704B71700209387473093E717002C
:101E00007CD78280B727002083A747EB9C5BC6075F
:101E100013D5670163D60700136505C042054181EC
:101E200042054185828093178501E18763C80706D3
:101E30001377050499472DE31307A0039147636DBA
:101E4000A7041307A0028D476368A70413072002A5
:101E500089476363A70469478547636FA7025147B2
:101E60008147636BA7024947FD576367A70239475C
:101E7000F5576363A7022947ED57636FA70019471A
:101E8000E157636BA7001147D9576367A70009475C
:101E9000B1576373A700C5573E858280A547EDBF44
:101EA000B557634DF50449578D476347E5045D57C2
:101EB00095476343E50465579D47634FE5027157B6
:101EC000AD47634BE5027957BD476347E502CD4710
:101ED00063440502D5470DC10547ED47630EE50094
:101EE0000947930730026309E5000D479307B003E4
:101EF0006314E5009307B0023E8582808547EDBFFD
:101F0000B727002083A747EB3706CEFF7D169843FF
:101F1000370803001375F51F1377F7CF1367071002
:101F200098C337270020032747F393F5F507144795
:101F3000F18E14C7B726002083A606EE23A8060557
:101F400023A40700904B130888151366F60390CB63
:101F500090431366060890C3F04F137606E0498E4F
:101F6000F0CF23AC070423A007065057759A50D72B
:101F70009043137606F84D8E90C31306401FF0D29F
:101F800037260020130686EBA3020600A3000600F6
:101F9000054690C29043B70533001376F6CF90C341
:101FA00090431376F6CF1366062090C310474D8EEC
:101FB00010C723A80605D8532166518FD8D32547CB
:101FC000F05201C6B04FE37DC7FED853E176FD164F
:101FD000758FD8D3A853133545008280B7270020CA
:101FE00083A7C7A899CB944BD04B9842518F98C2E6
:101FF00094439C479842D98F9CC2B727002003A7DF
:1020000047EBB7270020938787EB83C6A7003728C5
:10201000002085489386E609032608EE631D150314
:1020200008431365050808C3484601777D17698F83
:1020300058C60F100000032708EE37060200AD0552
:1020400010C7130600F82382C7008A05B6958605D7
:102050006CD348C7828008431375F5F708C3484618
:1020600001777D17698F58C60F100000032708EE0F
:1020700037060200A90510C7130600F82382C7001F
:102080008E05E9B7B727002083A7C7A889CFD44317
:1020900003A8870098423367070198C2D447DC4BF6
:1020A0009842D98F9CC2B727002037270020854649
:1020B00083A747EB9505130787EB6318D502944375
:1020C0008E0593E6060894C3944F93F606C093E6F4
:1020D000A61394CF93068007A389D7009385C503E1
:1020E0000CCB19C2060610CB82809443920593F65E
:1020F000F6F794C3944F93F606C093E6261394CF55
:102100009306F007A389D700D1BF11C93717004044
:10211000835787012168B3E70701231CF7008E0569
:10212000B72700202381B7EC2206B727002083A71A
:1021300047EB498E4D8EB70510004D8EB0D7B8577E
:1021400013674700B8D7B85791C6B7060400558F34
:10215000B8D78280B706FCFFFD16758FD5BF411139
:1021600022C437240020930784EB06C603C78700E8
:10217000A147130484EB631BF702372700200347B2
:1021800047EEB7270020938747F0058B03C637003B
:1021900083C6270039CBC84329C9834515000905E3
:1021A000EF10C04301C58547A304F4000347840032
:1021B0009947631BF700B727002083A747DE83C733
:1021C000B7009DC7EFD07FB2034784009D476311DE
:1021D000F702B727002083A787DF83C7770089CB63
:1021E0002244B24041016F604FB0814501454DBF6F
:1021F000B24022444101828037270020832707EE26
:10220000B44B93F6F68FB4CB944393E6860094C315
:102210009C438D83858B89C701000100010001006B
:10222000B727002083A647EB9C4293F7F7CF93E7AD
:1022300007109CC2B727002003A647F3B706CEFFBE
:10224000FD161C46F58F1CC6832707EE37070300D3
:10225000B8CBB727002083A7C7A899CBD443904712
:102260009842518F98C2944BDC4B9842D98F9CC2B4
:10227000B7270020938787EBA38307008280B727C7
:10228000002083A707EE9C438D8BF9CF4111B7E760
:1022900000E04AC003A9070026C23707200006C68F
:1022A00022C4AA843379E90023A0E7180F100000A4
:1022B00037240020930784EB83C777000D4713046E
:1022C00084EB631AF700B727002083A747EF014686
:1022D00081454545829719476394E40483479400F8
:1022E00099C78347840063949700A304040083473D
:1022F000740021476316F700930780102314F4003D
:10230000B7270020238307B8EFF01FEFB240224425
:10231000B7E700E023A027119244024941018280DF
:102320009D47639BF40083479400F1D303478400E7
:102330008D47E31EF7FA55BF83467400630BD70041
:10234000034774006387E700834774002147E3195C
:10235000F7FA83479400CDF7834774002304F40011
:102360008547A304F40069BF82805D7156DAB72AFD
:10237000002003A74AEB86C6A2C4A6C2CAC04EDE8E
:1023800052DC1C43372A0020B729002093F7F7CFEF
:1023900093E707101CC383264AF33707CEFF7D1748
:1023A0009C463709030013068002F98F9CC683A759
:1023B00009EE2A84AE8423A8270593051008280077
:1023C00097E0F91FE780E0EC3545EFF05FEB83A77E
:1023D0004AEB9376F41F3706330023A40700984B8B
:1023E00013098915617F1367F70398CBF84FCE88DF
:1023F000130510F8137707E0558FF8CF9843D6856B
:1024000052881367070898C33727002083A609EE70
:10241000130787EBA3020700A3000700054798C234
:102420009843A1629303401F1377F7CF98C3984353
:102430007D1F85491377F7CF1367072098C30327BC
:102440004AF3930F80021C47D18F1CC723A826058F
:102450000147340011491353370026938347030083
:1024600013767700B3D7C740858BE1C383A745EBCD
:10247000832E48F323AC070423A0070603AECE0245
:10248000137EDEFF23A6CE0383AE0700137EF7077D
:1024900093FE0EF833EECE0123A0C70103AE470230
:1024A000336E5E0023A2C70383AE08EE014E23A263
:1024B0007E0603AA070663074E0303AE0703038ADB
:1024C0000600135EFE00620E135E8E416358CA0161
:1024D00003AE0703135EFE002380C60103AE0706AA
:1024E000137EFE0F03AA4E0663060A0003AA8705A1
:1024F000E37F49FB03AE4702337EEE0123A2C7030D
:1025000083870600635CF400034E03003396C90022
:102510001346F6FF3376C6012300C3003E8663D31D
:10252000A7002A8613158601618505071377F70F23
:102530008506E312F7F303A745EB1C4B93F707FC63
:1025400093E7E7001CCBB640264496440649F2596F
:10255000625AD25A61618280011122CC2A841145CB
:102560002EC632C436C206CEEFF07FD1B727002088
:1025700083A747EBB7083300D857719B1367170041
:10258000D8D737270020032507EE1307800778D117
:1025900098431377F7CF98C398431377F7CF136710
:1025A000072098C337270020032747F3B2459246F8
:1025B00003288700224633681801232407013708BF
:1025C00003001308882523280505C1CD4C57136443
:1025D0000404F5994CD71377F4078043137404F877
:1025E000598C3747767180C31307971298C73757AE
:1025F00055001307575537240020D8C3930784EBA1
:102600009853B685130484EB38DD23810700A3813A
:102610000700238207005841799B58C111470145A3
:10262000A383E70097F0F91FE78000F2B7270020A7
:1026300003A7C7A811C7544318479C42D98F9CC20F
:1026400083473400858B91CBB7270020938787D6AB
:1026500003D7870005072394E700F2406244056131
:1026600082804C57F5994CD71377F4078043137445
:1026700004F8598C37C7898E80C3130767EDBDB73F
:10268000B727002023A6A7A819C9584154491C43BD
:10269000D58F1CC3184914451C43D58F1CC3828099
:1026A000011126CA4AC84EC6C1643709006AB70973
:1026B00000AC22CC52C406CE0544FD141309690EA9
:1026C0009389E90C130A000205E49305000F4145C4
:1026D000EF006ED0B7B7006A4205938767CE5D8D75
:1026E000F2406244D2444249B249224A05618280A2
:1026F000A6850145EF006ED09317850013F70710EC
:1027000033E5270119C333E5370181470147E14527
:10271000B356F50085073356F500858A058A6307A9
:10272000D60005071377F70F63E4E504E39247FF4C
:1027300081471306F003ED463357F5001377F7038F
:1027400005CB6307C7028507E398D7FE13578500BB
:102750009377F50F1377F70FE394E7F81357050115
:102760001377F70FE39EE7F613578501E39AE7F631
:1027700005041374F40F89BF011122CC3724002003
:10278000130484EB8347740006CE26CA4AC84EC69B
:1027900052C411476305F70AB727002003A707EBC8
:1027A000B7C7004093870730631BF7083545EFF044
:1027B0001FAD372A0020052AEF20E00FEFF0EFD6FB
:1027C00083274AEBB7290020B706330098433729FF
:1027D0000020B70403001367070898C398431377D2
:1027E000F7CF98C398431377F7CF1367072098C3A1
:1027F00003A749F31C47D58F1CC7832709EE13870E
:102800008455B8CBEF204030EF304004EF20E01586
:10281000EF20E01E03274AEB1C4393F7F7CF93E723
:1028200007101CC383A649F33707CEFF7D179C46CC
:10283000F98F9CC6832709EEA4CBA3030400F240C2
:102840006244D2444249B249224A05618280B7C7F4
:10285000004093860730372700202328D7EA938645
:1028600007203727002041112320D7EE37270020EB
:10287000B7D6004022C4232AD7F293870710372700
:10288000002037240020130484EB232AF7EA85472D
:10289000A303F400B727002083A747B937270020F8
:1028A00006C65CD0938707111CD0B717002093870A
:1028B000A7302328F7A8EFF03FECB7E700E0A30527
:1028C000040003C7574113670708A38AE740B240D3
:1028D00037071000224423A0E7103707200023A069
:1028E000E7104101828037270020030787BAB72706
:1028F000002083A707EE6359070413074008D8CBCD
:10290000F8C313076007D8CFF8C79306C008D4D31D
:102910001307E006D8D7D4DBD8DF1307800723934B
:10292000E700F84BB7060080558FF8CB5147F8CB3E
:10293000372700200327C7EDF8DF7D5798C73707F3
:102940001F003D07D8C782801307C0084DBFB727B7
:1029500000203725002003A747F3130645EEB727CD
:10296000002083A647EB8347160013F8F707D9C565
:102970005C429042137606F83366060190C213F665
:10298000150001CA93F5050341466386C506938782
:1029900087C150574168130808A01366260050D716
:1029A00033D60703B70810FEFD18B3F707037D8A77
:1029B000931546017043337616014D8E70C313068E
:1029C000A00FB705FCFFAA07B3D7C70270436D8EEF
:1029D000BA07B983D18F7CC3834745EE898B99CBE6
:1029E0009C4293F7F70713E707049C4293F707F815
:1029F000D98F9CC282809387078361BF5C57F59B08
:102A00005CD79C4293F707F8B3E707019CC2E9B78C
:102A10004111B727002006C6238907F0EFF0CFFD4C
:102A2000B240014541018280411122C43724002077
:102A3000130484EB8347340006C6858B95C3EFF0FF
:102A40003FFDB727002003A347EFA30104002302A3
:102A500004000146814505452244B24041010283FC
:102A6000B727002083A707EEFC5389EFEFF05FFA4A
:102A7000B72700202302040003A347EF0146814546
:102A80004545D9BF834774000D476317F700B72743
:102A9000002005472383E7B8B240224441018280E9
:102AA000411126C2B724002022C44AC006C613849E
:102AB00084EB8347240037290020858BEDC7B72797
:102AC000002003A747F3938484EB238104005C5721
:102AD00037240020034544EE8583858B130444EEA0
:102AE000B1CB504093760503C145930786C16394EB
:102AF000B60093070683C165938505A0B3D6B702D8
:102B0000370810FE7D18B3F7B702FD8A1396460109
:102B10007443B3F60601D18E74C39306A00F370633
:102B2000FCFFAA07B3D7D7027443F18EBA07B98363
:102B3000D58F7CC38345C401118501460D89EFF013
:102B40006FD437350600130565BEEFF0DDCE0327E1
:102B500009EE8177FD175447F58F5CC70F10000011
:102B6000032709EEB70702001CC7930700F823826A
:102B7000F400B727002083A747EB9C439D83858BF8
:102B800085C393076019032304017CD354C701460E
:102B9000814505452244B2409244024941010283E5
:102BA0009307E01BCDB7832709EEFC5389EFEFF0C5
:102BB0003FE6B72700202302040003A347EF0146A6
:102BC00081454545C1BF834774000D476317F70032
:102BD000B727002005472383E7B8B2402244924438
:102BE000024941018280011122CC3724002026CAEB
:102BF00006CE930484EB83C73400858BC9CBEFF0FA
:102C00003FE1130484EB4850A30104008145814651
:102C10001306F1002302040097F0F91FE780808972
:102C200093158501B7240020E185938444F099ED44
:102C30005C509306F00F03C707006309D70083C7F2
:102C400014006385D7006303F7008945B727002088
:102C5000038747EE6347070058508346F10023007F
:102C6000D700938747EE9C4B505093F5F50F0945DD
:102C7000829783C7C400898B91C703C5040185452A
:102C8000EFF06DCDF2406244D24405618280B727F7
:102C9000002083A707EEFC5391EFEFF07FD7B72713
:102CA000002083A747EF2382040001468145494560
:102CB0008297C9BF83C774000D47E315F7FCB72798
:102CC000002005472383E7B875BF011126CAB72442
:102CD000002006CE22CC4AC84EC652C456C25AC0A4
:102CE000138444EE2E8A328BAA8AEFF0EFD003458C
:102CF0001400814537290020EFF07FC503C544EE5D
:102D00008345C401014611850D89EFF0AFB7B727A0
:102D1000002083A747EB1844832609EEB724002040
:102D200098C7584437063300B7290020D8C3D84283
:102D3000138489EBD68513671700D8C2984313779D
:102D4000F7CF98C398431377F7CF1367072098C33B
:102D500003A744F308501C470905D18F1CC7B707C8
:102D6000030093878715BCCA230F65FFA30F45FF98
:102D7000528697D0F91FE780A04A03A744F35C432B
:102D800093F7F7EF5CC30100010003A744F35C4332
:102D900093E707105CC3B7270020938747F003C76A
:102DA000E700136747002387E700832709EE37070B
:102DB000020023A2070698C7230204001307000499
:102DC000238CE9EAA3020400A3000400F240624459
:102DD000054798C3D2444249B249224A924A024B1B
:102DE00005618280397126DA5AD05ECE06DE22DC99
:102DF0004AD84ED652D456D293070008AA8BAE8436
:102E0000328B631AF602372400203D49130444EE46
:102E100097F0F91FE780C09EE37CA9FE8347A401D9
:102E20009607C117E3E6A7FEB727002083A707EEA2
:102E300013078007F8D3372A002003274AEBB72A65
:102E4000002013844AEE5C578145B7290020F19B8E
:102E500093E717005CD703451400EFF05FAF8327BB
:102E60004AEBB72500203706330098431377F7CF96
:102E700098C398431377F7CF1367072098C303A726
:102E800045F31447D18E14C783A609EE3706030015
:102E900013068625B0CA104490C75044D0C3DC4204
:102EA00093E71700DCC25C4393F7F7EF5CC30100C4
:102EB000010003A745F337290020372400205C4395
:102EC000130484EB93E707105CC3130749F08347AF
:102ED000E700130949F093E727002307F70093075A
:102EE000FBFF93F7F70F0547636AF70A085026863A
:102EF000DE8523006501A3009500090597D0F91F21
:102F0000E7800032185083A709EE93950401C18130
:102F1000B8DF23010400A30104000D4723020400CD
:102F2000A303E400130700086317EB08F8537DFFC1
:102F3000B727002083A787B82EC68297032789006A
:102F4000B2456363E506198D1C50B70480000D81FE
:102F50001387F42F6205598D88C303C54AEE118586
:102F60000D89EFF0AF8783274AEB9843458F98C3CD
:102F7000D857719BD8D783A709EEA3020400A300FA
:102F80000400094798C3F2506254D2544259B259CE
:102F9000225A925A025BF24B216182809307000809
:102FA000E312FBF68944B9BFB727002083A747BEC9
:102FB000998F3E9551BF03C54AEE11850D89EFF0FB
:102FC000EF8183274AEBB706800037450600984318
:102FD0001305C557558F98C3D857719BD8D7EFF0B5
:102FE0009D8583A709EE23060900A3020400A30020
:102FF0000400094798C38347C90093F7F70FE5DF3B
:1030000059B7B727002083C767B8797106D622D48D
:1030100026D24AD04ECE52CC56CA5AC893F7F70F92
:1030200063990712AA843545EFF06FA51306710066
:1030300099451305001037240020EFF01DE13729D2
:103040000020130444B979E919469305F00F1305DC
:10305000710097D0F91FE780C02E85476300F50CFB
:1030600089472300F10019469305C9BA13051100D9
:1030700097D0F91FE780C01A034544013724002088
:10308000930944F0EFE03FDA03C7F900B7270020C7
:10309000938747EEA380E70003A749013729002063
:1030A000A306A10098C7832789B8017AB72A002010
:1030B0008297372B002023ACA900130444F0B729D2
:1030C00000207D1A938A8AEB130B0BBE0346010086
:1030D000B9450A85EFF01FD18347C4000947631340
:1030E000F7060347010085470144631EF7003726B2
:1030F0000020130606F2994513050010EFF0BDFFFE
:103100000545EFF07DFA2285B250225492540259BF
:10311000F249624AD24A424B45618280854719464C
:103120009305C9BA130511002300F10097D0F91FC8
:10313000E780000FB7D506001946938505D713051C
:1031400071003DB789C8FD1493F4F40F89E4230698
:10315000040005444DBF83460100094783A709EEDB
:10316000639CE604D847B3764701D4C70F1000002C
:1031700083A709EEB706020094C7930600F82382DE
:10318000DA009306E06EF4D3D8C703A709EE7C53A8
:10319000FDFF832789B88297184C6364E504198D75
:1031A000A167938707D0E3F3A7F2EFF05DA9832728
:1031B00089B8829708CC19BFD44733F74601D8C7DE
:1031C0000F10000083A709EE3707020098C7130706
:1031D00000F82382EA0005671307E7EBF8D3D4C7AA
:1031E0006DB783274B00998F3E955DBF011130006D
:1031F00099451305001006CEEFF03DC50DED1946BB
:103200009305F00F280097D0F91FE78080138547BA
:103210006303F50219469305F00F280097D0F91FB4
:10322000E78020073000994513050010EFF0BDEC52
:103230000545EFF07DE7F240056182801C49638C13
:103240000714411126C206C622C44AC0834705009E
:10325000AA8493F7070481C75C410945F9CB372954
:103260000020130600028145130549EE97D0F91F8F
:10327000E780200213060002A685130549EE97D0C9
:10328000F91FE780E0F9930749EE83C7970113041C
:1032900049EE89E793078002A30CF4008347A40159
:1032A00081E7A147230DF4008347B40181E7C547B7
:1032B000A30DF4008347C40181E7ED57230EF4000A
:1032C0008347D40181E7ED57A30EF40083C70400C0
:1032D00093F7070481CF5C4037B724001307F7E961
:1032E000636FF70493075002A300F400B724002093
:1032F000938744F0C843938444F009C597D0F91FDD
:10330000E78080E2834749EE23A20400858B99CBB6
:103310000345D40193059004090597D0F91FE78070
:1033200060D2C8C0834714000145A387F4001C4441
:10333000DCC8B240224492440249410182803707EE
:1033400025009306F74863EDF6003767DBFF1307A8
:103350000793BA971307007DB3D7E702FD1769B744
:10336000130707496395E70093076002B5BF37D796
:1033700025001307F777636DF7003767DBFF130747
:103380000793BA971307007DB3D7E702F917A9BFD0
:103390009307700291BF0545828079714AD0372921
:1033A0000020930749EE9C4706D622D426D24ECE63
:1033B00052CC56CA5AC85EC662C466C26AC0638D21
:1033C000072037240020930784EB83C77700154735
:1033D0002A8C130484EB0945630DF71A0D45372B2E
:1033E0000020AE84B28BB68CEFE07FE993074BF000
:1033F00083C7C700130D49EE93094BF0898B8DC726
:103400003D4A97E0F91FE780A03FE37CAAFE83478F
:10341000AD019607C117E3E6A7FEB727002083A7F3
:1034200007EE13078007F8D3B72A002003A74AEB5B
:103430005C57F19B93E717005CD783C7C900898B62
:1034400099E7834749EE93F707046392071603450C
:103450001D008145EFF0AFCF83A74AEBB7250020D1
:10346000370633009843372A00201377F7CF98C3E5
:1034700098431377F7CF1367072098C303A745F343
:103480001447D18E14C783260AEE370603001306AD
:103490008625B0CA03268D0090C70326CD00D0C371
:1034A000834749EE13F61700DC42F99BD18FDCC24B
:1034B0005C4393F7F7EF5CC30100010003A745F3FA
:1034C0005C4393E707105CC383C7E90023027BF1E9
:1034D000A380990193E727002387F900630D0C0C63
:1034E00008502686E28523007501A3009500090592
:1034F00097D0F91FE780C0D21C5003270AEE3CDFAB
:1035000023010400A3010400230204008D47A30348
:10351000F40083C7C900898B8DCB7C53FDFFB7278F
:10352000002083A787B8829703A78900636AE5080C
:10353000198D1C50890493F4F40FA38097000D811A
:10354000A69723800700A380A700034549EEA68520
:1035500011850D89EFE09FA8834749EE858BA5CBA8
:1035600037350600130505AAEFF0EDAC83A74AEB4B
:10357000B706800001459843558F98C3D857719B73
:10358000D8D783270AEEA3020400A300040009474A
:1035900098C3B250225492540259F249624AD24A14
:1035A000424BB24B224C924C024D45618280894580
:1035B00003254D0045B51C50814423A077012DBF44
:1035C000B727002083A747BE998F3E959DB7373513
:1035D0000600130585A249BF054565BF3971B7E7E8
:1035E00000E04ED683A907003707200006DE22DC64
:1035F00026DA4AD852D456D25AD05ECE62CCB3F92B
:10360000E90023A0E7180F10000037290020130756
:1036100049EE184705E323A037110545F2506254DF
:10362000D2544259B259225A925A025BF24B624C1E
:1036300021618280372700200327C7E009C723A024
:1036400037110945E1BF834749EE328C930A49EEB1
:10365000858BB68B2E86AA84A9CF372400209307AA
:1036600044F0DC43130444F089EF03C5DA012EC6AD
:1036700093059004090597D0F91FE780A09C324676
:1036800048C05C4099E7B7E700E023A037110D453B
:1036900071B7034724002380E7005C40B9C831CAF2
:1036A000A380C7004840A685090597D0F91FE78089
:1036B00020B7372B002093078BEB83C77700154784
:1036C00093048BEB630AF70083C784001947638573
:1036D000E7000D476392E70283C7940089E79307E9
:1036E00080102394F400B7E700E023A037110145D0
:1036F00035B7A380070075BF372A002083270AEE5D
:1037000098430D8B0DC737270020230307B8B84B0C
:103710001377F78FB8CB98431367870098C39C4300
:103720008D83858B89C7010001000100010083277B
:103730000AEE370702003724002023A2070698C7A5
:1037400023820400930744F083C7C700130444F0A6
:10375000918B99E7834549EE93F705046390071031
:1037600003C51A008145EFF08F9E034549EE83C5DE
:10377000CA01014611850D89EFE0DF90372700204F
:10378000832747EB83A68A0094C783A6CA00D4C3C5
:10379000834749EE83260AEE3A8913F61700DC4286
:1037A000F99BD18FDCC25C40A30184012301740129
:1037B000BCDE8347E40093E747002307F400930748
:1037C0000004230CFBEA23820400A147A383F40036
:1037D000B727002083A7C7BB81CB0345040113068D
:1037E0000064C145EFE01DB683270AEEDC43858BFC
:1037F000ADCF37450600130545ADEFF0CD83032768
:1038000049EBB7260020370633001C4393F7F7CF68
:103810001CC31C4393F7F7CF93E707201CC383A770
:1038200046F39847518F03260AEE98C737070300DF
:103830001307871538CAA3820400A3800400054734
:1038400018C2D8431377F7EFD8C30100010003A7CC
:1038500046F35C4393E707105CC371B593F505032A
:1038600093E5150003A54A00FDBD37450600130585
:10387000458761B7797122D43724002006D626D235
:103880004AD04ECE130784EB83471700858B638E97
:10389000071E130484EBB7240020A307010083292B
:1038A0004402A3000400EFF0AF96938744F083C76F
:1038B000C700938444F037290020918B6383071657
:1038C00083C71900CE9703C7070093070008631842
:1038D000F700834749EE93E787002302F9EE5C4C3B
:1038E0000D476373F70EF1175CCC5C4C984463E3AF
:1038F000E70E3387E74083C7190083C6C400CE971D
:1039000083C71700E206E1868E0763D4060E63F9CB
:10391000E70C1D8F9306000263E8E600584C6364D1
:10392000F70CB307F7409CC403C504018945EFE0D9
:103930009D82834749EEA18BE5C3B727002083A66C
:1039400007EE9307800C1307F00FFCD21C503706CC
:103950003300014598C323010400B7270020A301C9
:10396000040003A747EB23020400A30204001C4346
:1039700093F7F7CF1CC31C4393F7F7CF93E70720C8
:103980001CC3B727002003A747F3834549EE1C4714
:1039900091858D89D18F1CC7B70703009387872531
:1039A000BCCA054697E0F91FE78000BA834749EE95
:1039B00083C6240003C63400DD9B2302F9EE814553
:1039C0000145EFF0BFC15DA837270020032747BEA0
:1039D000BA9711BFB726002083A646BEB69711BF7F
:1039E0003387E74005BFB726002083A646BE36973B
:1039F0000DBF584C636CF700B307F7409CC483C7F6
:103A0000C40093E707082386F40039BFB7260020D7
:103A100083A646BE3697CDB783C71900F917A38092
:103A2000F9004850814681451306F10097E0F91FDF
:103A3000E78040A85C50931585019306F00F03C7FB
:103A40000700E185630AD70083C734006386D70087
:103A50006304F70093E52500830749EE63C7070079
:103A600089E58347F1002380F900130949EE832794
:103A70000901505093F5F50F0D458297B25022542D
:103A800092540259F24945618280B727002083A7EA
:103A900007EEFC538DE7EFE0BFF7B727002083A7C1
:103AA00047BC89C78545130510088297B7270020B2
:103AB000938747F083C6270003C6370009B78347BB
:103AC00077002147E31CF7FAB72700200547238337
:103AD000E7B86DB7797122D437240020834784EB8F
:103AE00006D626D24AD04ECE52CC858B638B072287
:103AF000930784EB83A9470281461306F1008145B1
:103B00004E85230C04EAA307010097E0F91FE78024
:103B1000609A131A8501B7240020135A8A411304AE
:103B200084EB938444F063100A0283C73400930645
:103B3000F00F638AD7005850034707006305D7008A
:103B40006303F700094A37290020830749EE63CB56
:103B50000712631B0A128347F1002380F90083C711
:103B6000C400918BBDCF5C4C0D476370F716F11705
:103B70005CCC5C4C984463E0E7163387E74083C72E
:103B8000190083C6C400CE9783C71700E206E186FA
:103B90008E0763D1061663F6E7141D8F93060002A5
:103BA00063E8E600584C6361F714B307F7409CC420
:103BB00003C504018945EFE00DDA83C71900338797
:103BC000F90083460700130700086398E6141C50A9
:103BD0001307F00F98C3834749EE93E7870023024A
:103BE000F9EEB727002003A747F35C578583858B41
:103BF000B1C3930749EEDC43C165938505A0B3D6F5
:103C0000B702370510FE7D15B3F7B702FD8A13968C
:103C100046017443E98ED18E74C39306A00F370614
:103C2000FCFFAA07B3D7D7027443F18EBA07B98352
:103C3000D58F7CC3DC40034549EE83C51700118551
:103C40000D89EFE0AFB937450600130525D7EFE042
:103C50009DBEB727002083A747EBB7068000984397
:103C6000558F98C3D857719BD8D7834749EEA18BFE
:103C7000A9E7130949EE83270901505081450D45F5
:103C8000829725A8E30D0AECEFE00FD7130949EE60
:103C90005050832709010D459375FA0F8297C8404C
:103CA00083C6240003C6340009C5834515000905F1
:103CB00019A081450145EFF07F92B25022549254F1
:103CC0000259F249624A4561828037270020032762
:103CD00047BEBA9769BDB726002083A646BEB697F1
:103CE00069BD3387E7405DBDB726002083A646BE89
:103CF000369765BD584C636CF700B307F7409CC41A
:103D000083C7C40093E707082386F40055B5B72698
:103D1000002083A646BE3697CDB7F917A380F900D9
:103D2000C9B5B727002083A707EEFC5395E7EFE05E
:103D30003FCEB727002083A747BC89C78945130515
:103D400010088297B7270020938747F0C84303C61F
:103D5000370083C6270089BF130484EB83477400B0
:103D60002147E31CF7F4B727002005472383E7B872
:103D7000A9B74111B727002006C622C4938787EB55
:103D800003C71700058B1DC7A3800700EFE05FC8BE
:103D9000B727002003C747EE3E84218B39E3938782
:103DA00047EE03A307010146814511452244B24075
:103DB0004101028337270020032707EE785329EFBC
:103DC00023820700B727002003C747EE3E84218BDC
:103DD00009EB938747EE03A307010146814551454F
:103DE000F1B7B7270020938747F0C84303C63700D1
:103DF00083C6270019CD834515000905EFF00FFE96
:103E0000834744EEDD9B2302F4EEB240224441019D
:103E1000828081450145DDB7B72700200547238310
:103E2000E7B8E5B74111B7E700E026C2844337079A
:103E3000200006C622C4F98C23A0E7180F1000004A
:103E400037240020930744F0C84323870700130456
:103E500044F009C597C0F91FE780002DB72700205F
:103E6000138787EB0347970023220400938787EB90
:103E700001CB83C6870021476394E600A384070033
:103E800003C7770099466387E60003C777009D461E
:103E90006399E60003C777002384E7000547A384FE
:103EA000E700EFE06FB503450401B7270020C145E7
:103EB000238307B8EFE0CDF1B2402244B7E700E03A
:103EC00023A097100145924441018280411126C2EE
:103ED000B724002006C622C44AC0EFF0BFF41389FD
:103EE00044F08347F90037240020130444EEA30074
:103EF000F4000345090183274901A145938444F057
:103F00001CC4EFE0EDEC034509019145EFE04DECF9
:103F10008347C900898B95C31C4801468145130519
:103F200020028297224423860400B2409244024930
:103F30008945014541016FE0BD8E83C7C400918B67
:103F4000F5D31C480146814513054002D9BF79715C
:103F500026D2B724002006D622D44AD04ECE52CC48
:103F600056CA5AC85EC662C4138744F08347C70066
:103F7000898B638F071037240020930784EB83C756
:103F800077008D46130484EB6392F6020345070124
:103F900091452254B25092540259F249624AD24A8F
:103FA000424BB24B224C45616FE0ED9A3545017AA8
:103FB000938444F0EFE0AFACA149372B00203729C0
:103FC00000207D1AB70B0200130600088145014549
:103FD000856AEFE03FE1130C00F8938A2AF98347E2
:103FE0002400858B8DE7832709EEFC53EDFBFD193B
:103FF000E39C09FC2254B25092540259F249624A9D
:10400000D24A424BB24B224C45616FF03FEC034524
:104010004BEE01469305F00F11850D892301040035
:10402000EFE04F8683454BEE1306F00F0545918573
:104030008D8997D0F91FE780205183473400858B05
:1040400099CFA3010400EFE0BF9C83C7C40085455E
:1040500003C5040193E707082386F4001DBFEFE0C2
:104060003F9B832709EED847B3764701D4C70F108B
:104070000000832709EE23A477012302840123A2F1
:104080005707D8C7832709EEFC53B1DF0100DDBF16
:10409000B250225492540259F249624AD24A424BD7
:1040A000B24B224C45618280411122C406C693F76F
:1040B00015002E84A9C7B7270020938747F003C7B0
:1040C000C700098B1DC703C7C70003C50701130637
:1040D000000593178701E18763DA0700B7270020FF
:1040E00003C6D7EF9307000A3306F6029145EFE0C7
:1040F0006DA513451400B24022444101828093F71C
:104100002500A1C7B7270020938747F003C7C70042
:10411000118B0DCB03C7C70003C507011306000AA7
:1041200093178701E18763DC0700B727002003C6E8
:10413000D7EF9307000A3306F60213068602A1455D
:10414000EFE04DA0134524007DB793F7450091C7DC
:10415000EFF0FFDF1345440079BF93F7850091CF5F
:10416000B7270020938747F083C7C700918B99C377
:10417000EFF0DFD513458400BDBF93F7050101457E
:10418000BDDBEFE0DDABB7270020938787EB83C76C
:1041900077002147631BF700B727002003C547F1CD
:1041A00013060064C145EFE0ED9913450401A1B782
:1041B000B727002083A7C7E05971CECE86D6A2D4F8
:1041C000A6D2CAD0D2CCD6CADAC8DEC6E2C4E6C20B
:1041D000EAC06EDE8549639F072AB72B00209387CC
:1041E0004BEE9C4713894BEE85496385072AB72A16
:1041F000002093878AEB83C77700194793848AEB63
:1042000089496309F72883C774001D476304F728A9
:1042100083C774002147630FF72683C79400639B0D
:1042200007262A8A37240020EFD01FFD930744F089
:1042300003C7F70023860700DC4BB72900209385CE
:10424000C9BA19462324F900130551019547A30063
:10425000E900230AF10097C0F91FE78060FCEFE056
:104260002FC4935785002301F10293570501A30141
:10427000F10283479901A300A1026181A302F10227
:104280008357A9012302A102130444F02313F1026E
:1042900083274901372B00203ED483478901230619
:1042A000F102B727002003C587BAEFD0DFB7A30616
:1042B000A1024EC2814963040A0283278BB8829708
:1042C00013175A003A95B72700202A8A83A747BEBA
:1042D0006364E5006364F500330AF540854983278C
:1042E0008BB8372C0020B72C0020829783270CEE48
:1042F000985008CC1546B8DFE9454808EFE0FF9C28
:104300008177FD17372D00203EC4938C0CBEA1672A
:10431000938707D03EC683C75400858B6381071CF3
:10432000A382040097D0F91FE780801583C78AEB2A
:10433000858B6381071A83AD44029C508146130626
:10434000310181456E853EC0A3090100238C0AEA34
:1043500097D0F91FE7800016631E051683C62D004F
:1043600005476399E61422576309071882471946DF
:1043700093853D001385970097C0F91FE78040EAB9
:1043800003C54BEEE94511850D89EFD03FC5832765
:104390004DEBB70680009843558F98C3D857719B53
:1043A000D8D797D0F91FE780A00D83C71400858B5D
:1043B00063820712A3800400238C0AEA930D40064F
:1043C0000100FD1DE39E0DFE03270CEEA2475047A2
:1043D000B376F60054C70F10000083260CEE3707A3
:1043E000020098C6130700F82382E40003274DEB70
:1043F00018431D83058B6301071413076019F8D256
:10440000D0C697D0F91FE780A00703C78AEB058BBA
:1044100071C3D850238C0AEA834607001947639B6F
:10442000E60A03278BB8029708C4EFF0BF9F025734
:10443000371500208945935687000347410213052D
:104440006575A30009006207558F2324E900114711
:104450002306E400A3060400EFE08DBC0325490118
:10446000A30804000147014693050002B356B501B5
:10447000858A89C605071377F70F0546850DE397EB
:10448000BDFE19C2A308E400034504018945814922
:10449000EFD07DCCB65026544E8596540659F64939
:1044A000664AD64A464BB64B264C964C064DF25DB4
:1044B000656182800946639FC6009247194613854D
:1044C0009D009385C7BA97C0F91FE780E0E00547D4
:1044D000E30BE5E81546E9454808EFE00FFF638484
:1044E000090683278BB88297636B450533054541E1
:1044F000634B0504EFF01F9371BFEFD0FFCF03456F
:104500003101FD57232AF9005915B727002062050C
:10451000938587EF6185BE8DEFD03FE513858DEFE5
:10452000EF305FCD914763F6A700832749013ED462
:1045300055B78347F400E5BF1307E01BC9B5330542
:10454000AA40E34905FA83278BB88297184C636227
:10455000E502198DB247E3F0A7DCEFE04DEE8327CB
:104560008BB8829708CC1546E9454808EFE0EFF58F
:1045700079BB83A74C00998F3E95E9BF011126CAEC
:10458000B7240020938484EB83C724004AC806CE56
:104590003729002022CC4EC6858B130949F0638A47
:1045A0000718B729002003C549EE0146930500020C
:1045B00011850D8923810400EFD0DFAC83C549EE5E
:1045C0001306F00F054591858D8997D0F91FE78077
:1045D000A0F783C73400858B638D0714C850A3816F
:1045E00004008146014681452381040097D0F91FCC
:1045F000E78040EC631F0512C05095470347240035
:104600006319F712B725002019469385C5BA13051B
:10461000940097C0F91FE78020CC8547631BF510F5
:104620009C501947814598C303C549EE11850D89F2
:10463000EFD0DF9A83C549EE01460D4591858D89FE
:1046400097D0F91FE78040F083C72400858BF5C31E
:10465000B727002083A787B82381040082972324EB
:10466000A900EFF02FFC83473401138749EEA30024
:104670000700A30CF70083474401A3060900814506
:10468000230DF70083475401938949EE1305000277
:10469000A30DF700834604018347F400A206DD8ED4
:1046A00083471401C207DD8E83472401E207D58FBB
:1046B0001CC78346740183476401A206DD8E8347CD
:1046C0008401C207DD8E83479401A3080900E20735
:1046D000D58F5CCB8146014733D6D700058A09C602
:1046E00005071377F70F85458506E397A6FE99C161
:1046F000A308E9008347A40137250020930534006F
:10470000238CF90019468947130505F22306F900A1
:1047100097C0F91FE780C0B0624403450901F24029
:10472000D2444249B24913068002914505616FD0D7
:104730007DC1EFD07FACF2406244FD572306F90003
:10474000D2444249B24905618280B727002093864E
:1047500047F003C7C600938747F01377F70F45EF7D
:1047600083C6C60037260020130746EE93F6F60FE1
:10477000D1EA834646EE93F60604C9C6B7B72400CD
:1047800048C39387F7E963E3A70293075002A300A6
:10479000F700B7270020938787EB83C777000D4783
:1047A00089456303F70085456FE06F9AB7072500D9
:1047B0009386F74863EDA600B767DBFF93870793FF
:1047C000AA979306007DB3D7D702FD17C9B7938781
:1047D00007496315F5009307600255BFB7D7250059
:1047E0009387F77763EDA700B767DBFF938707939E
:1047F000AA979306007DB3D7D702F91749BF93074D
:10480000700271B79376F50FA300D700A387D70086
:104810008145368551BF8280B7270020938747F0B6
:1048200083C7C70093F7F70FB1E3B727002003C68C
:1048300047EE0547137606041DCA411106C6938745
:1048400047EEC8C3A380B700B7270020938787EB44
:1048500083C777000D4789456303F7008545EFE07F
:104860000F8FB24001473A854101828005473A8562
:104870008280411106C622C4EFD07FFD372400207C
:10488000130544F013064002814597C0F91FE780E5
:1048900040A037450600FD571305850A2322F4F092
:1048A000EFE08D8D130444F02308A400B2402244AD
:1048B000014541018280B727002083A747F31307F2
:1048C0000048B70600F998D7D85FFD16758FB70670
:1048D0000002558FD8DFD85FB70600400E070D8362
:1048E000558FD8DFF84BC576FD16419B13679700AF
:1048F000F8CBD85F758F9566558FD8DF985B9D662E
:104900001367077098DB985B558F98DB985BB70649
:104910000700558F98DB985BB7060090FD16758FE2
:10492000B7060010558F98DBF847B706F9FFFD165C
:10493000619BF8C7F84F758FF8CFF84FB70690FF17
:10494000FD16758FF8CF37270020034787BA1377F6
:10495000070C19C7B847B7060080558FB8C78280C3
:10496000B84706070583DDBF8280372700208327ED
:1049700047F341767D16B44BF18EB4CB944737069E
:104980002000D18E94C7D44793E60601D4C7D447FC
:10499000BD9AD4C70100010001000100832647F33E
:1049A0000566DC4693E70701DCC6DC42D18FDCC23A
:1049B000B727002003A607EE930740067CD27C525F
:1049C00091C783A7C609A183858BF5DB0100010090
:1049D00001000100832747F3416603A7C709B44BD1
:1049E000D18EB4CB9376F701B84B019B558FB8CBE2
:1049F0009847B706E0FFFD16758F98C78280B727E6
:104A0000002083A747F341777D17B44F4166F98EA5
:104A1000B4CF9447D18E94C7D44793F6F6EFD4C75A
:104A2000D443758FD8C3D44793E60610D4C7D84370
:104A3000518FD8C38280AA8735C98346050019479C
:104A400005456396E60603C6170083C6270083C59F
:104A5000370037270020230AC7A837270020A30ADA
:104A6000D7A837270020230CB7F283C54700372784
:104A700000202304B7F283C5570037270020A30C7A
:104A8000B7F203C76700B72700202388E7F237276C
:104A9000002011CA89CAB757341293878767232623
:104AA000F7F201458280232607F2E5BF05458280A3
:104AB00031C999472300F500B727002083C747A9CC
:104AC000A300F500B727002083C757A92301F500ED
:104AD000B727002083C787F3A301F500B72700207D
:104AE00083C787F22302F500B727002083C797F317
:104AF000A302F500B727002083C707F32303F500BF
:104B000001458280054582805D71A2C43724002062
:104B1000832744F3A6C24EDE86C6CAC052DC56DAEC
:104B20005AD85ED662D466D26AD06ECED843FD76AD
:104B3000FD161377F7EFD8C39857B7250020938554
:104B400055A9758F98D7D857B7060200B72400200B
:104B50003D9BD8D79847938444A9B7290020558F07
:104B600098C7D843B726002013670701D8C303A608
:104B7000C6F237573412130787672EC6E304E64C94
:104B8000D84301791309F90F799BD8C3985FB166AF
:104B9000938606F033772701558F98DFD843136744
:104BA0001700D8C397D0F91FE78000D0832744F3BC
:104BB000B24603A707091377F7032380E40003A78E
:104BC000470929831377F7072380E600D843B9669E
:104BD00093860670799BD8C3985F33772701558FEA
:104BE00098DFD84313671700D8C397D0F91FE78021
:104BF000A0CB832744F3B726002003A70709137728
:104C0000F703A38CE6F203A74709B7260020298300
:104C10001377F7072388E6F2D843B5669386063004
:104C2000799BD8C3985F33772701558F98DFD84396
:104C300013671700D8C397D0F91FE780E0C6032792
:104C400044F38327070993F7F703238CF9F28327AB
:104C5000470937270020A98393F7F7072304F7F2C2
:104C600083C789F383C604007D7E3EC42247832721
:104C700044F3130EFE0F998E03A7070A13F6F600EE
:104C800013054002419B518F23A0E70A13076002DE
:104C90003387E6021306700283A5070A45737D1366
:104CA00093F5F5F013043002B708F1FFFD1813086F
:104CB00020023347C702930E10027D4FF94FF54291
:104CC000F1436D4D514CC944C54B3D49B949B14AB9
:104CD0002D4B354A3D8B12074D8F9305500223A073
:104CE000E70A3387B60283A5070AB3F5C501334740
:104CF000C7023D8B22074D8F23A0E70A3387A60208
:104D000083A5070A370500F17D15B3F56500334724
:104D1000C7023D8B32074D8F23A0E70A33878602F7
:104D200083A5070A6144B3F515013347C7023D8BDC
:104D300042074D8F23A0E70A3387060383A5070A9E
:104D4000370810FF7D18B3F505013347C7023D8BC7
:104D500052074D8F23A0E70A3387D60383A5070A9E
:104D6000B70E0010FD1EE98D3347C7023D8B620769
:104D70004D8F23A0E70A139756003347C7029315B8
:104D8000C70103A7070A3377D7014D8F23A0E70A8E
:104D90003387E6035D4F3347C7029375F70003A7D8
:104DA000470A419B4D8F23A2E70A3387F60383A569
:104DB000470AD94F93F5F5F03347C7023D8B1207E9
:104DC0004D8F23A2E70A3387560283A5470AD542AF
:104DD000B3F5C5013347C7023D8B22074D8F23A290
:104DE000E70A3387760283A5470ACD43B3F565000A
:104DF0003347C7023D8B32074D8F23A2E70A338723
:104E0000A60383A5470A294DB3F515013347C70209
:104E10003D8B42074D8F23A2E70A69473387E6029D
:104E200083A5470AB3F505013347C7023D8B5207F7
:104E30004D8FE54523A2E70A3387B60283A5470ACB
:104E4000E98D3347C7023D8B62074D8F23A2E70AE6
:104E5000338786020D443347C7029315C70103A762
:104E6000470A3377D7014D8FB385E60323A2E70ABC
:104E700003A7870A254F419BB3C5C502BD894D8F46
:104E800023A4E70A3387F60383A5870A9D4F93F58A
:104E9000F5F03347C7023D8B12074D8F23A4E70A75
:104EA0003387560283A5870A9942B3F5C501334774
:104EB000C7023D8B22074D8F23A4E70A3387860361
:104EC00083A5870AB3F565003347C7023D8B3207D8
:104ED0004D8F23A4E70A3387760283A5870A95437B
:104EE000B3F515013347C7023D8B42074D8F23A40D
:104EF000E70A3387960283A5870AB3F5050133478E
:104F0000C7023D8B52074D8F23A4E70A33877603F0
:104F100083A5870AE98D3347C7023D8B62074D8F12
:104F200093954600B3C5C50223A4E70A03A7870AE1
:104F30003377D701F2054D8FB385260323A4E70A03
:104F400003A7C70A419BB3C5C502BD894D8F23A6E0
:104F5000E70A3387360383A5C70A93F5F5F033478D
:104F6000C7023D8B12074D8FB3C5860223A6E70A01
:104F700003A7C70A3377C701BD89A2054D8F23A6B2
:104F8000E70A3387560383A5C70AB3F5650033479D
:104F9000C7023D8B32074D8F23A6E70A338766038E
:104FA00083A5C70AB3F515013347C7023D8B4207F6
:104FB0004D8F23A6E70A3387A60383A5C70AB3F557
:104FC00005013347C7023D8B52074D8F23A6E70AE1
:104FD0003387E60383A5C70AE98D3347C7023D8BB4
:104FE00062074D8F93953600B3C5C50223A6E70A25
:104FF00003A7C70A3377D701F2054D8FB385F603B0
:1050000023A6E70A03A7070B419BB3C5C502BD89C9
:105010004D8F23A8E70A3387560283A5070B93F524
:10502000F5F03347C7023D8B12074D8F23A8E70ADF
:105030003387760283A5070BB3F5C5013347C70253
:105040003D8B22074D8F23A8E70A1397260033478D
:10505000C70283A5070BB3F565003D8B32074D8F63
:10506000B3C5460323A8E70A03A7070B3377170145
:10507000BD89C2054D8F23A8E70A13971600334751
:10508000C70283A5070BB3F505013D8B52074D8F72
:10509000B3C5C60223A8E70A03A7070B698FBD891A
:1050A000E2054D8F23A8E70A03A7070B93058002AB
:1050B0003377D70123A8E70A37270020A24C0347FC
:1050C00097F33387EC40B34DB70283AC470B93FCA7
:1050D0000CFF334C870393FDFD00B3ECBC0123AA06
:1050E000970B83AC470BF14D93FCFCF0137CFC0059
:1050F000120C33EC8C0123AA870B330C870283AC90
:10510000470BB3FCCC01334CBC02137CFC00220CDB
:1051100033EC8C01B34CA70323AA870B03AC470BDA
:10512000337C6C0093FCFC00B20C336C9C0123AA12
:10513000870B214C334C870383AC470BB3FC1C011A
:10514000137CFC00420C33EC8C0123AA870B330C3C
:10515000570283AC470BB3FC0C01334CBC02137CED
:10516000FC00520C33EC8C0123AA870B330CF703A1
:1051700083AC470BB3FCAC00334CBC02137CFC008B
:10518000620C33EC8C01B34C770223AA870B03AC7F
:10519000470B337CDC01F20C336C9C01B30CE7034E
:1051A00023AA870B03AC870B137C0CFFB3CCBC0288
:1051B000330B670393FCFC00336C9C0123AC870B1F
:1051C000114C83AC870B93FCFCF0334C8703B30A80
:1051D0005703137CFC00120C33EC8C0123AC870BBF
:1051E00003AC870BF54C337CCC01334BBB02330A49
:1051F0004703137BFB00220B336B6C0123AC670B63
:1052000003AB870B4D4C337B6B00B3CABA02B309B7
:10521000370393FAFA00B20AB36A5B0123AC570B67
:1052200083AA870B594BB3FA1A01334ABA023309DE
:105230002703137AFA00420A33EA4A0123AC470BE8
:1052400003AA870BDD4A337A0A01B3C9B90233498D
:10525000B90293F9F900D209B3693A0123AC370BCB
:1052600083A9870B614AB3F9A900B30B77031379BC
:10527000F900620933E929019319470023AC270B90
:1052800003A9870B3379D901B3C9B902B3049702D3
:10529000F2093369390123AC270B03A9C70BE54990
:1052A000137909FFB3CBBB02B3C4B40293FBFB0079
:1052B000B36B790123AE770B03A9C70BD54B1379D9
:1052C000F9F0BD889204B364990023AE970AB30441
:1052D000870303A9C70B794C3379C901B3C4B4025E
:1052E000BD88A204B364990023AE970A8944B344ED
:1052F000970203A9C70B33796900BD88B204B36470
:10530000990023AE970AB304770303A9C70BFD4B9B
:1053100033791901B3C4B402BD88C204B3649900DF
:1053200023AE970AB304670303A9C70B130B10023C
:1053300033790901B3C4B402BD88D204B3649900BF
:1053400023AE970AB304570303A9C70B930A20029D
:105350003379A900B3C4B402BD88E204B3649900F0
:1053600023AE970AB304470303A9C70B130A3002FD
:105370003379D901B3C4B402F204B364990023AE03
:10538000970AB304370303A9070C93094002137962
:1053900009FFB3C4B402BD88B3649900694923A06E
:1053A000970CB304270303A9070C1379F9F0B3C4CE
:1053B000B402BD889204B364990023A0970CED4415
:1053C000B304970203A9070C3379C901B3C4B4022B
:1053D000BD88A204B364990023A0970CB304B7035B
:1053E00003A9070C33796900B3C4B402BD88B204C1
:1053F000B364990023A0970CB304970303A9070C87
:1054000033791901B3C4B402BD88C204B3649900EE
:1054100023A0970CB304870303A9070C3379090170
:10542000B3C4B402BD88D204B364990023A0970C1E
:10543000B304770303A9070C3379A900B3C4B402FA
:10544000BD88E204B364990023A0970C931457001D
:10545000B3C4B4021399C40183A4070C3306C70272
:10546000B3F4D401B3E4240123A0970C03A9470C9F
:10547000137909FFB3046703B3C4B402BD88B364EE
:10548000990023A2970CB304570303A9470C13797F
:10549000F9F0B3C4B402BD889204B364990023A2A6
:1054A000970CB304470303A9470C3379C901B3C46C
:1054B000B402BD88A204B364990023A2970CB3047C
:1054C000370303A9470C33796900B3C4B402BD881C
:1054D000B204B36499001309500223A2970CB304D9
:1054E000270303A9470C33791901B3C4B402BD885B
:1054F000C204B364990023A2970C93046002B3041E
:10550000970203A9470C33790901B3C4B4023346A7
:10551000B602BD88D204B364990023A2970C83A479
:10552000470CE98C3D8A6206458E23A2C70C03A670
:10553000470C9314C7013376D601458E23A2C70CBE
:10554000130690023306C70283A4870CC198334622
:10555000B6023D8A458E23A4C70C1306A00233066B
:10556000C702B345B60203A6870C1376F6F0BD89D1
:105570009205D18D23A4B70C37260020834586F2EF
:1055800037260020034606F303A9870C3386C5405F
:10559000B304A6033379C901B3C4E40293E48400DD
:1055A000BD88A204B364990023A4970CB304E60356
:1055B00003A9870C33796900B3C4E40293E484003F
:1055C000BD88B204B364990023A4970C93143600E9
:1055D000B3C4E40203A9870C3379190193E484006E
:1055E000BD88C204B364990023A4970CB304F603E6
:1055F00003A9870C33790901B3C4E40293E484005E
:10560000BD88D204B364990023A4970CB304560256
:1056100003A9870C3379A900B3C4E40293E484009E
:10562000BD88E204B364990023A4970CB304760206
:1056300003A9870C3379D901B3C4E40293E484004D
:10564000F204B364990023A4970C93142600B3C406
:10565000E40203A9C70C137909FF93E48400BD8811
:10566000B364990023A6970CB304860203A9C70C60
:105670001379F9F0B3C4E40293E48400BD88920482
:10568000B364990023A6970C93141600B3C4E402E4
:1056900003A9C70C3379C9013347E60293E48400B8
:1056A000BD88A204B364990023A6970C03A6C70C77
:1056B00033766600136787003D8B3207518F23A630
:1056C000E70C03A7C70C3377170123A6E70C324773
:1056D000034707000D8F3346D70293F5F507E20520
:1056E0003D8A9314460103A6C70C33048702337620
:1056F0000601458E23A6C70C1316170083A4C70CFA
:10570000E98C3346D6023D8A6206458E23A6C70C35
:1057100003A6C70C3344D402B37ED6011316270068
:10572000B3037702720433E48E0023A6870C33465A
:10573000D602B3025702937EF60003A6070D419AE4
:105740003366D60123A8C70C03A6070DB3C3D30243
:105750001376F6F0B3C2D20293F3F3009203B3636D
:10576000760023A8770C03A6070D337EC601B30F7E
:10577000F70393F2F200A202B3625E0023A8570C73
:1057800003A6070D3373660013163700B3CFDF028D
:10579000330FE70393FFFF00B20FB36FF30123A8AA
:1057A000F70D03A3070DB37813013346D602330D6B
:1057B000A7033D8A420633E6C80023A8C70C03A608
:1057C000070D33780601334FDF02B346DD02137F46
:1057D000FF00520F336FE80123A8E70D03A7070D61
:1057E000798DBD8AE206C98E23A8D70CD843856679
:1057F0003D9BD8C3D843799BD8C39857558F98D72A
:10580000D85713670701D8D722479376F703985FD5
:10581000137707FC558F98DF985FB7060081FD1658
:10582000758FD98D8CDFB640264496440649F259CF
:10583000625AD25A425BB25B225C925C025DF24DCC
:105840006161828023A606F26FF08FC1B727002026
:1058500003A747F35C4393E707105CC382804111C1
:1058600006C6EF00105D93056040EF30E02CB240BB
:105870000145410182806F00906119C591C509C63B
:105880008357060001459DE301110565C9471306CD
:10589000F100130555C3854506CEA307F100EF308F
:1058A0006029F2400345F100056182808280B727BC
:1058B00000200111238AA7DA05651306F1001305FC
:1058C00095C4854506CEA3070100EF30A026F2401F
:1058D0000345F1000561828001111305910006CE98
:1058E000EF00705D2304A1000565300025059D458E
:1058F000EF304024F24003458100056182800111B0
:105900009305F10006CE22CC2A84EF00105D230619
:10591000A1000565A3068100700021801305554094
:10592000914523078100EF30E020F24062440345B7
:10593000C1000561828001111305D10006CEEF0080
:10594000F05B2306A1000965700009059145EF3061
:10595000601EF2400345C10005618280011106CE40
:10596000EF00305CA307A10009651306F1001505DF
:105970008545EF30201CF2400345F100056182802F
:10598000011106CEEF00F064A307A100096513061C
:10599000F10029058545EF30E019F2400345F1009B
:1059A00005618280011106CEEF007072A307A1008D
:1059B00009651306F10039058545EF30A017F2405F
:1059C000014505618280011106CEEF10003CA3075E
:1059D000A10009651306F10041058545EF308015EA
:1059E000F2400345F10005618280011106CEEF10FF
:1059F000C012A307A10009651306F10045058545FE
:105A0000EF304013F2400345F100056182804111FF
:105A100006C622C4EF10C0188965CD052A84EF3070
:105A2000A0112285B240224441018280011106CE9C
:105A3000EF10203BA307A10009651306F1005105F3
:105A40008545EF30200FF2400345F100056182806B
:105A500001111305510006CEEF10204B2302A100C7
:105A6000096550006105A545EF30C00CF2400145C5
:105A700005618280411106C6EF10804C8965E505FD
:105A8000EF30800BB240014541018280011106CE0A
:105A900022CC2A84EF10E05F2306A1000965A3064B
:105AA00081007000218069058D4523078100EF305A
:105AB0006008F2406244014505618280011106CE12
:105AC00022CC2A84EF10A06F2306A1000965A3064B
:105AD0008100700021806D058D4523078100EF3026
:105AE0006005F240624401450561828001118967C9
:105AF00022CC06CE9386D7012A872E846393D504C1
:105B0000B7270020938787D6239407000345050015
:105B10001307F01F238C07022382A7002393E700BB
:105B2000014685456925A307A10022851306F100DA
:105B30008545EF302000F24062440345F1000561E5
:105B40008280938737036398F502B72700209387F5
:105B500087D623940700034505002382A7008345C9
:105B60001700A383B700034627007D572383E70070
:105B7000238CC70245BFC947A307F1007DB70111B8
:105B800026CAB724002006CE22CC4AC89387C4B3C5
:105B900083C73700638D071889679386E70193846D
:105BA000C4B32E842A87639BD50603450500B72717
:105BB0000020938787D62382A70083451700854658
:105BC000A382B700034627000547A383E70023838A
:105BD000C700EF000075A307A1008347F100C5EFE0
:105BE000B7270020938687D603C7760003C65600E2
:105BF0008546938787D6631CD7100E061306963BFF
:105C0000130710273346E60203C534008965239441
:105C100007001376F60FEFC07D94B5A8938647036F
:105C20006397D50203450500B7270020938787D6E1
:105C30002382A70083451700A382B70003462700ED
:105C40002383C70083463700A383D70059B79386C1
:105C500007056390D50603450500B7270020938705
:105C600087D62382A7008345170093087700A38275
:105C7000B700034627002383C70083463700A3836A
:105C8000D700034867008347570003474700EF20CA
:105C9000903BA307A10022851306F1008545EF2064
:105CA00070690345F100F2406244D2444249056103
:105CB00082809387B7076398F504834705003729E7
:105CC0000020130989D62302F90083471500A30297
:105CD000F900834725002303F90083473500A30318
:105CE000F900034565002A9703057700EFC04F9B35
:105CF000EF00A07B83467900034669008345590085
:105D000003454900F9B5B147A307F10069B78946D2
:105D1000E305D7EE09068D460E066316D7000E067C
:105D20001306965BF1BD060613067651D1BD3145CB
:105D30009DBFB727002003C7E7D6011106CE930702
:105D4000F00F6318F7021305D100FD2D2306A10003
:105D5000096570008D457D05EF20D05DB7270020D7
:105D600003C5F7B38965EFC0BD86F2400145056103
:105D700082800145D12D2306A100A306010023073F
:105D80000100F9B7011106CE22CC2A84EF0070364B
:105D90002306A1000965A306810070002180130578
:105DA00005028D4523078100EF20D058F240624460
:105DB000014505618280011106CE22CC2A84EF00C4
:105DC00030482306A1000965A306810070002180E8
:105DD000130515028D4523078100EF20B055F240D1
:105DE0006244014505618280011106CE22CC2A84DD
:105DF000EF0010492306A1000965A3068100700089
:105E00002180130525028D4523078100EF20905244
:105E1000F2406244014505618280011106CEEF1017
:105E2000003FA307A10009651306F10013057502E1
:105E30008545EF203050F2400345F1000561828036
:105E4000011106CEEF104047A307A1000965130614
:105E5000F100130595028545EF20D04DF240034532
:105E6000F10005618280011106CEEF108049A30781
:105E7000A10009651306F1001305D5028545EF2041
:105E8000704BF2400345F10005618280011106CE9E
:105E9000EF10804CA307A10009651306F10013055C
:105EA000E5028545EF201049F2400345F100056108
:105EB0008280011106CEEF10C04EA307A100096534
:105EC0001306F100130515038545EF20B046F24097
:105ED0000345F10005618280411106C622C4EF101E
:105EE00040508965938525032A84EF20F04422855C
:105EF000B24022444101828039711303D1021ACE8B
:105F00000343810506DE1ACC034341051ACA034345
:105F100001051AC80343C1041AC6034381041AC405
:105F2000030341041AC2034301041AC0EF10E052F4
:105F30002306A10209657010130565038945EF204A
:105F4000703FF2500345C10221618280011106CEEB
:105F5000EF10807DA307A10009651306F10013056A
:105F600075038545EF20103DF2400345F1000561C2
:105F70008280011106CEEF10D013A307A10009659E
:105F80001306F100130585038545EF20B03AF24072
:105F90000345F10005618280011106CEEF10302D1E
:105FA000A307A10009651306F100130595038545B4
:105FB000EF205038F2400345F10005618280011165
:105FC00006CEEF107045A307A10009651306F10086
:105FD0001305E5038545EF20F035F2400345F10058
:105FE00005618280011106CEEF10504EA307A1007B
:105FF00009651306F1001305F5038545EF2090337D
:10600000F2400345F10005618280011106CEEF10D8
:10601000B061A307A10009651306F100130505048B
:106020008545EF203031F2400345F1000561828063
:10603000011106CEEF105070A307A10009651306E9
:10604000F100130515048545EF20D02EF2400345DD
:10605000F10005618280011106CEEF204003A30705
:10606000A10009651306F100130525048545EF20FD
:10607000702CF2400345F10005618280797106437E
:1060800006D622D41AC872531AC662531AC452537F
:106090001AC242531AC0EF20800A896593853504DD
:1060A0002A84EF2070292285B250225445618280D3
:1060B000B72700202394A7DA01458280011106CE7C
:1060C000EF20C079A307A10009651306F1001305AD
:1060D00015058545EF201026F2400345F1000561C6
:1060E0008280011106CEEF201000A307A1000965F0
:1060F0001306F100130525058545EF20B023F24076
:106100000345F1000561828037270020930787D679
:1061100083D7A700130787D689E79307F01F2315B6
:10612000F7008357A7002146014593F6071086071D
:10613000C207B3D6C640C183558D93D5574093D679
:106140009740AD8E858A7D161375F50FD58F71FE3C
:106150002315F700828037270020930787D683D73F
:10616000C700130787D691E7E17793C7F7FF231698
:10617000F7008357C7003946014591689945B3F642
:1061800017018607C207B3D6C640C183558D93D683
:10619000E74013D8F700858AB3C606017D1613754C
:1061A000F50FD58FE31DB6FC2316F7008280011191
:1061B00006CE22CC26CA4AC84EC6630D0510AD478E
:1061C0002A8463E3A70E1304F5FF1374F40F1385F9
:1061D000F5FF01469305F00F1375F50FEFB09FEA39
:1061E000B724002003A744F33729002013640404D4
:1061F0005C571374F407B7290020F59B5CD703277D
:1062000049EB376506001305052E1C4393F707F885
:106210005D8CB747767100C3938797121CC7B75739
:106220005500938757555CC33724002003A709EE18
:10623000230C04EA130484EB230204005C43F99B5F
:106240005CC3A547A303F400EFC0EDDE83A609EE0F
:10625000A3020400032749EBA300040085479CC266
:106260001C433706330093F7F7CF1CC31C4393F747
:10627000F7CF93E707201CC383A744F39847518FB8
:1062800098C73707030013078715B8CAD843137791
:10629000F7EFD8C30100010003A744F301455C43B5
:1062A00093E707105CC305A0B1476308F5029307A5
:1062B000600263E5A7001304E5FF01BF93077002C6
:1062C0004945E306F4F0F2406244D2444249B249FF
:1062D0000561828013045002DDBD13046002C5BD58
:1062E000B7270020938787EB03C71700B727002045
:1062F000938787D6058B11CF37270020032747EBDD
:10630000185F1583058B11E703D7870005072394D2
:10631000E70003C6870383C5770003C547006FF016
:106320001FE9011126CA4AC84EC656C2B727002027
:1063300006CE22CC52C45AC0AE893289B68A83A412
:1063400087ED35C9AD472A8463EEA7021304F5FF34
:106350001374F40F631D0906268A338B99006312A8
:106360004B071379F9009386FAFF228523802401D5
:10637000A380340193F6F60F4E868545EFC0CF9D7E
:10638000014505A0B147630BF5029307600263E581
:10639000A7001304E5FF6DBF930770024945E30BA7
:1063A000F4FAF2406244D2444249B249224A924A43
:1063B000024B056182801304500269BF130460021E
:1063C00051BFEFF07FD42301AA00050A49BF8547DA
:1063D000631CF9004E869305000F1385240097A0D7
:1063E000F91FE78000EBB5BF89476316F9004E86B9
:1063F0009305A00ADDB78D47631DF900268A338B0C
:106400009900E3004BF7EFF01FD52301AA00050A1E
:10641000CDBF91476316F9004E869305F00F75BF07
:1064200095476315F9004E86814545BF9947631529
:10643000F9004E86BD4555B79D474945E313F9F62A
:106440004E869305500551BF411122C42A8435451B
:1064500006C6EFB0DFE2B7270020938787D611C8C2
:1064600003D787002300E40003D787002183A3001C
:10647000E40023940700B727002083A747F3984B35
:106480009316E70063DE0600371701141307F78F32
:1064900098CB37071104F8CF09671307879F98C770
:1064A000B24022440145410182809307F00363E436
:1064B000A70CB72700202384A7BAB727002083A7FB
:1064C00047F39306C008B7050082B847FD150607D5
:1064D0000583B8C737270020032647EB370702009C
:1064E0001307C72058DE37270020032707EE54CBB9
:1064F00054D354DB74C354561377F5031318970120
:10650000ED8EB3E6060154D69306A00363F7A60208
:10651000F44F37060007D18EF4CF944B0145139604
:10652000E600635B060493168700984B71761306AA
:10653000F60F718F558F98CB8280131885019306C3
:1065400020021358884163FAA600F44F370600F979
:106550007D16F18E370600057DBFB70600F913865C
:10656000F6FFF44FE945F18E37060003E3C505FB5E
:10657000370600014DB749458280411122C42A8463
:10658000354506C6EFB0BFCF59CCAD4763EB8706A4
:106590007D141374F40FB727002083A747F3B706C1
:1065A00000C1FD16984B1374F4036204758F598C67
:1065B00080CB37270020034787BA71761306F60F82
:1065C0001377F70393168700984B0145718F558F0A
:1065D00098CBF84FB706F9FFFD1613674700F8CFC1
:1065E000984B758FB7060200558F98CB9386864FD0
:1065F00094C7B7270020938787EB3147A383E70031
:1066000039A8B1476304F4029307600263E487008A
:10661000791441B7930770024945E30EF4F6B2408E
:1066200022444101828013045002B5B71304600272
:106630009DB7011106CE9317450163D40702EFF011
:106640008EF4894719C9834605001147B1476396FF
:10665000E60095472300F500C947F2403E850561F5
:1066600082802EC6EF104FC7C94765D90347A500E2
:10667000418B65D7B2458347B500230AB50491E73E
:10668000E9472308F5008147C9BFED47DDBF011188
:1066900006CE22CC2EC6EF102FC401CDB2452A84DF
:1066A000EF004FB5A305A4020145F2406244056125
:1066B00082804945DDBFB7270020938787D60147F1
:1066C000994683C5870E3306E50005072300B6000B
:1066D0008507E318D7FE01458280011106CE2EC63C
:1066E000EF108FBF11C983074503B24501452380D1
:1066F000F500F240056182800945E5BFB72700201B
:10670000938747B903D707012300E50003D70701A3
:106710002183A300E50083C7F7002301F5000145AD
:10672000828019E149458280B7270020138787D6E8
:10673000784B411122C406C62A84938787D609C79D
:106740000347C700314531EFF85F09C70347B7007A
:10675000314521EB03A7070909C7034777003145F6
:1067600029E33725002005471946A285130565E56D
:106770002381E70097A0F91FE78080AA8347540090
:106780001307000C93F7070C6391E70237250020ED
:106790001946A2851305C5E597A0F91FE78040A813
:1067A0000145B24022444101828081EB372500201F
:1067B0001946A285130525E6C5B713070004494508
:1067C000E391E7FE372500201946A285130585E6EB
:1067D000E1B7411126C2B7240020938784D622C492
:1067E000E04B06C6938484D611C47C4813974700B7
:1067F000634B070CFC5099E74945B2402244924450
:106800004101828009ED1305000FEFE01E986DD560
:106810008347C500F5D3EFE03EB80145F9BF054712
:10682000E31CE5FC15EC014582972A8459CD856768
:10683000938707802310F502930700702317F50054
:10684000B72500208D47230CF500A30A0502194641
:10685000938505E51305650397A0F91FE780409C24
:106860000347C4008547E309F7F88347E400B98B81
:1068700095C30347E40085476317F7028947231050
:10688000F402224403A38406B24092441305000F8D
:1068900041010283EFF0BEA3B727002083C707BDE5
:1068A000E319F5FC91BF8357040211676375F70084
:1068B0002310E402F9B7930600023E87E3FAD7FEFD
:1068C00013070002F5B731450DBF1D453DB7B7278A
:1068D000002083A787DF314581CF83C7770089CB2D
:1068E000411106C6EF20DFD8B24001454101828048
:1068F0008280011126CA4AC84EC652C456C25AC026
:106900002E89368BBA89BE8A06CE22CCB284428AC0
:10691000EF108F9C1307A9FF420785674183938679
:10692000A7C763EDE610938707C82A84494563E744
:10693000970A63E5240B1307301F6361670B63EF4E
:10694000370993071B00B38797021397390063D762
:10695000E70849C48347140113F747003DC7ED9B7F
:10696000A308F4008347B400231A2407231B9406CA
:10697000D5EF03578406C167FD17630BF70663194C
:1069800099068357A403231BE404231CF404B727AC
:10699000002083D787E18D46114763E5F600850720
:1069A00013F7F70FA30AE4042285EFF03E94835710
:1069B0000404A907231FF4048327440A93E717005C
:1069C0002322F40AC547A30EF400231C5407231DF9
:1069D0004407231D6405231E34050145F24062442B
:1069E000D2444249B249224A924A024B056182800E
:1069F0008357440691CFB3D4F4024A87B3879702F2
:106A0000C207C1836373F9003E87231CE40441B7C6
:106A1000B305990085814A85EFC02D9E231CA404EF
:106A2000930584052685EFB01EFE95B78327840A5B
:106A300093E707022324F40AC14771B7494579BF98
:106A400001112EC606CEEF102F89B24509E5494542
:106A5000F2400561828083471501A305B50213F753
:106A6000470075D7ED9BA308F500BD472306F50247
:106A70008327850A93E727002324F50A0145C9BF28
:106A8000011106CE2EC632C4EF100F8503278510E4
:106A90001377070249C3B2459306000EAA871387EE
:106AA00055FE42074183494563E4E60622461167E5
:106AB00013078714930686EBC206C182636AD70464
:106AC00003D7871C01456305B704372700209306C9
:106AD00087D683D6A602A38EB706239FC70693F553
:106AE000F50F130787D663F3D500AE860357C702A9
:106AF000239CD71A6373E6003287239DE71A03A706
:106B0000470A856693860680558F23A2E70A0145CA
:106B1000F240056182804545E5BFB7270020138715
:106B200087D6784B938787D601CB8346C70089C623
:106B30008346D700494785EEF85F09CB8346B70007
:106B400091C6834607014947858A95E203A707094D
:106B500001CB8346770089C68346D700494781EA3F
:106B600003C7C70B83C7D70B6365F7001D473A857B
:106B700082800111A304A10019461305A10006CECD
:106B80009790F91FE780C0692800EFA09FB0854764
:106B90001D476313F5000147F2403A850561828085
:106BA000797126D24AD04ECE06D622D42E89B28909
:106BB00036C63AC43EC242C0EF001FF2C94455C9AE
:106BC0009305A9FFC20505662A84C1811305A6C7DE
:106BD000C9446360B50A130606C8636C360963EAE4
:106BE0002909B2469305301F63E5D5082247636241
:106BF000E608138616003306260393153700635AFA
:106C0000B60603461401B144058A25E60326440A64
:106C10001376162039EE92470248231EE4040347F8
:106C2000B400231CF406231A2407231B3407231D56
:106C30000407231DD4048347D401814459EF95EB05
:106C400083270410898B95CF31469305F00F1305E8
:106C500084069790F91FE780C0638327440A2314B2
:106C6000040693E707202322F40AC947A30EF40081
:106C70008144B2502254268502599254F24945610A
:106C8000828063093905B385290185814A85EFB082
:106C9000DDF6231CA404930584054E85EFB0BED613
:106CA000B727002083D787E18D46114763E5F600BB
:106CB000850713F7F70FA30AE4042285EFF00EE32C
:106CC00083570404A907231FF4048327440A93E786
:106CD000170051BF231C2405E1B7C1FF832784108F
:106CE000898B95C731469305F00F1305840697905D
:106CF000F91FE780005A8327440A2314040693E708
:106D000007202322F40ACD47A30EF4009DB7E944DF
:106D10008DB737270020930787D6FC4B130787D6FC
:106D200081CB83C6C70089C683C6D700C947A1EEF9
:106D30007C5F89CB83C6B70091C683C60701C9476C
:106D4000858AB1E28327070981CB03C7770009C78A
:106D500003C7D700C94705EB0111A304A1001946D9
:106D60001305A10006CE9790F91FE780604B28001D
:106D7000EFA0BF9D0547B1476313E5008147F2408F
:106D80003E85056182803E858280B727002013877B
:106D900087D6784B938787D601CB8346C70089C6B1
:106DA0000347D70049450DEFF85F09CB8346B7008D
:106DB00091C6034707014945058B1DE383A70709D2
:106DC00081CB03C7770009C783C7D700494589EB43
:106DD000411106C6EFA05FA0B2400145410182808B
:106DE00082806302051279714AD03729002022D4AB
:106DF00026D24ECE52CC56CA5AC8930789D606D64A
:106E00005EC603A4870983474500AA84130989D66F
:106E1000FD8B2302F5008D49054AA14A294B05EC5B
:106E2000832789051147C146F9E737250020A68544
:106E30001305E5E615469790F91FE780603EB250CE
:106E4000225492540259F249624AD24A424BB24BFE
:106E50000145456182808347B4008DE38327440A5E
:106E60001546A68593E727002322F40A130584120A
:106E70009790F91FE780C03A004055B78347441701
:106E8000858B9DCF2688014581468345080013D711
:106E900026002A97B3D5D54093F7360022978589E7
:106EA00086070306D717A9C5B317FA00D18FA30E1B
:106EB000F7168506E39B56FD09050508E31665FDF3
:106EC000930B84171546A6855E859790F91FE7807A
:106ED000A0405DF11546A6855E859790F91FE78075
:106EE00020348347441793E78700230AF41669B7D1
:106EF000B397F90065BF03C6C7076314E600238E86
:106F0000D7069C4315B749458280411122C426C249
:106F10004AC006C62A890144A1449305F00F0545DD
:106F2000EFB07DCBB30789002380A7000504E316EB
:106F300094FEB240224492440249014541018280BC
:106F4000011122CC4AC806CE26CA2EC63289368402
:106F5000EF009FB8630D05128347B500AA84B245C0
:106F60000945DDEB21461385F4189790F91FE7805A
:106F7000202BA38B241913598900238C24198347B0
:106F8000E4000346D4008345F4008346C400A2070E
:106F9000420603C5C404B297AE97E20603A7440AAB
:106FA000B69749C123A6F40A8347A40083469400F8
:106FB00013670702A207C206B6978346B400B697C6
:106FC00083468400E206B69723A8F40A8347640048
:106FD00083465400A207C206B69783467400B6974C
:106FE00083464400E206B69723AAF40A83472400A6
:106FF00083461400A207C206B69783463400B697AC
:1070000083460400E206B69723ACF40A8547A386BC
:10701000F40423A2E40A0145F2406244D244424906
:107020000561828023A6F40C8347A4008346940064
:1070300013678700A207C206B6978346B400B697C7
:1070400083468400E206B69723A8F40C83476400C5
:1070500083465400A207C206B69783467400B697CB
:1070600083464400E206B69723AAF40C8347240023
:1070700083461400A207C206B69783463400B6972B
:1070800083460400E206B69723ACF40C59B70945D1
:1070900061B7011106CE2EC6EF001FA4630F0510C5
:1070A0008346B5000547AA87B24505456391E60AC0
:1070B00083C60701130740020145639AE60803C728
:1070C000E50083C6D5002207C206369783C6F500C1
:1070D000369783C6C500E206369783C6D704BDCA75
:1070E00023A6E70A03C7A50083C695002207C206A8
:1070F000369783C6B500369783C68500E206369775
:1071000023A8E70A03C7650083C655002207C20605
:10711000369783C67500369783C64500E2063697D4
:1071200023AAE70A03C7250083C615002207C20663
:10713000369783C63500369783C60500E206369734
:1071400023ACE70A1307A0022388E7000145F240B9
:107150000561828023A6E70C03C7A50083C69500BE
:107160002207C206369783C6B500369783C68500C8
:10717000E206369723A8E70C03C7650083C65500CF
:107180002207C206369783C67500369783C6450028
:10719000E206369723AAE70C03C7250083C615002D
:1071A0002207C206369783C63500369783C6050088
:1071B000E206369723ACE70C71B7054549BF41118C
:1071C00006C6EF007F9131C18346B5000547AA8707
:1071D00009456399E60283C60701130740026393DA
:1071E000E6020D472386E7021947A385E702130746
:1071F00050022388E70003C7A70201451367170061
:107200002385E702B240410182800945E5BFB727E7
:1072100000202A87138587D603481500938787D6D1
:1072200063080802684911C50348C5003145631465
:107230000808E85F11C50348B5003145631D08061D
:1072400003A5070911C503487500314563150806F4
:1072500083C8470C03C8570C1D4563FE080583A768
:10726000870D494593F70704B9C75D71A6C2280089
:10727000B284194686C6A2C4A303E100368497905F
:10728000F91FE780E0F9A6851305E10241469790D2
:10729000F91FE780E0F8A2851305E10141469790C8
:1072A000F91FE780E0F74800EF600FCCB6402644B6
:1072B0009644616182808280B7270020138787D639
:1072C0008346170095C6784B938787D609C703472F
:1072D000C700494515E7F85F09C70347B7004945A7
:1072E00005E383A7070989C783C77700494589EB69
:1072F000411106C6EF60AFDCB2400145410182801A
:107300008280B7270020138787D68346170093878C
:1073100087D685C6784B09C78346C700494785EAA3
:10732000F85F09C78346B700494795E203A70709F5
:1073300009C783467700494799EAA380A70003A7B6
:10734000070E01C91367076023A0E70E01473A85BE
:1073500082801377F79FCDBF130700643305E502E2
:10736000B72700204111938687D622C403A4860C38
:1073700026C24AC006C6938487D6C8DA1309F00F1E
:1073800001E8B24022449244024901454101828011
:107390000345040063052501CC58EFA01DE5405CC2
:1073A000C5B7B7270020138787D6A30CA70213778A
:1073B0001500938787D611EB03C7C7036D8F63044E
:1073C000B70049458280238DE702137725000145E8
:1073D00001EB03C7D703718FE315C7FEA38DC70267
:1073E0008280011106CE2EC632C436C23AC0EF00EA
:1073F000AFEE35C1B2450247924693F7150099EBBF
:1074000022468D4763F6C7004545F24005618280FC
:107410002302C514898991E58D47E3E7D7FEA302CE
:10742000D51401CFB727002083D7A7DA7D8F0D8B26
:107430008547631FF7002314E5148547230FF500E4
:107440008327450A0567D98F2322F50A014575BFB1
:1074500023140514DDB749454DBF5D714EDEB729D4
:107460000020138389D603234305CAC062D486C68D
:10747000A2C4A6C252DC56DA5AD85ED666D26AD008
:107480006ECE030C4105834E8105034901069389A5
:1074900089D663090300032E4305314313145E00AC
:1074A000634D04000D4E49436369FE0093FC0501E2
:1074B00063850C02054E6387CE07B640264496448A
:1074C0000649F259625AD25A425BB25B225C925C24
:1074D000025DF24D1A856161828013FF35004943D8
:1074E000E30DCFFD13FF8500E3190FFC6393CE037B
:1074F00003CEC9033143137E4E00E3000EFC630349
:10750000D90309436310690203CEC903137E2E0019
:1075100039A0E318C9FF03CEC903137E4E003143DF
:10752000E30D0EF8468BC28B3EC6BA8A368DB28DFD
:10753000AE842A8AEFD07EC52A8411E983A7490642
:10754000054582972A841D432DD9230445019307BD
:1075500000026311FD028D47631CF9040356C40148
:107560009307900F13035004E3E9C7F40356E401B3
:10757000E3E5C7F493F5F40F2300B40663860C1219
:10758000BD889547639EF402930710F82307F40023
:107590004543E364BDF3FD474543E3F0B7F391672B
:1075A000E3EDA7F1EA9D93DD1D002310B40315A0C0
:1075B0008547E311F9FC0356C4019307D02E5DB74C
:1075C000B5476399F40C85472307F40089472310D6
:1075D000F402A3075401639C0A108547230CF400AE
:1075E00093F5050281E5B247A30AF40219468145E5
:1075F0005A859790F91FE780C0D4631B0510854713
:10760000230EF402A30E74031946DA851305E4036E
:107610009790F91FE780C0C083470105A306F400D7
:107620009307F0076319FC0EB727002083C787BABA
:1076300036572300F70003055401EFA07F8623048B
:10764000A406EFA04FFEB657A30AA4002380A7000C
:107650008347C10523020406A302F40683470406F8
:10766000C18B91EB7D191379F90F89474943E3E603
:1076700027E5A30124078347410637070008014394
:10768000A300F40683478106A303F4067C48D98F40
:107690007CC825B589476394F4009947C5BDE38745
:1076A00004EE23070400EDB59D472307F40013F60D
:1076B000150093F7450011CA114691C30546A30F63
:1076C000C4048547230FF404E1B513F6250001CA6D
:1076D000094691C31546A30FC4048947E5B70D4673
:1076E00091C31946A30FC404230F040455B5230CFA
:1076F000040081470D46B3D6FA40858A91C6834679
:1077000084018506230CD4008507E396C7FEC9BD16
:10771000230E040211B7994763C58701A30A8401A8
:1077200019BFA30AF40001BF01114EC6B7290020FA
:10773000938789D6FC4B06CE22CC26CA4AC852C4AF
:10774000938989D691C7FC4B13965700634E060068
:107750003A8AB6842E89EFD05EA32A8419ED83A7D6
:1077600049051305200491C33145F2406244D244D7
:107770004249B249224A056182800347E5008547B4
:1077800001453D8BE303F7FE03470406418B45C7E4
:107790008D476304F9004945C9BFFD47E3ED97FEF6
:1077A000231E04008D476312F90EE1C88357C401FC
:1077B00003D7A9071D45B3869700E348D7FA0347C7
:1077C000C40015C783560402130700026391E60242
:1077D000034734068D466318D70C1307900F130523
:1077E0005004E364F7F88357E401E360F7F88D474A
:1077F0001D45E31CF9F637E900E083290900B707C6
:1078000020002320F918B3F9F9000F1000009305A8
:10781000800C0545EFB02DBC8357C4061205232408
:1078200044038507BD8BC98F2316F406231E9400DD
:107830002320391189A81377D90FE303F7F61147ED
:107840006315E904784893167700E3C606F4034706
:10785000C400E312F7F48357C40195DF8DFC930550
:10786000800C0545EFB02DB78357C4061205850778
:10787000BD8BC98F2316F40639A07C48370700FF5B
:107880007D17F98F7CC80145CDB59307D9FF93F7D4
:10789000F70F0547E37CF7F0E38F04EE8347C4005E
:1078A000E396E7F0D1B58546E313D7F41307D02E5E
:1078B0003DB701114EC6B7290020938789D6FC4BEE
:1078C00006CE22CC26CA4AC852C4938989D691C70B
:1078D000FC4B13965700634E06003A8AB6842E89F5
:1078E000EFD0BE8A2A8419ED83A749051305200429
:1078F00091C33145F2406244D2444249B249224ADE
:10790000056182800347E500854701453D8BE30320
:10791000F7FE03470406418B79CB8D476304F900DA
:107920004945C9BFFD47E3ED97FE231F04008D477E
:107930006319F910638F040E8357E40103D7A90775
:107940001D45B3869700E347D7FA0347C40015C720
:1079500083560402130700026391E60203473406CC
:107960008D46631ED70E8356C4011307900F13056F
:107970005004E361D7F8E36FF7F68D471D45E31B2D
:10798000F9F65C548DC783476406898B8DC308580C
:1079900019CD8347A50081CFEF501FD70C5819464A
:1079A00013056403B1059790F91FE780608737E9F5
:1079B00000E083290900B70720002320F918B3F954
:1079C000F9000F1000009305800C0545EFB0ADA045
:1079D0008357C4061205232644038507BD8BC98F30
:1079E0002316F406231F94002320391189A8137746
:1079F000D90FE30CF7F211476315E90478489316A1
:107A00006700E3CF06F00347C400E31BF7F083579A
:107A1000E40199D791F49305800C0545EFB0AD9B37
:107A20008357C40612058507BD8BC98F2316F4063C
:107A300039A07C48370700FE7D17F98F7CC80145C7
:107A400055BD9307D9FF93F7F70F0547E376F7EE98
:107A5000E38804EC8347C400E390E7EE59BD854614
:107A6000E31DD7F08356C4011307D02E09B75D710B
:107A7000A6C2B7240020938784D603A8470586C6EC
:107A8000A2C4CAC04EDE52DC56DA5AD85ED662D4E0
:107A900066D26AD06ECE938484D6630808028327A8
:107AA000480513945700635204023145B6402644FA
:107AB00096440649F259625AD25A425BB25B225C42
:107AC000925C025DF24D616182803AC632C4937766
:107AD0001500B68989C7639205104945C1BF91E970
:107AE000A04C19E00145D9B72285EFD0FE8A0040AD
:107AF000CDBFE30908FE4285EFD01E8AE5B778497D
:107B0000B70700037D8F55F30347F505630487012D
:107B10006315970103D7EA0149DB03C75A036301E1
:107B2000270903C7EA0063192701131714004E97AA
:107B300003570700E3E3EDFAB8547D141374F40F10
:107B40005DC793161A00B69903D70900B24793058B
:107B5000800C2397EA063E9A03470A0005452398BE
:107B60000A06A384EA06EFB00D8703D7CA061205FA
:107B7000264405073D8B498F2396EA0603A3840616
:107B800003C50B00B64096440649F259625AD25AD0
:107B9000425BB25B225C925C025DF24D61610283EA
:107BA000138B8A05194681455A859780F91FE7800E
:107BB0004079631A2501194693056DE55A8597802A
:107BC000F91FE780E065194681455A859780F91FBE
:107BD000E7802077E31725F509B7FD1513F4F50FB6
:107BE000094C954C0549372D0020930D000893074B
:107BF000F00FE304F4EEA247228AB38B870003C59B
:107C00000B00EFD08ED8AA8AE31B05EEFC481305C3
:107C10002004E39C07E859BDB727002083A7C7DBF2
:107C200095C3FC4B13975700635E0700B1473E8531
:107C30008280B147F2406244D2444249B2493E8513
:107C400005618280011122CC26CA4AC84EC606CEE2
:107C50003689B289AE84EFD04ED32A8493072004AC
:107C600071D9C947E3E899FC1547E37597FC0347C9
:107C70000506137737035DFF8347E505DDFB7C4988
:107C8000918BC5FBEF907DF679479D47E374A7FA8A
:107C90008347340681EF035744089307D02E63F7D8
:107CA000E700194793075004E37637F97C48834689
:107CB0000406CE9493E7270085843369D9007CC8F5
:107CC00023139408230024078147ADB7B72700206A
:107CD00083A7C7DB81CBFC4B139757006354070086
:107CE00031458280011122CC26CA4AC84EC606CE32
:107CF00052C4B6893289AE84EFD02EC92A841305C6
:107D00002004630404107C48898B8DC383473406A8
:107D100091EF035744089307D02E63F9E700035708
:107D2000640899471305500463F1E70E93F7D40FE5
:107D300005476394E70EB7E700E003AA070037079B
:107D4000200023A0E718337AEA000F100000032573
:107D5000840A19C59780F91FE780003D2324040A8F
:107D600023120408B7E700E023A04711630C0906BB
:107D70007C48918BD9E38D476398F40893055010A4
:107D80004A859780F91FE780E02B2324A40A2DCD94
:107D9000B7E700E084433707200023A0E718F98CF9
:107DA0000F1000007C4893F7074091CF9305800C9B
:107DB0000545EFA05DE28357A40812058507BD8B3A
:107DC000C98F2315F4080325840A4A86CE85978037
:107DD000F91FE780E044B7E700E02312240923A05D
:107DE000971011A88D4749456391F4027C482312EE
:107DF0000408F99B7CC8014509A89387D4FF93F731
:107E0000F70F0547E379F7F63145F2406244D24473
:107E10004249B249224A05618280E31B09F4914735
:107E20004945E387F4F4D5B7B7270020138787D6F1
:107E3000784B411126C24AC006C622C4AA841389BF
:107E400087D609CF7C4B13975700635907003145FC
:107E5000B240224492440249410182802E85EFD0F3
:107E6000CEB22A841305200465D413F714007C488D
:107E70004DCB13F7170061FF034704061377370351
:107E800079F78988B5CC0327C90D454593E70740A5
:107E9000418B5DDFC1657CC8FD150145EFA0FDD5B7
:107EA0002314A408EFA0CFFFB70500012326A408E0
:107EB000FD150145EFA0BDD69304040AB7250020A7
:107EC00015462328A4089385E5E626859780F91FA3
:107ED000E7800035A685130500FBEFA00FC92685B6
:107EE000EF004FB17C480347C400A300A408DD9B0A
:107EF00093E747007CC885476307F700014589BFC2
:107F000093F7F7BF41BF9305800C0545EFA0BDCCAB
:107F10008357C40612058507BD8BC98F2316F40647
:107F2000F1BF0345D407CD9B7CC89307F00FE3074F
:107F3000F5FCEFA0CDF0D9B7B7280020138888D67C
:107F40000328C807011106CE22CC26CA4AC84EC64D
:107F500052C456C2138388D663090800032EC80191
:107F6000B14813141E01634D0402032E0308B148E7
:107F700063080E021373A6FFC5486313030213734D
:107F80005600B148630E0300BE843A89B689328434
:107F9000AE8A2A8A63100802029E2A888D4819ED4B
:107FA000F2406244D2444249B249224A924A46854A
:107FB000056182808347B800B148FDF38D47C94809
:107FC000E3E047FFA3064805230858012300080201
:107FD00013771400814731C383C70900A307F80052
:107FE00083570900231BF80003D7040063F3E7005D
:107FF0003E8793160701C18263E5D708231CE8007A
:108000008357880113075005B387E702A187231D13
:10801000F80085472300F80285471376440031CAEB
:10802000BE9903C7090086073E99A307E800A30786
:10803000E80203570900A6972319E80283D707002F
:108040006373F700BA8793960701C182636ED70204
:10805000231AF8028357480313075005B387E70232
:10806000A187231BF8028347080293E72700230018
:10807000F8028327C80121678148D98F232EF80091
:1080800005B7231CF800ADBF231AE802E1B7372774
:108090000020930787D6FC5F411106C622C426C282
:1080A0004AC0130787D699C703A8C701131418013C
:1080B000634004080327070825CF3684B2842E893D
:1080C00009ED81EB4945B240224492440249410105
:1080D0008280EF80AF910145FDB78546E314D5FE60
:1080E000B9E30297AA8731C91147A3060504231BE8
:1080F000E500231CE50083C6B7000547E384E6FCE2
:1081000095C8239C9702239D870201C41E04E3DBCC
:1081100084FA238927012244B2409244024903A3EE
:10812000870641010283D84F93161701E3D506FC59
:10813000314551BF23AC0702E9BF0D4569B75D71F9
:1081400066D26AD06ECEA304C100AA8D2E8DB28CE9
:10815000B68519461305A100A2C4CAC04EDE52DC82
:1081600056DA5AD85ED662D43A84BE8B86C6A6C288
:10817000368C428BC68A464AD64966499780F91F93
:10818000E780000A37270020930787D6FC5F130794
:1081900087D695C7DC4F9396170163D20602314507
:1081A000B640264496440649F259625AD25A425B76
:1081B000B25B225C925C025DF24D6161828083273A
:1081C0004709F1DFEFE00E8FB727002083C717BD07
:1081D000E307F5FC937784FF4545F9F33727002043
:1081E00093775400130787D699E3494555BF7C5FC1
:1081F00089CBD44F13961601E34306FA83C7B70021
:10820000D9FF83240709639F043A8327470982978C
:10821000AA8451D50D47E36AA7FDA386B401A382C2
:10822000A4071946814562859780F91FE780601190
:108230006310053A05472386E406A386940719468A
:10824000E2851385E4069780F91FE78060FD238CA3
:108250000402137C1400014D630E0C1083D60B0036
:10826000114763F3E6009146239AD40203570B00AB
:108270001396060141826373E60036879316070161
:10828000C182114663F3C600114793160701239B71
:10829000E402C182130750053387E6029385040583
:1082A00021872399E4020547238CE40203D70A00BF
:1082B0002397E40003550A002A9705872398E404CE
:1082C000239AA400EFA02EF483D6040505671307B4
:1082D00007C86373D700BA8613970601418319460E
:1082E0006373C70099462398D4041395060183D677
:1082F00009001307301F41816374D7009306301FB4
:1083000093950601C181138715003307A702239DAA
:10831000D4008356090009876353D7003687F64790
:10832000420741832390E40283D6070086570566FF
:108330002393D40283D60700130606C82396D402DB
:10834000BA866373E600B286139606014182294716
:108350006373E600A9461397060141830A07334772
:10836000A7022390D4027D1763D3E5002E87239DB7
:10837000E400054D937C240063870C0E931D1D00C3
:108380003387BA0103570700B306BA019385240562
:108390002398E40003D506002A9705872399E4046F
:1083A000239BA400EFA02EE683D6240505671307C0
:1083B00007C86373D700BA8613970601418319462D
:1083C0006373C70099463387B9012399D404139581
:1083D0000601835607001307301F41816374D700DD
:1083E0009306301F93950601C1811387150033074B
:1083F000A702239ED400B306B90183D606000987DD
:108400006353D7003687F64742074183B386B701E7
:108410002391E40283D60600865705662394D4028E
:10842000BE9D83D60D00130606C82397D402BA86D4
:108430006373E600B286139706014183294663738E
:10844000C700A9461397060141830A073347A702CD
:108450002391D4027D1763D3E5002E87050D239E5B
:10846000E400137DFD0F11886307041613141D002B
:10847000A29B83D60B00114763F3E600914623933A
:10848000D404229B03570B001396060141826373A9
:10849000E600368793160701C182114663F3C600D2
:1084A0001147931607012394E404C1821307500572
:1084B0003387E602A29A229A938544052187239561
:1084C000E40403C7840313672700238CE40203D763
:1084D0000A002399E40003550A002A970587239A86
:1084E000E404239CA400EFA00ED283D644050567C4
:1084F000130707C86373D700BA8613970601418331
:1085000019466373C7009946239AD404A299139518
:10851000060183D609001307301F41816374D70019
:108520009306301F93950601C18113871500330709
:10853000A702239FD4002299835609000987635319
:10854000D7003687F64742074183A2972392E40279
:1085500083D60700865705662395D4023E9483563A
:108560000400130606C82398D402BA866373E60093
:10857000B28613960601418229476373E600A94635
:108580001397060141830A073347A7022392D402B7
:108590007D1763D3E5002E87239FE40063900C02D0
:1085A00063080C0403D704052399E40403D7A4014A
:1085B000239EE40003D704022391E40283A78408E6
:1085C0008297F9BE83C674000547E395E6C4C1BE31
:1085D00023860406ADB903D70405239AE40403D720
:1085E000A401239FE40003D704022392E4027DB791
:1085F00003D744052399E40403D7E401239EE40050
:1086000003D7440255BF41114AC0372900209307C0
:1086100089D6FC5F06C622C426C2130989D691CF2B
:10862000D84F9316170163DA0600B147B2402244CF
:10863000924402493E85410182800327090875D78B
:10864000AA8491EF02978D4775D19147231BF500BE
:10865000231CF5008547A3060504A305F50083C781
:10866000E4001D470324C9079D8BE380E7FC83C713
:108670000400858BADCF5C4C898BC5FB03C7040020
:108680009147937667006397F6008326490DC547A7
:10869000C18AC9DE058B15E383C71400194693858B
:1086A00034002302F40C83C724001305640CA302D6
:1086B000F40C9780F91FE780A0B683C7040023015C
:1086C000F40883D7A4002312F40883D7C40023132B
:1086D000F40883C7E400A301F408FD57A30EF406D1
:1086E0005C4CC59B93E727005CCC814781B75C4C11
:1086F000898BC9D70347440C83C71400E317F7F2EB
:108700000347540C83C72400E311F7F219469385FD
:1087100034001305640C9780F91FE780E0BB054720
:10872000AD47E31AE5F419B7B727002083A747DE62
:10873000314585C3DC4F13971701634C0700898BC4
:1087400089CB411106C6EF60FFCCB2400145410123
:10875000828082804111B727002022C403A447DE13
:1087600026C206C6B1443DC05C4CB1441397170104
:10877000634E07040357240C930420046318A704D2
:108780000345D407C59B5CCC230E04069307F00F6A
:108790006307F500EF90BDEAFD57A30EF40603450D
:1087A00014089307F00F6307F500EF905DE9FD579C
:1087B000A300F408BD67938707A60100FD17F5FF26
:1087C0008347B400814499C33C548297B240224409
:1087D0002685924441018280B7270020138787D6DF
:1087E0000347170015CB938787D6F84B19CB034760
:1087F000C70001CB494582804945F240624405618A
:108800008280F85F01C70347B7006DF783A70709A8
:1088100081C783C77700F9FF011122CCA304A1000F
:1088200032841305A100194606CE9780F91FE78010
:10883000209F28009780F91FE780E07D55DDA30089
:10884000850001455DBF37270020034727DB014531
:10885000B357F740858B91E345458280011106CEE1
:108860002EC632C436C23AC0EFC03E9235C9032389
:108870004505AA8731451378032063100806372879
:108880000020130888D683489804B245454563E61E
:10889000B80483C8C70A2246B3D8C84093F8180062
:1088A000638D08028328880D1397C8006357070259
:1088B0000348880402476362E80292462387C70A96
:1088C000A386B70AA387D70A11E2014713630310EF
:1088D0002388E70A23AA67040145F24005618280E4
:1088E00013052004DDBF011106CE2EC6EFC0FE89A0
:1088F0001307200401CD7C49314793F6270099C620
:10890000B24589C993E707207CC90147F2403A85FF
:108910000561828093F7F7DFC5BF797106D62ECE49
:1089200032CC36CA3AC83EC6EFF00E9B094831C574
:108930006246F2451303F00F4948B388C500634E01
:10894000130363ECC5024247D246B388C540338364
:10895000E60063C468020348A516B247A305B5162E
:1089600013684800230505172306C516A306D51668
:108970002307E5162318F5160148B25042854561D4
:108980008280411122C42A840355050006C6EFF0F7
:10899000AE9489471DCD03063400C947634BC0021E
:1089A00083052400130710FA63C5E502030754008A
:1089B000994663C0E60283064400415863CB060132
:1089C0002301B516A301C516230FD514A30FE51473
:1089D0008147B24022443E8541018280011106CE8A
:1089E0002EC6EFF06E8F31C90347A516AA87314511
:1089F000937647009DCAB24585CD838607161367D7
:108A000017002385E7161307F0070145639FE6006B
:108A100003A7470A9316B70063C90600B7061000FC
:108A2000558FA382071623A2E70AF24005618280D0
:108A3000799B2385E7160145CDBF0945FDB7011197
:108A40004AC84EC652C406CE22CC26CAAE89328A45
:108A50003689EFF06E8879C5B7270020938767A91C
:108A6000631E0A0005472380E7000145F240624487
:108A7000D2444249B249224A0561828083C6070036
:108A800005472A846395E600238007008949B7E7F4
:108A900000E084433707200023A0E718F98C0F106B
:108AA00000004165130545F5EFF0AE8421CD834705
:108AB000A5002315F50083278411A9E3232CA41016
:108AC000232EA410930710F87919232005002316EC
:108AD0004501A304F5002304350123222501834722
:108AE000940285450145B395F500C205C181EF901B
:108AF0008DE6B7E700E023A0971085BF8327C41158
:108B000088C37DBFB727002083A747BC91C7956561
:108B10009385555505458297B7E700E023A0971048
:108B20001D45A9B7094599B76F90DE886F901E8DD6
:108B30006F90DE916F903E976F901E9D6F90DEA9B3
:108B40006F901EA16F90BEA482806F903EAD0343D4
:108B500001001AC06F80DEEB6F803EF86F906E816F
:108B60006F902E876F904E8D6F904E936F900E99F1
:108B70006F90EE9C03530100035E4100834E810021
:108B80001AC072C276C46F908EA16F90CEB36F90F0
:108B90002EBF03530100034E4100834EC10093F8E2
:108BA000F80F1378F80F76C672C21AC06F90CEC253
:108BB0006F904ED26F90CEDB6F906EE76F902EEB82
:108BC0006F908EEE6F90CEF36F904EFA828082801F
:108BD00079719397050126D206D622D44AD04ECE7B
:108BE000C187AE8463D00720B729002003C519FAD6
:108BF000EF90CD952A8415C5034705009307000D16
:108C0000631EF7008347250011476365F7028D4611
:108C100063FCD710ADC70947638FE7082285EF9043
:108C2000CD862165258DB250225492540259F249C5
:108C300045618280CD46E3E3D7FE5147637FF7125B
:108C4000138757FE1377F70F8546E3E9E6FCB7264F
:108C5000002003A786F77D761306F60F718F034673
:108C60001500631E06166D466398C7161367071036
:108C700023ACE6F683A786F737050002A1A2834757
:108C8000150037290020639F0726930535003725F7
:108C900000201946130585FB9770F91FE78040589F
:108CA0008547232CF9F6854503C519FAEF90ADCA1F
:108CB000032589F7B9A883461500034735009DEEC3
:108CC0006313F70237270020832787F78145014583
:108CD00093F7F7F093E70702232CF7F6EFE03DC890
:108CE000A300A40025BF8547814501456315F70012
:108CF000EFE0FDB5F5B7EFE09DA4DDB7E300F7F2D7
:108D0000B727002003A587F741991365650023ACB9
:108D1000A7F6B727002083A787A9E38107F09C4324
:108D2000E38E07EE8297DDBD37290020032789F700
:108D300003461500419B1DEE6395D702136727007C
:108D4000232CE9F637270020834787F59396870180
:108D5000E186E3DF06F493F7F707230CF7F4894580
:108D6000A1B7B7270020238A07F413673700232C05
:108D7000E9F63DBF13676700DDBF372900200327F1
:108D800089F7034615001377F7F021E6639ED702B3
:108D900013670701232CE9F6372700208347F7FBE9
:108DA00093968701E18663DB060003C519FA93F702
:108DB000F7079145A30FF7FAEF90EDB9832789F7ED
:108DC000370500015D8DB1B713670702232CE9F663
:108DD000F5B713670703DDBF1367072051BD13679E
:108DE000073079B593F71500C9C7B727002083C7A7
:108DF00047F5ADCFB727002083C767F5B72500201B
:108E00009385C5F52302F100B727002083C7C7F774
:108E1000130561001946A302F1009770F91FE7805E
:108E20002040B727002083C757F54C002306F100E8
:108E3000B727002083C747FBA306F100B727002010
:108E400003C517FAEFE00DC315C1B727002003A52E
:108E500087F741991365650023ACA7F6B727002073
:108E600083A787A981C79C4391C3829713C5140028
:108E70005DBB93F72500A9C3B727002083C787F5FB
:108E8000858B85CBB727002003C517FAEFE0CDEF20
:108E90000DC1B727002003A587F71375F5F023ACA4
:108EA000A7F6B727002083A787A981C79C4391C352
:108EB000829713C5240085BB93F745000145E384E1
:108EC00007D6B727002083C7F7FB95CBB72700202D
:108ED00003C517FAEFE00DEF1DC13727002003256A
:108EE00087F7FD779387F70F7D8DB727002083A73E
:108EF00087A9232CA7F681C79C4391C3829713C5EA
:108F0000440015B39947232CF9F65DB3B727002029
:108F100083A787F785E709C5B727002023ACA7A853
:108F2000B72500203725002083C505FA034515FA2B
:108F300081470147814601466FF0DD8445458280C7
:108F4000B727002023ACA7A88280411126C2B724EE
:108F5000002022C403C414FA06C69307F00F630866
:108F6000F4006145B2402244924441018280379529
:108F70000600130505BDEF903DA0A380A4FAE3020F
:108F800085FEB727002023AC07A8B727002023AC15
:108F900007F60547B72700202380E7FAB727002008
:108FA0000D47238BE7F4B7270020238E07F61D47D4
:108FB000B7270020A38AE7F4B7270020238A07FAFF
:108FC000EFB05DFA014579BF01119397050126CAFB
:108FD00006CE22CC4AC84EC6C187AE8463D1071ADA
:108FE000B727002003C5C7A9EF805DD62A8411CD1D
:108FF00083470500130710096382E7021307000D7A
:109000006384E70A2285EF805DC82165258DF240E3
:109010006244D2444249B2490561828083471500C7
:109020003947639BE702035745008567938757409D
:10903000E31AF7FCB727002083A707AAE1D79443D8
:10904000F1D21845834727000345170083053700F1
:10905000A2075D8D82967DB71307E003E394E7FADC
:10906000034725009D47E31FF7F803554500EF50E0
:109070000E9849D90347C500A147E315F7F8B7276C
:10908000002083A707AABDDF9C47ADDF0356A400DD
:1090900083556400035544007116F1154206C2055C
:1090A0004182C1818297B9BF834725001547638BF1
:1090B000E70A636DF70085C7B727002083A707AAD3
:1090C000B1D3DC43A1D3228582972DBF1947638595
:1090D000E7003147E392E7FEEF101060F1BF8347EE
:1090E0001500F9FBB727002083C777F5B9E3B7254B
:1090F0000020372900204146938545FA130509F8D9
:109100009770F91FE780401DB72900201DED130659
:1091100009F8C1450945EF901DFE138609F9C145BF
:109120000D45EF905DFDB727002003C5C79EEF906A
:10913000BDF737250020194693053400130585FB3C
:109140009770F91FE780C00D85BFB7250020414605
:10915000938545F6138509F99770F91FE780C017C5
:109160005DD5C1BF83471500A1FB0356A50093053C
:10917000450003453500A146EF10A05335BF939736
:1091800015010145E3D507E8372600201306C6ADD3
:1091900091451145EF903DF6B727002003C5C79EC6
:1091A000EF909DF011659DB50111B727002006CE07
:1091B000238FA7D491C52E8532C6EF104044324686
:1091C00009C6B727002023A0C7AAB727002083C756
:1091D00077F595EB3726002037250020F24003462F
:1091E000A6F50345C5A9B727002037270020B726D5
:1091F00000209387C7AD130707F9938606F8A145AA
:1092000005616FF02DD8F240014505618280B727D6
:10921000002083C7C7A90111A302A1002303B10045
:10922000A303C10028001946B68506CE2302F1002B
:109230009770F91FE780C0FE4800EFD07DA0F24094
:1092400005618280B727002083C7C7A90111A30643
:10925000A100680006CE2306F1002307B100A30792
:10926000C100EFD0FD8FF24005618280B72700205A
:1092700003C5C7A96FD0FD8AB7270020238FA7FA9F
:10928000B727002003C717FA9307F00F630CF70006
:10929000B72700200547A38BE7F4B7270020314705
:1092A0002380E7FA8280B727002083C717BD01110A
:1092B00006CE22CC26CA4AC84EC691EBE144F24003
:1092C000624426854249D244B2490561828037957D
:1092D0000600130585FC37240020EF90EDE9130408
:1092E000C4A92300A4001307F00FE309E5FCB72786
:1092F000002021472380E7FAEFF01FF8B72700206E
:1093000083C777F58144C5FFB7290020138609F884
:10931000C1450945EF907DB337290020130609F9AF
:10932000C1450D45EF907DB237250020938509F8A2
:109330004146130545FA9770F91FE78060EE37251F
:109340000020930509F94146130545F69770F91F6A
:10935000E78000ED372600201306C6AD9145114584
:10936000EF90BDAE03450400EFB0DDBF89BF13072A
:10937000050383570500110593C7F7FF231EF5FE6C
:109380008347E5FF93C7F7FF230FF5FEE313E5FEE1
:109390008280411119469305F00F06C622C42A8423
:1093A0009770F91FE780E0EE1305640019469305F6
:1093B000F00F9770F91FE780C0EDB240231604004C
:1093C0002328040023070400224441018280994796
:1093D0003305F50279717000D14506D613050520D5
:1093E000EF90BDA611E503458101B2504561828031
:1093F0000145E5BF011122CC26CA4AC84EC652C457
:1094000006CE8144014437290020B7290020514A63
:10941000834789AA636BF400F2406244268542497F
:10942000D244B249224A056182803305440383A7AE
:10943000C9F419469305F00F3E959770F91FE78020
:1094400040F001E5850493F4F40F05041374F40F60
:10945000C1B7011122CC26CA4AC84EC606CE014465
:10946000B724002037290020D14983C784AA636B21
:10947000F4003E842285F2406244D2444249B2491B
:1094800005618280330534038327C9F419469305A7
:10949000F00F3E959770F91FE780A0EA61FD050483
:1094A0001374F40FD9B7411122C4372400201304D8
:1094B00044AC084006C609C5EF802DFD23200400FA
:1094C000B727002003C787AAB2402244B72700204D
:1094D0002383E7AA41018280B727002083C767AAB8
:1094E0001971A2DC86DEA6DACAD8CED6D2D42A84F6
:1094F0006392A702B7240020938494AA03C50400B2
:109500008545EF80DDC903C504008945EF803DC96D
:10951000EFF07FF993140401C180194933892403C2
:109520000A86D145930909204E85EF901D9219C9ED
:1095300001442285F6506654D6544659B659265AE7
:109540000961828019469305F00F0A859770F91F0B
:10955000E78020DF71FDD1473304F402372A002071
:109560000325CAF42295EFF0DFE24808714693051F
:10957000F00F9770F91FE780C0D108181306000399
:109580009305F00F9770F91FE780A0D00326CAF467
:10959000D1454E852296EF901DB650082A84F1459C
:1095A00013051920EF903DB55008498CF14513057E
:1095B0002920EF905DB41374F40F5008498CC14515
:1095C00013053920EF903DB31374F40F5008498C04
:1095D000C14513054920EF901DB21374F40F5008D4
:1095E000498C914513055920EF90FDB01374F40F89
:1095F000498C1D651018930500032695EF90BDAFAB
:10960000B72700201374F40F498C03C5C79E137449
:10961000F40FEF907DA931BF411122C426C206C6C6
:1096200001450144B724002083C784AA6373F40072
:1096300011C5B24022449244410182802285050432
:10964000EFF09FE91374F40FC5B7011122CC26CABD
:109650004EC652C406CE4AC80144EF902EA6B72982
:109660000020514AB724002083C789AA636AF40006
:10967000F2406244D2444249B249224A05618280A2
:109680003309440303A5C4F419469305F00F4A9522
:109690009770F91FE780E0CA01E983A5C4F4CA9571
:1096A00003C5F500EF90CEA105041374F40F6DBF50
:1096B000397122DC26DA4ED652D456D206DE4AD88A
:1096C0000144EF902EA3B7290020514AB72400206F
:1096D000994A83C789AA636BF400F2506254D2544A
:1096E0004259B259225A925A216182803309440365
:1096F00003A5C4F419469305F00F4A959770F91F16
:10970000E78020C41DE5330554030A86C1451305CF
:109710003520EF908DF31008C1450945EF90EDF22B
:1097200083A5C4F414080A86CA9503C5F500EF9012
:109730002E9C05041374F40F69BF011106CEEFF0DF
:109740007FCB0547A9476373A70089471306F1003C
:1097500085451545A307F100EFE05DE6F2400561A0
:109760008280011122CC26CA4EC652C456C206CEF1
:109770004AC80144B7290020514AB7240020994A19
:1097800083C789AA636AF402B727002083C757AA50
:1097900099C3EFF09FEBB727002083C747AA99C36F
:1097A000EFF01FF16244F240D2444249B249224AEA
:1097B000924A05616FF07FF83309440303A6C4F4AD
:1097C000D145330554034A9613050520EF90EDE784
:1097D00011C503A5C4F44A95EFF0BFBB050413748B
:1097E000F40F79BFB727002083C597AA035525003A
:1097F0006F005EB59947B385F502397122DC26DA30
:109800004AD806DEA147AA843289138425206384BE
:10981000F600138415207146814548083AC69770B2
:10982000F91FE78000A75008F1452285EF90EDE190
:109830000DE18347E102A5463247E51793F7F70F9D
:1098400063E9F600BA865008937519002685EFB0D3
:10985000CDDFF2506254D254425921618280797135
:1098600022D426D24AD0AE842A8932848145130676
:1098700000020A8506D69770F91FE78080A1B727F6
:10988000002083C7179F23102101230EF100835767
:1098900081015DC837270020034757ABF99BB725E7
:1098A00000202302E10037270020034777AB414621
:1098B0009385C5B1A302E10037270020034767ABBA
:1098C0001305610093761700D58FF59B93762700DB
:1098D000D58FED9B93764700D58F9316470093F66F
:1098E000061093F7F7EFD58F9316470093F60620EF
:1098F00093F7F7DFD58F12071377074093F7F7BF7A
:10990000D98F231CF1009770F91FE7806091B7276A
:10991000002083C747AB13F7170001CB99C4035747
:10992000810113672700231CE10003476101A28521
:109930000A85D98F230BF100EFB0EDC2B25022544B
:109940009254025945618280372700200347C7AAF5
:10995000F99BB72500202302E100372700200347A9
:10996000E7AA41469385C5B0A302E100372700204E
:109970000347D7AA1305610093761700D58FF59B8F
:1099800093762700D58FED9B93764700D58F93165E
:10999000470093F6061093F7F7EFD58F931647001D
:1099A00093F6062093F7F7DFD58F1207137707405A
:1099B00093F7F7BFD98F231CF1009770F91FE78049
:1099C0002086B727002083C7B7AAB1B7011122CCE0
:1099D00026CA4AC84EC652C406CE2A890144B724B4
:1099E0000020B7290020514A83C784AA636CF40081
:1099F0003E842285F2406244D2444249B249224A1E
:109A0000056182803305440383A7C9F41946CA85DA
:109A10003E959770F91FE780208C61FD0504137453
:109A2000F40FD9B71D71A2CC37240020832744AC92
:109A3000DAC05EDE86CEA6CACAC8CEC6D2C4D6C238
:109A400062DC66DA6AD82A8BAE8B130444AC9DE7DD
:109A500019E1054595A2F5DDEFF05FF7B727002086
:109A6000B724002083C787AA938464AA2380A40014
:109A70006366F500EFF0FF9D2380A400B72400206B
:109A8000372A002003C564AA83478AAA938464AA5C
:109A9000130A8AAAE37FF5FA1C40639D07128149E5
:109AA000FD5A0149514D372C00202DA86389E90248
:109AB000B38CA9030325CCF419469305F00F6695E2
:109AC0009770F91FE780E08719E98327CCF4E697C0
:109AD0009C4B6373F9003E8963F35701BE8A850985
:109AE00093F9F90F83470A0003C70400E3E0F9FC88
:109AF000B30A594163D90A0481490149D14CB72AB3
:109B0000002025A86388E902338C990303A5CAF4D1
:109B100019469305F00F62959770F91FE7806082F0
:109B200011E983A7CAF4E2979C4B63C507006373EE
:109B3000F9003E89850993F9F90F83470A0003C7A5
:109B40000400E3E1F9FC03C5040099470509330566
:109B5000F5025A86D14523282B0113050520EF90E5
:109B60008DD9130600039305F00F0A859760F91F3E
:109B7000E780207203C504009D670A8693050003F1
:109B80003E95EF904DD783C70400514537270020FD
:109B9000B387A7020325C7F45146DA853E9597603F
:109BA000F91FE780E06723207401B727002003C571
:109BB000C79EEF906DCF0145F6406644D6444649B6
:109BC000B649264A964A064BF25B625CD25C425D1D
:109BD000256182809047814709CE99473305F50278
:109BE000F14513051520EF900DD11C4023A407006B
:109BF00085471840104B19CE03C504009947F1451D
:109C00003305F50213052520EF90EDCE1C4023A867
:109C1000070085471840504B19CE03C504009947EB
:109C2000C1453305F50213053520EF90CDCC1C401E
:109C300023AA07008547184050471DCA03C50400E2
:109C40001949C1453305250313054520EF90ADCAD9
:109C500003C504001C40914533052503D047410648
:109C600013055520EF902DC91C4023A6070035BFD2
:109C70008DFFB727002083C757AA99C3EFF0FF9C39
:109C8000B727002083C747AA99C3EFF07FA2EFF060
:109C9000DFAAC1B3B727002083C787AA797122D46E
:109CA00006D626D209446376F50285C59947330561
:109CB000F502AE847000D14513050520EF90ED98B4
:109CC0002A8401E919466C0026859760F91FE78010
:109CD00020552285B2502254925445618280011150
:109CE00022CC06CE2A842EC632C4EF404ED01DC9E7
:109CF0000347C500A1472246B2456310F702B727C4
:109D0000002083A787AC99CF03A34700630C03000F
:109D100022856244F24005610283B727002083A7B1
:109D2000C7ACD5B7F240624405618280797122D414
:109D300019443304850226D27000AE84D14506D67C
:109D4000130404202285EF904D9001C98144B25044
:109D50002254268592544561828019469305F00F5E
:109D600068009760F91FE780C05D6DF103578101BE
:109D70009377D70F89C49377F70F93E72700C2072C
:109D8000C1838544E305F7FC7000D1452285231C7F
:109D9000F100EF904DB6B727002003C5C79EEF90A6
:109DA000ADB075B71D71A2CC2A8419453305A40244
:109DB000A6CACAC8B2842E897000D14586CE1305C2
:109DC0000520EF908D8801C90145F6406644D644D0
:109DD00046492561828019469305F00F6800976017
:109DE000F91FE78000566DF19D673E9410109305B2
:109DF00000032285EF906D8519C10545F9B708105C
:109E0000EFF0EFD66318090413060003814508102C
:109E10009760F91FE780E0526DF11306000381455A
:109E200008109760F91FE780C046B7270020054754
:109E30000810238EE7AAEFF08FD3101093050003CC
:109E40002285EF904DABB727002003C5C79EEF904A
:109E5000ADA565B71C109008BE8683D50600368771
:109E6000638125039106E31AD6FE0145B9DC83D64A
:109E700007003E8789C69107E31BF6FEB1B7239022
:109E8000270183472700E38A97F623019700D1FC37
:109E90002310070059BF011126CAB72700207D579C
:109EA000B724002022CC4EC606CE4AC852C4A38492
:109EB000E7AA938744B903C5E700D14737240020B8
:109EC0003305F502B729002093052004230404AAD2
:109ED00023A609F4130484AA9760F91FE78080166B
:109EE00023A6A9F40DC5138944B98347E900814429
:109EF000514A2300F4008347040063E6F412032769
:109F00008900B7270020630B0712238807F4034753
:109F10000400B727002005442383E7AAB7270020C1
:109F200023A207ACB72700202389879E372500206E
:109F3000B7270020A38A07AA4146B72700208145FA
:109F40001305C5B1A38B07AA9760F91FE78060349A
:109F5000B727002093047007238A07AAB727002099
:109F6000238B97AAB727002023AC07AAB727002086
:109F7000A387879EB7270020A38507AA372500203F
:109F8000B7270020238607AA4146B727002081452E
:109F90001305C5B0238707AA9760F91FE780602FD4
:109FA000B7270020A38697AAB727002023A807AACF
:109FB000B7270020238507AA1547B7270020A386C7
:109FC000E79EB72700204147A388E79EB7270020D8
:109FD000238E07AA0947B72700202387E79EB727C4
:109FE000002023A607ACB727002023A407ACB7277F
:109FF0000020A38207AAB7270020A38307AAB727B8
:10A0000000202386879EB7270020A389879EB72735
:10A0100000202388879EF2406244D2444249B249DC
:10A02000224A05618280B387440303A5C9F48504ED
:10A0300093F4F40F3E95EFF0CFB575BD130700F81C
:10A040002388E7F4E9B51971A2DCCAD8D6D2DAD0F0
:10A05000DECEE2CCE6CA86DEA6DACED6D2D4014483
:10A06000B72A0020514B37290020994B1D6CB72C83
:10A07000002083C78AAA6363F402F6506654372728
:10A0800000202303F7AAD6544659B659265A965AA1
:10A09000065BF64B664CD64C09618280330A64033A
:10A0A0000325C9F49319040193D909010504137414
:10A0B000F40FB38479035295EFF0AFAD7146930579
:10A0C000F00F48009760F91FE780A01C13060003FB
:10A0D0009305F00F08109760F91FE780801B032697
:10A0E000C9F4D145138504205296EF90CD805000DD
:10A0F000F14513851420EF900D805000F145138534
:10A100002420EF805DFF5000C14513853420EF808F
:10A110009DFE5000C14513854420EF80DDFD5000B9
:10A12000914513855420EF801DFD10109305000309
:10A1300033858901EF803DFC03C5CC9EEF80DDF6C1
:10A140000DBF930705C04111C20722C406C6C183D3
:10A15000130720022E846369F71237D706008A0797
:10A16000130787D7BA979C438287B727002083C7F6
:10A17000279F2300F4001DA8B727002083C747AB03
:10A1800089873DA8B727002083C757ABDDB7B7271E
:10A19000002083C777ABF1BFB725002041469385E8
:10A1A000C5B122859760F91FE78080078147B240DB
:10A1B00022443E8541018280B727002083C747ABF8
:10A1C000858B45BFB727002083C767AB5DB7B7272F
:10A1D000002083A787AB1CC0D1BFB727002083C74F
:10A1E000F79E41BFB727002083C7B7AA51BFB72743
:10A1F000002083C7C7AAB5BFB727002083C7E7AA37
:10A200008DBFB725002041469385C5B059BFB727FC
:10A21000002083C7B7AA6DB7B727002083C7D7AA86
:10A2200089BFB727002083A707AB75B7B7270020E2
:10A2300083C7A7AA3DBFB727002083C7D79E15BFF6
:10A24000B727002083C7179F2DB7B727002083C7E4
:10A2500057AA05B7B727002083C747AA19BFEFF051
:10A260006F992300A40099B7B727002083C7079FE1
:10A2700009B7B727002083C747AB8D8791B7B727AA
:10A28000002083C7B7AAD5BF130700048947E3603E
:10A29000A7F2EFA0FDC52310A40009BF011106CE4F
:10A2A00022CC26CA4AC84EC652C456C2EFB00D9040
:10A2B00035E9B7240020938474AA03C704008547B6
:10A2C00001446301F704B7290020514AB724002054
:10A2D000854A83C789AA637BF4023309440303A731
:10A2E000C4F44A978347E700639A57012285EFF049
:10A2F000AF9E83A7C4F4CA9723870700050413748D
:10A30000F40FC1BFEFF04FB123800400EF904D87F1
:10A310006244F240D2444249B249224A924A05611B
:10A320006FF02FC4F2406244D2444249B249224AFB
:10A33000924A05618280797126D24AD04ECEB724E6
:10A34000002006D622D452CC56CA8947AE8932891B
:10A35000938484AA630BF5066361F5028D47630657
:10A36000F50C03C404002285B250225492540259C1
:10A37000F249624AD24A456182802E85EFF00FE5AC
:10A3800083C704002A84E370F5FEE30E09FC194636
:10A39000CE854A859760F91FE78080E8E9B73305E5
:10A3A00054038327CAF41946CE853E951905976054
:10A3B000F91FE78060F239ED05041374F40F83C7C9
:10A3C0000400E36EF4FC3E8479BF0144372A002088
:10A3D000D14AF5B705041374F40F83C70400E3747E
:10A3E000F4FE330544030A86C145130535204205B2
:10A3F0004181EF809DA579FD41469305F00F0A85C7
:10A400009760F91FE780E0F371F5CE850A85EFA02C
:10A410001DB669F183C70400E377F4F4E30509F49A
:10A42000CA852285EFF01F873DBF0144194A75B7E1
:10A4300079714AD006D622D426D22A8902CC231E8C
:10A440000100EF30DEDA31C1B72400209384F49E9E
:10A4500003C704008947630AF702930565002A844D
:10A46000034555003008EFF01FEDB727002083C7E4
:10A4700087AA6372F5022AC6EFE07FF5B2452A8605
:10A480000547A1464A85EFF0EFB6B25022549254E8
:10A4900002594561828083C7040091E795454A854A
:10A4A000EFA03DEEDDB70547E391E7FE834554009D
:10A4B00001464A85EFF0AFBAC9BF0111C1674AC86A
:10A4C00006CE22CC26CA4EC6FD172E89630CF50691
:10A4D000EF30FED12A84D14431CD93056500034588
:10A4E00055000146D544EFF01FE5B727002083C78C
:10A4F00087AA6376F500CA85EFF05F838144630B1A
:10A5000009022285EFF00FAE35A0CA852285EFF053
:10A51000FF8111C1814405041374F40F83C789AA14
:10A52000E365F4FE63080900379506001305457ED0
:10A53000EF30DEF4F240624426854249D244B2490B
:10A54000056182800144D544B7290020C1BF0111B3
:10A55000C1674AC84EC606CE22CC26CA52C4FD17D1
:10A560002E89B2896301F506EF307EC8D14439C126
:10A5700093056500034555000146D544EFF0BFDB68
:10A58000B727002083C787AA6376F5024E86CA855F
:10A59000EFF05F81814439A84E86CA852285EFF0AD
:10A5A0007F8011C1814405041374F40F83478AAA84
:10A5B000E364F4FEF240624426854249D244B24943
:10A5C000224A056182800144D544372A0020F9BF20
:10A5D000411122C437240020130494AA83450400A7
:10A5E000B727002023A6A7AC614506C6EFA0FDE56E
:10A5F000034504002244B24041016F109E9A41116C
:10A6000022C437240020130494AA83450400B727EA
:10A61000002023A4A7AC614506C6EFA01DE30345B7
:10A6200004002244B24041016F10BE97411106C69A
:10A6300022C426C29DE9AA85AA8437450F001305C6
:10A6400005243375A602EFA0BD8C2A8409C993079F
:10A65000E00F6306F50085452685EFA09DD2228593
:10A66000B2402244924441018280EFA09DD1014436
:10A67000FDB7411106C699E9B287B6852A863E859F
:10A68000EF407ED7B240014541018280EFA07DCFEF
:10A69000D5BFB72700209387279F03C707001367FD
:10A6A00007F82380E700B727002083C547AB6FA0DA
:10A6B0001DC25971A6D2B2845000CAD0D2CC86D65F
:10A6C000A2D4CECE2A89368A02C223140100EFF02A
:10A6D0009FC6B727002083C787AA6372F5102A8414
:10A6E000EFE0FFCE9147AA896312FA0EB727002048
:10A6F00003C7279F9146791713371700A285420495
:10A7000041801949330924034E862685EFF08F8E48
:10A710005146814568009760F91FE78080B7700057
:10A72000C1454209135909011305492042054181D8
:10A73000EF80ADF105E941469305F00F68009760A1
:10A74000F91FE78000C019ED130559204205700874
:10A7500091454181EF806DEF700093F519002685DA
:10A76000EFA09DBB1D6522954205101093050003C7
:10A770004181EF808DED15E10810EFE05FBF001023
:10A78000130901058355040091C50346240026855D
:10A79000EF000EB91104E31789FE93F929006389CC
:10A7A0000900B727002083C597AA2685EFF09DB939
:10A7B0009147631AFA04B727002003C7279F8947E8
:10A7C0006313F7042685EFF0DFEC35A8B7270020E8
:10A7D00003C7F79ED28679171337170005B7A1472D
:10A7E000E318FAFCB727002003C7F79E8947631CCC
:10A7F000F7000146CA852685EFF06F860146814540
:10A800002685EFF0CFCDB650265496540659F6491A
:10A81000664A014565618280B727002023A0A7F41E
:10A820008280011106CE2AC6EFF0EFE63245F240F3
:10A83000B7270020A384A7AA05616FE09FF21D71CE
:10A8400086CEA2CCA6CACAC8CEC6D2C4D6C2DAC0E8
:10A85000EF804E8AB727002083C7379F81CF0144FE
:10A86000372A0020D14A37290020194B83478AAA6A
:10A87000636CF400F6406644D6444649B649264A1D
:10A88000964A064B25618280B30954030325C9F417
:10A8900019469305F00F4E959760F91FE78060AA5F
:10A8A00021E9B30464035010F145138514204205D7
:10A8B0004181EF808DD90DED0347F1039307F00F30
:10A8C0006318F7021385342042055000C1454181C9
:10A8D000EF80ADD75008C1450945EF800DD78325DE
:10A8E000C9F454085000CE9503C5F500EF804E80A2
:10A8F00005041374F40F9DBF930705C05D71C20773
:10A90000A6C2CAC086C6A2C44EDE52DC56DA5AD8E7
:10A91000C183130720022A89B2846361F75A37D7AB
:10A9200006008A07130747E0BA979C43828785474A
:10A930006384F500614419A8834706000947E36B67
:10A94000F7FE372700202309F79E01442285B640F1
:10A95000264496440649F259625AD25A425B6161D2
:10A9600082808547E398F5FC83460600E3E4D5FC46
:10A9700037270020130747AB83470700E5C293E75B
:10A9800047002300F700D1B78547E395F5FA8347E1
:10A9900006001147E360F7FA37270020A30AF7AA59
:10A9A0006DB78547E398F5F883470600E3E4F5F8CB
:10A9B00037270020A30BF7AA49BFC147E39CF5F650
:10A9C000372500204146A6851305C5B19760F91FBC
:10A9D000E78000859DBF8547E39EF5F4834606002A
:10A9E000E3EAD5F437270020130747AB8347070076
:10A9F000F9C693E7170071B78547E39DF5F2034762
:10AA00000600B7270020238BE7AA81B79147E3937D
:10AA1000F5F21842B7470F009387F723E3ECE7F00E
:10AA2000B727002023ACE7AA0DB78547E394F5F0DC
:10AA3000834706000947E36FF7EE37270020A30797
:10AA4000F79E21B78547E397F5EE83460600E3E3DB
:10AA5000D5EE372700201307B7AA39BFED9B15B7EE
:10AA60008547E399F5EC834706001147E364F7EC6B
:10AA7000372700202306F7AAC9BD8547E39CF5EADE
:10AA800083470600E3E8F5EA372700202307F7AA03
:10AA90006DBDC147E390F5EA372500204146A68504
:10AAA0001305C5B025B78547E396F5E8834606004C
:10AAB000E3E2D5E8372700201307B7AA05BFF99BC3
:10AAC000C9B58547E398F5E603470600B727002098
:10AAD000A386E7AA9DBD9147E39EF5E41842B747D8
:10AAE0000F009387F723E3E7E7E4B727002023A8C5
:10AAF000E7AAA1BDE39005E4EFA05D8B01E9EFE0DB
:10AB0000BFB1EF80FD87EFE0DFC581B5B72700203B
:10AB10000547A383E7AA15BD9D47E39DF5E093850F
:10AB20001400194668009750F91FE780606F03C54D
:10AB3000040050086C00EFF01F80B727002083C787
:10AB400087AAAA840944E373F5E04808EF300EF3BE
:10AB500009E52685EFE05F986DB75147B384E402BD
:10AB6000B727002083A7C7F45944BE94854723879D
:10AB7000F400E9BB9D47639BF50A194693851400D1
:10AB800068009750F91FE780A06903C504000146DB
:10AB90006C00EFF04FFAB727002083C787AA6379CC
:10ABA000F5049944B30495025008F14593841420A8
:10ABB000C204C1802685EF804DA92A8405E91307C8
:10ABC000A04185476304E9009307F00F5008F14561
:10ABD0002685A307F102EF800DD2B727002003C519
:10ABE000C79EEF806DCCEFF09FC58DB30944E5BFE4
:10ABF000B727002083C707F50944E38907D437271F
:10AC000000209306A041834717F5631DD90093E701
:10AC1000170037250020A308F7F41D46A685130565
:10AC200045F46DB3F99BA308F7F405B38547E393A7
:10AC3000F5D0372700209306A041834717F5631509
:10AC4000D50093E72700C5B7F59BF1BFB7270020D4
:10AC5000A389079EEFF0BFBECDB9B72700200547F7
:10AC6000A389E79E0144372900209949130AF00F70
:10AC7000FD5A372B0020834789AAE37DF4FCB304F7
:10AC800034035008F145938414202685EF80ED9B12
:10AC900005E18347F102638D47015008F1452685A0
:10ACA000A3075103EF802DC50345CB9EEF80CDBF99
:10ACB00005041374F40FC1B78547E39DF5C68347B8
:10ACC0000600E3E9F5C6372700202305F7AAB5B942
:10ACD0008547E391F5C6834706002547E36CF7C433
:10ACE00037270020A306F79E8DB18547E394F5C46E
:10ACF00003470600A546930797FF93F7F70FE3EB8B
:10AD0000F6C2B7270020A388E79E81B18547E39369
:10AD1000F5C2B7270020938757AA0347060083C6CA
:10AD2000070001442380E700E39206C2E310B7C2A4
:10AD3000EFE03FA321B98547E39EF5BEB72700208A
:10AD4000938647AA03C7040003C60600138447AAD4
:10AD50002380E60009E66314B700EFE09FA00345F7
:10AD60000400EF707EB9D5B68547E395F5BC8347FF
:10AD700006000D47E360F7BC372700202307F79E46
:10AD8000E9B68547E398F5BA03470600B7270020E0
:10AD90002386E79E5DBE0545EF800DB17DB68547F4
:10ADA000E39AF5B803470600B72700202388E79EFB
:10ADB00069BE93074002E39FF5B603C51400014640
:10ADC00093852400EFF02FD7B727002083C787AAE9
:10ADD000E372F5B619443304850203C70400A147A2
:10ADE0001374F40F6312F70409041374F40F42048C
:10ADF00041805008F1452285EF802D85E31C05B286
:10AE00009385840048086D469750F91FE7804041BC
:10AE10005008F1452285EF800DAEB727002003C50D
:10AE2000C79EEF806DA839B60504C1B7B7270020CB
:10AE300003D747BA930740046D44E3F9E7B0854769
:10AE4000E39AF5AE83470600E3E6F5AE8DC3B72778
:10AE5000002083A707F45544E38A07AEB7270020F4
:10AE6000938747AB03C707001367870001A8B7277D
:10AE70000020938747AB03C707005D9B2380E70053
:10AE8000E9B4B727002003D747BA930740046D44BD
:10AE9000E3FEE7AA8547E39FF5A883470600E3EBB7
:10AEA000F5A8F1D7B727002083A707F45544E38F0F
:10AEB00007A8B72700209387B7AA6DB793070004A8
:10AEC0000944E3E527A9E39385A883D504004A85CF
:10AED000EFA0ADD72A849DBC1D7186CEA2CCA6CA98
:10AEE000CAC8CEC6D2C4D6C2DAC05EDE62DC66DABA
:10AEF000834725005147E91793F7F70F636AF70275
:10AF000037D706008A07130707E9BA979C432A84B4
:10AF100082878354A5000346C5008346D500268555
:10AF200032C636C4EF30AEACAA87A246324619E12B
:10AF300085448DAA03C7C700A14713053400631CCD
:10AF4000F702B727002083A787ACA68589C79C4353
:10AF500099C38297F1BFB727002003A507ABEF90F5
:10AF60003DFB79D59307E00FE304F5FC8545268585
:10AF7000EFA02DC175BFB727002083A7C7ACA6855A
:10AF800099C39C43F9F7B727002003A587ABC1BF3E
:10AF90008355A5002E852EC4EF306EA5AA8749D90A
:10AFA00003C7C700A147130534001306C400930666
:10AFB000C401A245631BF700B727002083A787AC15
:10AFC000A5DB9C47B5D78297A5B7B727002083A7F5
:10AFD000C7ACFDB7034915006310091E8347650020
:10AFE000858B638C071CB727002083A747AC63962B
:10AFF000071C8145514668089750F91FE780602972
:10B000004C48DDCD83C765011946C105A305F10292
:10B0100068089750F91FE780A02083476400035712
:10B02000810268088987858BD98F2314F102B724A0
:10B030000020EFE0BF9983C784AAB72900202383AB
:10B04000A9AA938484AA938969AA6366F500EFE0AC
:10B050004FC02380A90003CA040083C7090063E42A
:10B060004703B727002083C7079F91C7054763970A
:10B07000E706EFE05FFDB727002083A747BC81C745
:10B08000854521458297A2856808EFE0BF99AA848B
:10B09000554963140512B727002003C597AA8945AF
:10B0A000EF706D8BF640664426854649D644B64916
:10B0B000264A964A064BF25B625CD25C256182802E
:10B0C000035544008544EF308E9269DD8347550077
:10B0D000194693056500A305F1021DBF0947E39CCE
:10B0E000E7F881497D5B814AD14CB72B002025A828
:10B0F000338C990303A5CBF419469305F00F6295A1
:10B100009750F91FE780E02301ED83A7CBF4E29786
:10B110009C4B63F3FA00BE8A63F467013E8B4E8A50
:10B12000850993F9F90F83C70400E3E3F9FCB38AB7
:10B130006A4163D70A04FD59D14BB72A0020370C66
:10B1400000801DA8330B790303A5CAF419469305A3
:10B15000F00F5A959750F91FE780A01E19E983A7B1
:10B16000CAF4DA979C4B6376FC0063F43701BE891E
:10B170004A8A05091379F90F83C70400E364F9FCCF
:10B1800083C70400E379FAEED144B3049A02372965
:10B1900000200325C9F42695EF304E8E19E552851F
:10B1A000EFE08FB3EFE0EFDBF9B58327C9F4BE948E
:10B1B00085472387F400C1B50149034614000355B0
:10B1C00044008545EFE0BFB1E30409D64A868D45CA
:10B1D00003554400EFE0BFB0A1BB034715009947FA
:10B1E000631CF70203554500EF306E80AA840DC53D
:10B1F000B727002083C7E79E09476389E7020D4709
:10B200006380E70205476399E700834555000355CE
:10B2100044000146EFE0AFE40346140089454DBF0A
:10B220000146814513050041EFF00FED83554400C1
:10B2300003C504001546EFA0AD97F9BF930545007F
:10B24000034535000146EFF00F8FB727002083C775
:10B2500087AAE37FF5CC99473305F5021306C400AE
:10B2600091451305552042054181EF70DDE8B72770
:10B27000002003C5C79EEF703DE35DB9B7270020EE
:10B2800083C7A7AA0355450091C7B727002083C5E8
:10B29000D79EF9B9B727002083C7279F99E3954523
:10B2A000C1B9EF20DEF4AA84E30405C88347A400F3
:10B2B000858B95CB03455500854763F6A7028357D9
:10B2C000C40093F7072085E3700893856400EFF0CE
:10B2D0008F86B727002083C787AA6396A7008D456E
:10B2E0000355440071B183C554000355440013064F
:10B2F0008400EFE0CFD601468145D9BD0355450016
:10B30000EFF00F9335B103554500EFE03FF9B72754
:10B3100000209387279F03C707001377F707238031
:10B32000E70039B179719397050122D406D626D268
:10B330004AD04ECE52CCC1872E8463D7070AB72796
:10B34000002003C597AAEF607DA0AA8431C583477A
:10B3500005001307100B638CE7041307000D6387C8
:10B36000E7021307000B6396E70203474500F9471E
:10B370006317F700035525008145EFF00F9483C54F
:10B38000440013858400EFE08D8D21A0EFF0DFB441
:10B3900001C52685EF607D8FA164A18CB250225437
:10B3A000268502599254F249624A45618280834758
:10B3B0004500E5F3035685008355650003552500D8
:10B3C000372900201309C9AB23000900EFF02F989B
:10B3D00083470900DDDFB727002003C5C79E230090
:10B3E0000900EF707DCC75B793F725009DC38145AB
:10B3F0000145EFE02FE3B727002093442400938713
:10B4000097AA854511E1894503C50700EF60BDD4C2
:10B4100071B793F715006381070EB729002083A742
:10B4200049ACB7240020938949AC03DA470083A7CD
:10B4300004AC938404AC85E33727002037D606009C
:10B44000C165130707AD894613068612FD1505452C
:10B45000EFF01D9588C08C40134414008DED83A738
:10B4600009000146854503D5470093140401C180B6
:10B47000EFE0FF8683A7090001468D4503D547000D
:10B48000EFE0FF85B727002003C5C79EEF70DDC141
:10B49000EFE06F8121B737290020035609AD9308EB
:10B4A000F00F094881471307E10074005285EFF05F
:10B4B000DDE5130909AD11ED0346D1008347C10055
:10B4C00022065D8E19C69C40528583D5A700EFF0F9
:10B4D0000F88884003560900C1658146FD15EFF0CD
:10B4E000BDD688C093140401C18035D9B727002088
:10B4F000854503C597AA19BF93F745008144E38F9B
:10B5000007E893C4450059BD93970501C18763D9E6
:10B510000706B727002003C517FA411122C426C227
:10B5200006C6AE84EF609D822A8421C503470500CC
:10B530009307000D631CF7028347250099EF8347AB
:10B54000150081EF930535003725002019461305B6
:10B5500085FB9750F91FE780A0CCB727002083A771
:10B5600047AD89C79C4399C3228582972285EF60A6
:10B57000CDF1B24022442165258D92444101828063
:10B580000145828009C5B727002023AAA7AC37262A
:10B590000020372500200346A6F5034515FA81470C
:10B5A0000147814689456FD0ED9DB727002083C7AD
:10B5B00017FA0111A306A100680006CE2306F100C8
:10B5C0002307B100A307C100EFB08DD9F240056198
:10B5D0008280B727002003C517FA6FB08DD44111C0
:10B5E00026C2B724002022C403C414FA06C6930757
:10B5F000F00F6308F4006145B240224492444101D7
:10B60000828037B5060013058550EF70EDB6A38034
:10B61000A4FAE30285FEB727002023AA07AC094756
:10B62000B72700202380E7FAEF90DD930145E9B7C3
:10B6300083462500F14763E7D72E37D70600939757
:10B640002600130747EEBA979C43011122CC06CE81
:10B6500026CA4AC84EC62A848287834715003729DE
:10B660000020C5EBB7250020B72400204146938574
:10B6700045FA138504F89750F91FE780E0C5B7290C
:10B6800000203DE9138604F8C1450945EF70BDA6C9
:10B69000138609F9C1450D45EF70FDA5B7270020B8
:10B6A00003C5C79EEF705DA03725002093053400C9
:10B6B000130585FB19469750F91FE78060B685474B
:10B6C000232CF9F6B727002003C517FA8545EF604C
:10B6D0009DA8032589F7B727002083A787ADB5C7A5
:10B6E00003A3070063030306A2856244F240D24429
:10B6F0004249B24905610283B7250020414693853E
:10B7000045F6138509F99750F91FE780E0BC3DD94C
:10B7100061BF9947232CF9F66DBF03471500834796
:10B72000350031E709476399E7023727002083276F
:10B7300087F78145014593F7F7F093E70702232C3C
:10B74000F7F6EFC0CDA1A300A400F2406244D244BA
:10B750004249B249056182800547814501456395AB
:10B76000E700EFC0CD8EC5B7EFB07DFDE9BF09475B
:10B77000E38DE7FCB727002003A587F74199136500
:10B78000650023ACA7F681BF83471500B7240020CE
:10B79000BDEB8D47639AF60437270020834787F572
:10B7A00093968701E18663DD060093F7F707230C84
:10B7B000F7F4B727002003C517FA8945EF60BD9954
:10B7C00083A784F7914613F7F7006318D700C19B4E
:10B7D00093E7570023ACF4F6B5A08946E307D7F604
:10B7E000C19B93E72700FDB703A784F7B727002085
:10B7F000238A07F49546937707FF3D8B631FD70491
:10B8000093E74700C1BF83A784F7C19B93E7670015
:10B81000D1B7B724002083A784F703471500C19B45
:10B820000DE793E7470023ACF4F60356A500930514
:10B830004500034535009146EFE0BFE7B7270020FC
:10B84000238A07F403A584F779B593061003E31F51
:10B85000D7FA37270020230A07F493E737009DBF64
:10B86000EFF08FE737270020832787F7954613F6F9
:10B87000F700C19B13E537006314D60013E52700DA
:10B88000232CA7F689BDB724002083A784F703479C
:10B89000150093F7F7F039E74D476390E60493E717
:10B8A00007013727002023ACF4F68347F7FB939674
:10B8B0008701E18663DD060093F7F707A30FF7FA28
:10B8C000B727002003C517FA9145EF60DD8883A7ED
:10B8D00084F7370500015D8DFDBB93E7070223ACBC
:10B8E000F4F6F5B793E70703DDBF3727002083277A
:10B8F00087F77D761306F60FF18F0346150005E2F4
:10B900006D46639BC60093E70710232CF7F6832749
:10B9100087F737050002C1B793E70720FDB793E724
:10B920000730E5B7828003470500930610096307D7
:10B93000D7009307000D6306F70482808346150045
:10B9400039476392E604835645000567130757405D
:10B95000639BE60218459307F0078305370063846D
:10B96000F502B727002083A787AD91CF03A3470037
:10B97000630B03008347270003451700A2075D8D73
:10B9800002836FF0FFCA828001119397050126CAD6
:10B9900006CE22CCC187AE8463DB070CB72700201C
:10B9A00003C517FAEF608DBA2A8419C9B72700209A
:10B9B00083C777F589EFEFF01FF72285EF60EDACD5
:10B9C0002165258DF2406244D2440561828083471F
:10B9D00005001307000D6390E7068347250081E704
:10B9E000EFF07FF409A81547639FE7000347C50000
:10B9F000A147E392E7FCB727002003C5E7FBA28538
:10BA0000EF60CDBC75BF2147E38CE7FC9946639599
:10BA1000D70083477500F1BF1D47E39EE7F8035544
:10BA20004500EF20CEFC51D90347C500A147228530
:10BA3000E313F7F8C9B71307200AE38EE7F61307F5
:10BA40001009E39FE7F803471500B947E31AF7F831
:10BA500003574500856793875740E313F7F8184568
:10BA60008347270003451700A2075D8D5DBF9397AD
:10BA7000150163D20702372600201306C6AD914593
:10BA80001145EF704DE7B727002003C5C79EEF7043
:10BA9000ADE111653DB793F71500D5C3B727002079
:10BAA00083C747F5B5C3EF205EA3B727002083C740
:10BAB00007BD636EF5048D472302F100B727002010
:10BAC00083C757F54C002306F100B727002083C732
:10BAD00047FBA306F100B727002003C517FAEFB014
:10BAE0006DF91DC1B727002003A587F7419913659C
:10BAF000650023ACA7F6B727002083A787AD89C7C9
:10BB00009C4399C38145829713C5140065BDB7272F
:10BB1000002083C767F5B725002019462302F100EE
:10BB2000B727002083C7C7F79385C5F513056100C4
:10BB3000A302F1009740F91FE780806E41B793F7A9
:10BB40002500B1C3B727002083C787F5858B8DCB30
:10BB5000B727002003C517FAEFB01DA315C1B727FB
:10BB6000002003A587F71375F5F023ACA7F6B727D8
:10BB7000002083A787AD89C79C4399C381458297DD
:10BB800013C5240081B593F745000145E38C07E216
:10BB9000B727002083C7F7FB9DCBB727002003C53D
:10BBA00017FAEFB03DA205C537270020032587F718
:10BBB000FD779387F70F7D8DB727002083A787AD8B
:10BBC000232CA7F689C79C4399C38145829713C547
:10BBD0004400CDBB397122DC06DE2A842ECE32CC65
:10BBE00036CA3AC83EC6EF208EE005C9F245624625
:10BBF000B247D24642472314B1022315C1022C108A
:10BC00003E8622852316D1022317E102EF200ECDB6
:10BC10000145F2506254216182805145DDBF01111E
:10BC2000B727002006CEA38EA7D491C52E8532C695
:10BC3000EFE01F9A3246B727002083A787F7B1E3CA
:10BC400009C6B727002023ACC7AC37260020B7258C
:10BC5000002037250020F2400346A6F583C505FAEB
:10BC6000034515FAB727002037270020B726002004
:10BC70009387C7AD130707F9938606F805616FC070
:10BC80007DB0F240454505618280B727002083C71B
:10BC900007BD91EB614582806145B24022449244E8
:10BCA000024941018280411126C2B724002022C4EA
:10BCB00003C414FA06C64AC09307F00FE31EF4FC4F
:10BCC00037C5060013058598EF601DCBA380A4FA45
:10BCD000E30485FCB727002023AC07ACB72700207E
:10BCE000114723AC07F6B72700202380E7FAB724D3
:10BCF0000020EF902DA741468145138504F8974019
:10BD0000F91FE7800059372400204146814513057B
:10BD100004F99740F91FE780C057B7270020238B0D
:10BD200007F4B72700201D47238E07F6B72700200A
:10BD3000A38AE7F437290020B7270020138604F8E8
:10BD4000C1450945238A07FA232E09ACEF70ED8F10
:10BD5000130604F9C1450D45EF702D8F37250020DE
:10BD60004146938504F8130545FA9740F91FE7808B
:10BD7000204B372500204146930504F9130545F66D
:10BD80009740F91FE780C0491306C9AD9145114599
:10BD9000EF70AD8B014511B7FD5737270020A30089
:10BDA000F7FA37270020130787D5A302F7002303EC
:10BDB000F700372700208546230007FA37270020A1
:10BDC000230AD7F4372700209946232E07AC3727BC
:10BDD0000020231AD7F60567130707C8B7260020E7
:10BDE000239FE6F637270020230D07F4372700208E
:10BDF000A30B07F437270020230FF7FA372500207D
:10BE00008D4737270020A30CF7F419463727002069
:10BE100081451305C5F52301F7F61743F91F6700A0
:10BE20004347930705D04111C20722C406C6C18308
:10BE30005D472E84636AF71037D706008A07130719
:10BE400087F5BA979C438287B727002083C707FAF4
:10BE50002300F4003DA0B72500204146938505F856
:10BE600022859740F91FE780A03B21A8B725002035
:10BE70004146938505F9EDB7B727002083A7C7ADE5
:10BE80009CC18147B24022443E8541018280B72552
:10BE900000201946938585FBE1B7B727002083C7AB
:10BEA00047F57DB72E85EFB09DB8E1BF2E85EFB089
:10BEB0009DBAC1BFB727002083C767F551BFB72719
:10BEC000002083C7C7F769B7B725002019469385B7
:10BED000C5F579B7B727002083C757F595BFB727B2
:10BEE000002083C747FBADB7B727002083A787F79C
:10BEF00085B7B727002083C7A7F599BFB7270020CC
:10BF000083D747F72310F400ADBFB727002083D7AE
:10BF1000E7F7CDBFB727002083C797F515BFB72731
:10BF2000002083C727F62DB72E85EFB05DB691BFF1
:10BF3000B727002083C787F593F7F70711BFB72707
:10BF4000002083C7F7FB29B7130700048947E36B79
:10BF5000A7F2EF80FDF92310A40025B79307F5CFD2
:10BF6000C207C183D9462A872E8863ECF62CB7D640
:10BF700006008A07938686FBB6979C43411106C646
:10BF8000B285428582874147E1476310E80437253F
:10BF900000204146130505F89740F91FE780402827
:10BFA00025A04147E1476312E802372500204146BA
:10BFB000130505F9D5B71147E1476318E8001842A2
:10BFC000B727002023AEE7AC8147B2403E85410150
:10BFD00082800547E147E31AE8FEB72700200347C0
:10BFE000060083C647F5238AE7F4814785C671FFBB
:10BFF00037270020032787F789463D8B6305D70045
:10C000009546E314D7FCB727002003C517FAEFB015
:10C010002DBE5DBF5DDB37270020032787F7630652
:10C0200007013D8B7517E362E8FA8545B7270020C5
:10C0300003C517FAEF602D9241BF9307C01C63EE52
:10C04000071F630C061EB24041016FB04DEF93070E
:10C05000C01C63E4071F6302061EB24041016FB0BB
:10C060000DFF0547E147E312E8F603470600A9463E
:10C07000E3EDE6F4B7270020238BE7F4B1B70547DB
:10C08000E147E314E8F4034706008D46E3EFE6F2E8
:10C09000B7270020238EE7F605BF1947E147E316CF
:10C0A000E8F23725002019461305C5F5F5B5054713
:10C0B000E147E31CE8F0034706009D46E3E7E6F0AE
:10C0C000B7270020A38AE7F401B70547E147E31E3D
:10C0D000E8EE034706008D46E3E9E6EEB7270020C9
:10C0E000238AE7FAD5B50547E147E310E8EE0347B1
:10C0F0000600B7270020238DE7F4F9B50947E1478B
:10C10000E315E8EC0356060005671307A7C7930677
:10C11000A6FFC206C182E36AD7EAB7270020239AA6
:10C12000C7F65DB50947E147E311E8EA03560600A3
:10C1300005671307A7C79306A6FFC206C182E36679
:10C14000D7E8B7270020239FC7F6BDBD834506006B
:10C15000B7270020A38CB7F4B727002003C627F623
:10C160000145EF60EEF98DB503460600B7270020C4
:10C170002381C7F6B727002083C597F5D5B7930766
:10C18000C01C63EC070B55CAB24041016FB02DFDD6
:10C190000547E147E31BE8E237270020834687F5A0
:10C1A00083470600858A230CF7F413F6170091C61F
:10C1B000E31C06E0EFB00DC001BDE30706E0B726C3
:10C1C000002083A686F78945B98AE39106E693E7BE
:10C1D00007F8230CF7F4CDBB0547E147E317E8DE8A
:10C1E00037270020834706008346F7FBA30FF7FAA3
:10C1F00091C6E39B07DCEFB0CDBEF9B3E38607DC65
:10C20000B726002083A686F793F6060F99C29145BC
:10C2100031BD93E707F8A30FF7FA7DB39307000446
:10C2200063EFE70089468947E311D8DAB2408355C6
:10C2300006003A8541016F904DA1E14779B38947E6
:10C2400069B39307000463E9A700894689476396A9
:10C25000D50083550600C5B789473E8582806F604B
:10C26000AEE4011122CC41462A84AA850A8506CE75
:10C270009740F91FE780C0FA034524009305340076
:10C28000EF80EDAF2301A1000A85EF600EEDF240D3
:10C290006244056182806F60CEEC6F604EEC0148B5
:10C2A00081476F602EE2011106CE2AC6EF103EF4E0
:10C2B00009C9B245F240034505004D4605616F903E
:10C2C0002D8FF2404945056182806F60AEE36F605B
:10C2D0000EEA6F606EDF6F60CEE96F608EED411128
:10C2E00006C6EF402F8137D50400130545CBEF601C
:10C2F000ADE8EF003E833755040013058551EF602C
:10C30000ADE7EF904D9B379504001305C54AEF60EC
:10C31000ADE6EFD08D9637F5040013058572EF601A
:10C32000ADE5EF304ED637B5060013054532EF6068
:10C33000ADE4EFE00FCF37C504001305E519EF605A
:10C34000ADE3EFF0FDE1B24041016FF04FA94111C3
:10C3500006C6EF901E9C37D50400130545CBEF6051
:10C36000ADE1EF002EFC3755040013058551EF6059
:10C37000ADE0EF904D94379504001305C54AEF608A
:10C38000ADDFEFD08D8F37F5040013058572EF60B8
:10C39000ADDEEF304ECF37B5060013054532EF6006
:10C3A000ADDDEFE00FC837C504001305E519EF60F8
:10C3B000ADDCEFF0FDDAB24041016FC01FB94111B1
:10C3C00006C6EF502FA937D50400130545CBEF6003
:10C3D000ADDAEF002EF53755040013058551EF60F7
:10C3E000ADD9EF904D8D379504001305C54AEF6028
:10C3F000ADD8EFD08D8837F5040013058572EF6056
:10C40000ADD7EF304EC837B5060013054532EF60A3
:10C41000ADD6EFE00FC137C504001305E519EF6095
:10C42000ADD5EFF0FDD3B24041016FF01F86411151
:10C4300006C6EFE06ECAB727002083C717FA1307B6
:10C44000D00FFD1793F7F70F6372F70637D5040087
:10C45000130545CBEF604DD2EF00CEEC375504000D
:10C4600013058551EF604DD1EF90ED8437950400B1
:10C470001305C54AEF604DD0EFD02D8037F504008D
:10C4800013058572EF604DCFEF30EEBF37B5060074
:10C4900013054532EF604DCEEFE0AFB837C504006D
:10C4A0001305E519EF604DCDEFF09DCBB240410192
:10C4B0006FC07FDF41113707002006C6B707002095
:10C4C0001307E74C98C33717002013076721D8C319
:10C4D000371700201307C71D37260020B705002097
:10C4E0003705040098C71306C68D93850504130508
:10C4F000052B9740F91FE780E0B137260020B725CC
:10C50000002037D506001306869F9385C58D130539
:10C51000C5149740F91FE780E0AFB24041011743CF
:10C52000F91F670043B09781F91F9381A1AD17A14F
:10C53000F91F1301212D1745FDFF1305A5D49745BC
:10C54000F91F938525AD1746F91F1306A6AF63FCA7
:10C55000C5008322050023A0550011059105E3EADB
:10C56000C5FEEFF03FF57300203011CE93070002B7
:10C57000918F635BF0003355C500B397F50033D658
:10C58000C5005D8DB2858280130506FE014633D558
:10C59000A500B285CDBF11CE93070002918F635BDA
:10C5A000F000B395C500B357F5003316C500DD8D17
:10C5B00032858280930506FE0146B315B5003285AB
:10C5C000CDBFB687B2882A832E88639D061463F98F
:10C5D000C50A4167636EE61AB70700016363F63464
:10C5E00093568601E147171700001307E7A2369715
:10C5F00003470700BA97130700021D8F19CB339822
:10C60000E500B357F500B318E60033E8070133132C
:10C61000E50013D608013355C80293960801C1827C
:10C62000935703013377C802B385A60242073368E4
:10C63000F700637AB80046989307F5FF6364180122
:10C640006367B8303E853308B8403357C8024203A9
:10C65000135303013378C802B386E60242083368F5
:10C660006800637BD80046989307F7FF636518015D
:10C6700079176363D8003E874205598D81458280D2
:10C6800001E60547B358C702416763EAE80EB707FA
:10C69000000163ECF82893D68801E14717170000E2
:10C6A00013078797369783460700BE9693070002C5
:10C6B000958FE5EB939E08013387154113DF080141
:10C6C00093DE0E018545935703013355E703337716
:10C6D000E703B306D5034207D98F63FAD700C6979D
:10C6E0001307F5FF63E4170163E6D7263A85958FB4
:10C6F00033D7E703420313530301B3F7E703B30E42
:10C70000D703C207B3E7670063FBD701C697930659
:10C71000F7FF63E51701791763E3D7013687420511
:10C72000598D828063E2D504C16763E2F604B707DE
:10C73000000163E4F61E13D78601614897170000D5
:10C740009387878DBA9703C70700130E000242979D
:10C75000330EEE40631A0E0C63EDB61C3335C50084
:10C7600013451500814582808145014582809307EC
:10C77000F00F63F3D71C13D786002148C1B7130706
:10C78000F00FC686E37C17F193D68800A14739B72E
:10C790001307F00FB286E378C7E493568600A147EB
:10C7A00099B5B398F80033D6D50013DF0801335E8E
:10C7B000E6033397F500B356D500558F939E0801D5
:10C7C00093DE0E013313F50093550701B376E603AC
:10C7D000B387CE03C206CD8E63FBF600C696130662
:10C7E000FEFF63E4161763F2F616791EC6969D8E59
:10C7F00033D6E60393170701C183B3F6E603338507
:10C80000CE02139706015D8F637BA70046979307BF
:10C81000F6FF636817136376A71279164697931588
:10C820000E01098FD18D45B5B357E600B396C60109
:10C83000DD8E33D3E50013DF0601B357E303939E88
:10C84000060193DE0E013398C5013357E5003368C6
:10C850000701935808013316C6013373E303B38508
:10C86000FE024203B368130163FBB800B698138756
:10C87000F7FF63EAD80C63F8B80CF917B698B388D9
:10C88000B84033D7E803420813580801B3F8E80367
:10C890003383EE02C208B3E5080163FB6500B69579
:10C8A0001308F7FF63EDD50863FB65087917B695A4
:10C8B000C207416FD98F1307FFFFB3F6E70093D884
:10C8C0000701718F4182B38EE602B3856540B3865E
:10C8D000C60213D80E013387E802BA96C296338691
:10C8E000C80263F3E6007A9693D80601469663E29F
:10C8F000C5026385C5003E858145828041677D17FD
:10C90000F98EC206B3FEEE003315C501F696E37448
:10C91000D5FE1385F7FF8145828013D70601414874
:10C9200031BD93560601C1477DB993D60801C14771
:10C93000B5B38145054582803687014801B54287F8
:10C9400085BF3E86E9BDBA871DBF328E4DB57915CC
:10C950004698D5B97915C69759BBB3C7A5008D8B35
:10C960003307C50081E78D4763EEC700AA87637070
:10C97000E50A83C6050085078505A38FD7FEE3EA90
:10C98000E7FE828093763500AA8791CA83C60500A8
:10C9900085078505A38FD7FE93F63700FDB79376FD
:10C9A000C7FF138606FE63F0C70683A3050083A2B4
:10C9B000450083AF850003AFC50083AE050103AE1C
:10C9C000450103A3850183A8C5019385450223A0E2
:10C9D000770003A8C5FF23A2570023A4F70123A6CD
:10C9E000E70123A8D70123AAC70123AC670023AE20
:10C9F00017019387470223AE07FF75B79041910750
:10CA0000910523AEC7FEE3EBD7FEE3E4E7F68280B1
:10CA1000F401FA00960064004B0032001E0014007E
:10CA2000FB349B5F800000800010000000000000CD
:10CA3000E08504005A860400D2860400D2860400F1
:10CA40006E860400D28604008A860400A88604004C
:10CA5000D2860400BE860400BA870400DA87040088
:10CA600056880400EC8704005688040056880400A9
:10CA7000568804000E880400568804005688040076
:10CA80005688040032880400AC3C040066A0040010
:10CA9000E63C0400FEAE0400623D0400CAAE0400A1
:10CAA0001C3E040096AE0400B83E040012BA040016
:10CAB000063F040012BA0400603F040064B9040099
:10CAC0001C3E040036AE0400F43F040086B10400AE
:10CAD00000000000000000003E40040012B204000C
:10CAE000B0400400EAA0040098EF040098EF0400AE
:10CAF000BEEF0400D6EF0400DEEF0400E6EF040012
:10CB0000EEEF0400F6EF0400FEEF040006F0040070
:10CB10000EF0040048F0040050F0040016F0040089
:10CB200001010201020101020102040406010401E3
:10CB300001010101040402010400000001010201DD
:10CB400002010102010104040601040101010101C5
:10CB500004010201010000007AFE040086FE0400C8
:10CB6000C8FE0400EEFF0400F8FF04003C000500CE
:10CB70007E000500BC000500F40005008EFF0400E7
:10CB800028010500B4010500180E0500F60D05008A
:10CB90001811050074110500801405009A12050093
:10CBA000E0120500241305005C130500A013050026
:10CBB000F60D0500E41305005A14050000000000FE
:10CBC000000000000000000000000087070B0D11AE
:10CBD00013171D1F25292B2F353B3D4347494F5325
:10CBE0005961FF00EE550500225605004257050029
:10CBF00072550500E2570500C25805005C58050053
:10CC000028590500CE59050084550500F256050047
:10CC10009A560500A85805009EB705000EC90500E4
:10CC200074B8050070C9050098B8050038B905004A
:10CC300066B90500AAB905007AC80500EAC705006B
:10CC40000ABB050036BB0500A8BB05004EBC0500AD
:10CC50005AC705006CC605007AC50500FAA805008C
:10CC600000BD050054BD05008ACC050022CC05009E
:10CC700086BD05002EBF050082C005000CC1050061
:10CC800038C10500E0CC0500E4CC0500CEC10500AC
:10CC900010C20500E8CC0500ECCC0500F0CC050086
:10CCA000F4CC0500DCCA05005AC2050034C30500F7
:10CCB000F8CC0500FCCC0500E0C3050040C505002C
:10CCC00086D5050066CD05001CCD050038D20500CF
:10CCD00008D20500DAD105009AD105006CD1050013
:10CCE0004AD305004ED30500E6CF050052D3050018
:10CCF000A6CF050056D3050084CF05005AD3050002
:10CD000058CF050048CF050010CF05005ED30500C1
:10CD1000EECE050062D3050066D305006AD3050098
:10CD20006ED3050020CD050034CD050072D305007B
:10CD300076D305007AD305007ED3050042D30500E3
:10CD400084CE0500FACD050046D30500E0D20500EB
:10CD50007ED2050038CD050043483539785F424C16
:10CD6000455F4C49425F56312E342E34000000009E
:10CD70007266322E346700006AA1060078A10600B0
:10CD800084A106008EA1060098A10600B8A10600A5
:10CD9000C4A10600CEA10600DAA10600E4A10600A7
:10CDA000EEA10600F8A1060002A206000EA20600EF
:10CDB00018A2060022A2060088A206002CA20600E5
:10CDC00036A2060040A206004AA206005EA20600A5
:10CDD00088A2060088A2060088A2060088A2060093
:10CDE00088A2060088A2060088A2060088A2060083
:10CDF00068A2060054A2060088A2060072A20600DD
:10CE00007EA206002EA9060062A9060088A90600D7
:10CE1000A2A90600BAA90600D6A90600F8A906002C
:10CE20000CAA06002AAA060044AA060060AA060068
:10CE30007AAA060092AA0600A6AA0600C2AA0600BE
:10CE4000D6AA0600F4AA0600B8AC0600D0AC0600CC
:10CE5000EAAC06000CAD0600BCAE060068AD0600EC
:10CE600018AB060082AD060096AD060074AB060056
:10CE700074AB06004CAC06005AAC06009EAD060032
:10CE800036AD0600B2AD06002CAE060082AE06003E
:10CE900006B3060030AF060030AF06003CB2060015
:10CEA000D4AF060012AF0600FCB2060030AF060099
:10CEB000DAB106007CB2060030AF060030AF0600E3
:10CEC00030AF060030AF060030AF060030AF0600CE
:10CED00030AF060030AF060030AF060030AF0600BE
:10CEE00090AF06005AB606004AB706001AB7060009
:10CEF00088B7060088B7060012B8060060B80600BA
:10CF00004AB706004AB706004AB706004AB7060005
:10CF10004AB706004AB706004AB706004AB70600F5
:10CF20004AB706004AB706004AB706004AB70600E5
:10CF300086B8060086B806004AB706004AB706005B
:10CF40004AB706004AB706004AB706004AB70600C5
:10CF5000EAB80600EAB8060048BE060056BE06005B
:10CF60006CBE060078BE06008EBE06009ABE0600A5
:10CF7000A4BE0600ACBE0600B4BE0600BEBE0600DF
:10CF8000C8BE0600D4BE0600DEBE0600E8BE06002F
:10CF9000F2BE060048BF060048BF0600FCBE060001
:10CFA0000ABF060014BF06001EBF060028BF060009
:10CFB00030BF06003EBF060086BF0600A2BF0600C7
:10CFC000B6BF06001CC20600D2BF06003AC006006B
:10CFD0004EC0060062C006007EC006009AC0060071
:10CFE000AEC00600CAC006001CC20600E6C00600AD
:10CFF0001CC206001CC20600FCC0060024C10600BC
:10D000004CC1060068C106007EC1060090C1060042
:10D01000D8C1060000010202030303030404040450
:10D0200004040404050505050505050505050505B4
:10D030000505050506060606060606060606060694
:10D040000606060606060606060606060606060680
:10D050000606060607070707070707070707070764
:10D060000707070707070707070707070707070750
:10D070000707070707070707070707070707070740
:10D080000707070707070707070707070707070730
:10D090000707070708080808080808080808080814
:10D0A0000808080808080808080808080808080800
:10D0B00008080808080808080808080808080808F0
:10D0C00008080808080808080808080808080808E0
:10D0D00008080808080808080808080808080808D0
:10D0E00008080808080808080808080808080808C0
:10D0F00008080808080808080808080808080808B0
:10D10000080808080808080808080808080808089F
:04D1100008080808FB
:08D114000200000030D106000A
:02D11C00012AE6
:02D12000A62A3D
:02D124000328DE
:02D128000229DA
:02D12C00002AD7
:02D130000018E5
:02D134000118E0
:02D138000228CB
:02D13C00042AC3
:02D140000028C5
:02D144000128C0
:02D14800052AB6
:10D14C000200000040D106000100000014D10600CE
:10D15C000200000024D1060001000000CF190020BD
:10D16C00020000002CD106000100000000000000AD
:10D17C000200000024D1060001000000CC190020A0
:10D18C00020000001CD10600010000004C1A002017
:10D19C000200000024D1060001000000D01900207C
:10D1AC00020000003CD1060001000000D419002050
:10D1BC000200000024D1060001000000CE1900205E
:10D1CC000200000020D1060001000000CD19002053
:10D1DC006E810400C4820400000000000200000004
:10D1EC0040D1060001000000E01900200200000000
:10D1FC0024D1060001000000EB1900200200000001
:10D20C0048D10600000000000000000002000000F1
:10D21C0028D1060003000000000000000000000000
:10D22C00A6A204000000000000000000C3812F0132
:10D23C0002010202020000005000A0000000E803FE
:10D24C00FFFFFF000200000034D106000100FF20A8
:0CD25C00010502010110010100000000AA
:0400000340000000B9
:00000001FF
